#pragma once

#include <Arduino.h>

constexpr uint16_t PHOTO_WIDTH = 800;
constexpr uint16_t PHOTO_HEIGHT = 480;

const uint8_t PROGMEM PHOTO_BITMAP[] = {
  0x00, 0x00, 0x00, 0x00, 0x00, 0x00, 0x00, 0x00, 0x00, 0x00, 0x00, 0x00, 0x00, 0x00, 0x00, 0x00,
  0x00, 0x00, 0x00, 0x00, 0x00, 0x00, 0x00, 0x00, 0x00, 0x00, 0x01, 0xFF, 0xFF, 0xFF, 0xFF, 0xFF,
  0xFF, 0xFF, 0xFF, 0xFF, 0xFF, 0xFF, 0xFF, 0xFF, 0xFF, 0xFF, 0xFF, 0xFF, 0xFF, 0xFF, 0xFF, 0xFF,
  0xFF, 0xFF, 0xFF, 0xFF, 0xFF, 0xFF, 0xFF, 0xFF, 0xFF, 0xFF, 0xFF, 0xFF, 0xFF, 0xFF, 0xFF, 0xFF,
  0xFF, 0xFF, 0xFF, 0xFF, 0xFF, 0xFF, 0xFF, 0xFF, 0xFF, 0x80, 0x00, 0x00, 0x00, 0x00, 0x00, 0x00,
  0x00, 0x00, 0x00, 0x00, 0x00, 0x00, 0x00, 0x00, 0x00, 0x00, 0x00, 0x00, 0x00, 0x00, 0x00, 0x00,
  0x00, 0x00, 0x00, 0x00, 0x00, 0x00, 0x00, 0x00, 0x00, 0x00, 0x00, 0x00, 0x00, 0x00, 0x00, 0x00,
  0x00, 0x00, 0x00, 0x00, 0x00, 0x00, 0x00, 0x00, 0x00, 0x00, 0x00, 0x00, 0x00, 0x00, 0x01, 0xFF,
  0xFF, 0xFF, 0xFF, 0xFF, 0xFD, 0xAA, 0xAA, 0xAA, 0xAA, 0xAA, 0xAA, 0xAA, 0xAA, 0xAD, 0xB6, 0xDB,
  0xFF, 0xFF, 0xFF, 0xFD, 0x55, 0x55, 0xAD, 0x55, 0x55, 0x5B, 0x6D, 0xDF, 0xFF, 0xF6, 0xAD, 0xFF,
  0xFF, 0xED, 0xAA, 0xD6, 0xB6, 0xDB, 0x6D, 0xB6, 0xDB, 0x6D, 0xB6, 0xD6, 0xDB, 0x00, 0x00, 0x00,
  0x00, 0x00, 0x00, 0x00, 0x00, 0x00, 0x00, 0x00, 0x00, 0x00, 0x00, 0x00, 0x00, 0x00, 0x00, 0x00,
  0x00, 0x00, 0x00, 0x00, 0x00, 0x00, 0x00, 0x00, 0x00, 0x00, 0x00, 0x00, 0x00, 0x00, 0x00, 0x00,
  0x00, 0x00, 0x00, 0x00, 0x00, 0x00, 0x00, 0x00, 0x00, 0x00, 0x00, 0x00, 0x00, 0x00, 0x00, 0x00,
  0x00, 0x00, 0x01, 0xFF, 0xFF, 0xFF, 0xFF, 0xFF, 0xDF, 0xFF, 0xF7, 0xDF, 0x7D, 0xF7, 0xFD, 0xFF,
  0xFF, 0xFF, 0xFF, 0xF7, 0xFF, 0xFF, 0xFF, 0xF7, 0xFF, 0xFF, 0xFF, 0xFF, 0xFF, 0xFE, 0xFF, 0x7B,
  0x7F, 0xBF, 0xFF, 0xBF, 0xF6, 0xBF, 0x7F, 0xFF, 0xFF, 0xFF, 0xFF, 0xFF, 0xFF, 0xFF, 0xFF, 0xBF,
  0xBF, 0x80, 0x00, 0x00, 0x00, 0x00, 0x00, 0x00, 0x00, 0x00, 0x00, 0x00, 0x00, 0x00, 0x00, 0x00,
  0x00, 0x00, 0x00, 0x00, 0x00, 0x00, 0x00, 0x00, 0x00, 0x00, 0x00, 0x00, 0x00, 0x00, 0x00, 0x00,
  0x00, 0x00, 0x00, 0x00, 0x00, 0x00, 0x00, 0x00, 0x00, 0x00, 0x00, 0x00, 0x00, 0x00, 0x00, 0x00,
  0x00, 0x00, 0x00, 0x00, 0x00, 0x00, 0x01, 0xFF, 0xFF, 0xFF, 0xFF, 0xFF, 0xF5, 0x55, 0x5D, 0x75,
  0xD7, 0x5D, 0x57, 0x55, 0x56, 0xD5, 0x6D, 0xBF, 0xFF, 0xFF, 0xFF, 0xFD, 0x55, 0xB6, 0xB5, 0xB6,
  0xDB, 0x6B, 0xD7, 0xFF, 0xED, 0xFA, 0xF7, 0xFB, 0x7F, 0xF5, 0xED, 0x5A, 0xD5, 0x5B, 0x6D, 0xB7,
  0x6D, 0xB6, 0xDA, 0xF5, 0xED, 0x80, 0x00, 0x00, 0x00, 0x00, 0x00, 0x00, 0x00, 0x00, 0x00, 0x00,
  0x00, 0x00, 0x00, 0x00, 0x00, 0x00, 0x00, 0x00, 0x00, 0x00, 0x00, 0x00, 0x00, 0x00, 0x00, 0x00,
  0x00, 0x00, 0x00, 0x00, 0x00, 0x00, 0x00, 0x00, 0x00, 0x00, 0x00, 0x00, 0x00, 0x00, 0x00, 0x00,
  0x00, 0x00, 0x00, 0x00, 0x00, 0x00, 0x00, 0x00, 0x00, 0x00, 0x01, 0xFF, 0xFF, 0xFF, 0xFF, 0xFE,
  0xFF, 0xFF, 0xEF, 0xBE, 0xFB, 0xEF, 0xFB, 0xFF, 0xFF, 0xFF, 0xFF, 0xDF, 0xFF, 0xFF, 0xFF, 0xF7,
  0xFF, 0x7D, 0xFF, 0xFD, 0xEF, 0xFF, 0x7D, 0xB7, 0xFF, 0xDF, 0xBF, 0xFF, 0xDB, 0x6F, 0xBF, 0xFF,
  0xFF, 0xFF, 0xFF, 0xFD, 0xFF, 0xFF, 0xF7, 0xDF, 0x7F, 0x00, 0x00, 0x00, 0x00, 0x00, 0x00, 0x00,
  0x00, 0x00, 0x00, 0x00, 0x00, 0x00, 0x00, 0x00, 0x00, 0x00, 0x00, 0x00, 0x00, 0x00, 0x00, 0x00,
  0x00, 0x00, 0x00, 0x00, 0x00, 0x00, 0x00, 0x00, 0x00, 0x00, 0x00, 0x00, 0x00, 0x00, 0x00, 0x00,
  0x00, 0x00, 0x00, 0x00, 0x00, 0x00, 0x00, 0x00, 0x00, 0x00, 0x00, 0x00, 0x00, 0x00, 0x01, 0xFF,
  0xFF, 0xFF, 0xFF, 0xFF, 0xAD, 0xAA, 0xB5, 0xD5, 0xAD, 0x5A, 0xAE, 0xAA, 0xB5, 0x7F, 0x6D, 0x7F,
  0xFF, 0xFF, 0xFF, 0xEE, 0xDB, 0xD7, 0xAA, 0xAF, 0x7A, 0xAD, 0xEF, 0xFE, 0xDB, 0x7F, 0xFE, 0xEF,
  0xFF, 0xFD, 0xEB, 0x6B, 0x5B, 0xB5, 0xB6, 0xDF, 0xB5, 0x55, 0x5F, 0x7B, 0xDB, 0x80, 0x00, 0x00,
  0x00, 0x00, 0x00, 0x00, 0x00, 0x00, 0x00, 0x00, 0x00, 0x00, 0x00, 0x00, 0x00, 0x00, 0x00, 0x00,
  0x00, 0x00, 0x00, 0x00, 0x00, 0x00, 0x00, 0x00, 0x00, 0x00, 0x00, 0x00, 0x00, 0x00, 0x00, 0x00,
  0x00, 0x00, 0x00, 0x00, 0x00, 0x00, 0x00, 0x00, 0x00, 0x00, 0x00, 0x00, 0x00, 0x00, 0x00, 0x00,
  0x00, 0x00, 0x01, 0xFF, 0xFF, 0xFF, 0xFF, 0xFB, 0xFE, 0xFF, 0xDE, 0xBF, 0x77, 0xFF, 0xFB, 0xFF,
  0xFF, 0xD5, 0xFF, 0xFF, 0xFF, 0xFF, 0xFF, 0xFB, 0xEE, 0xFE, 0xFF, 0xF5, 0xDF, 0xFF, 0x7B, 0x6F,
  0xFF, 0xFB, 0xFF, 0xFD, 0x6A, 0xAE, 0xBF, 0xFF, 0xFE, 0xFF, 0xFF, 0xF6, 0xFF, 0xFF, 0xFB, 0xEE,
  0xFE, 0x80, 0x00, 0x00, 0x00, 0x00, 0x00, 0x00, 0x00, 0x00, 0x00, 0x00, 0x00, 0x00, 0x00, 0x00,
  0x00, 0x00, 0x00, 0x00, 0x00, 0x00, 0x00, 0x00, 0x00, 0x00, 0x00, 0x00, 0x00, 0x00, 0x00, 0x00,
  0x00, 0x00, 0x00, 0x00, 0x00, 0x00, 0x00, 0x00, 0x00, 0x00, 0x00, 0x00, 0x00, 0x00, 0x00, 0x00,
  0x00, 0x00, 0x00, 0x00, 0x00, 0x00, 0x01, 0xFF, 0xFF, 0xFF, 0xFF, 0xFF, 0x6B, 0xAA, 0xB7, 0xEB,
  0xDD, 0x55, 0x5D, 0x55, 0x5B, 0xFF, 0xDB, 0xFF, 0xFF, 0xFF, 0xFF, 0xAE, 0xBB, 0xB7, 0xB6, 0xBF,
  0x76, 0xD5, 0xDF, 0xFB, 0x6B, 0x7F, 0x77, 0xB7, 0xFF, 0xFB, 0xF5, 0xAD, 0x6F, 0xDA, 0xAB, 0x7F,
  0xDB, 0xB7, 0x6E, 0xBF, 0xB7, 0x80, 0x00, 0x00, 0x00, 0x00, 0x00, 0x00, 0x00, 0x00, 0x00, 0x00,
  0x00, 0x00, 0x00, 0x00, 0x00, 0x00, 0x00, 0x00, 0x00, 0x00, 0x00, 0x00, 0x00, 0x00, 0x00, 0x00,
  0x00, 0x00, 0x00, 0x00, 0x00, 0x00, 0x00, 0x00, 0x00, 0x00, 0x00, 0x00, 0x00, 0x00, 0x00, 0x00,
  0x00, 0x00, 0x00, 0x00, 0x00, 0x00, 0x00, 0x00, 0x00, 0x00, 0x01, 0xFF, 0xFF, 0xFF, 0xFF, 0xED,
  0xFE, 0xFF, 0xFA, 0xBD, 0x77, 0xFF, 0xEF, 0xFF, 0xFE, 0xFF, 0x7E, 0xFF, 0xFF, 0xFF, 0xFF, 0xFB,
  0xFF, 0xFA, 0xFB, 0xED, 0xDF, 0xFF, 0xF5, 0xBF, 0xFF, 0xFF, 0xFE, 0xFE, 0xAB, 0x6F, 0x6F, 0xFF,
  0xFB, 0x7F, 0xFF, 0xDB, 0x7E, 0xFD, 0xFF, 0xF5, 0xFD, 0x80, 0x00, 0x00, 0x00, 0x00, 0x00, 0x00,
  0x00, 0x00, 0x00, 0x00, 0x00, 0x00, 0x00, 0x00, 0x00, 0x00, 0x00, 0x00, 0x00, 0x00, 0x00, 0x00,
  0x00, 0x00, 0x00, 0x00, 0x00, 0x00, 0x00, 0x00, 0x00, 0x00, 0x00, 0x00, 0x00, 0x00, 0x00, 0x00,
  0x00, 0x00, 0x00, 0x00, 0x00, 0x00, 0x00, 0x00, 0x00, 0x00, 0x00, 0x00, 0x00, 0x00, 0x01, 0xFF,
  0xFF, 0xFF, 0xFF, 0xFF, 0xAB, 0xAA, 0xAF, 0xD7, 0xDD, 0x55, 0x75, 0x55, 0xAF, 0xAD, 0xEF, 0xFF,
  0xFF, 0xFF, 0xFF, 0x5E, 0xD5, 0x5F, 0xAF, 0x77, 0x7A, 0xB6, 0xBF, 0xEF, 0x5B, 0x6F, 0xFF, 0xED,
  0xFE, 0xFB, 0xFD, 0x6A, 0xAF, 0xD6, 0xED, 0x7F, 0xEF, 0xDF, 0xB5, 0xBF, 0x57, 0x80, 0x00, 0x00,
  0x00, 0x00, 0x00, 0x00, 0x00, 0x00, 0x00, 0x00, 0x00, 0x00, 0x00, 0x00, 0x00, 0x00, 0x00, 0x00,
  0x00, 0x00, 0x00, 0x00, 0x00, 0x00, 0x00, 0x00, 0x00, 0x00, 0x00, 0x00, 0x00, 0x00, 0x00, 0x00,
  0x00, 0x00, 0x00, 0x00, 0x00, 0x00, 0x00, 0x00, 0x00, 0x00, 0x00, 0x00, 0x00, 0x00, 0x00, 0x00,
  0x00, 0x00, 0x01, 0xFF, 0xFF, 0xFF, 0xFF, 0xBB, 0x7E, 0xFF, 0xF5, 0x7D, 0x77, 0xFF, 0xBF, 0xFF,
  0xFB, 0xFF, 0xFF, 0xFF, 0xFF, 0xFF, 0xFF, 0xF7, 0xFF, 0xF5, 0xFD, 0xDD, 0xEF, 0xFD, 0xED, 0x7B,
  0xFF, 0xFF, 0xDB, 0x7B, 0xB7, 0xAE, 0xAF, 0xFF, 0xFD, 0x7F, 0xBF, 0xED, 0xBB, 0x76, 0xFF, 0xED,
  0xFE, 0x80, 0x00, 0x00, 0x00, 0x00, 0x00, 0x00, 0x00, 0x00, 0x00, 0x00, 0x00, 0x00, 0x00, 0x00,
  0x00, 0x00, 0x00, 0x00, 0x00, 0x00, 0x00, 0x00, 0x00, 0x00, 0x00, 0x00, 0x00, 0x00, 0x00, 0x00,
  0x00, 0x00, 0x00, 0x00, 0x00, 0x00, 0x00, 0x00, 0x00, 0x00, 0x00, 0x00, 0x00, 0x00, 0x00, 0x00,
  0x00, 0x00, 0x00, 0x00, 0x00, 0x00, 0x01, 0xFF, 0xFF, 0xFF, 0xFF, 0xFF, 0xD7, 0x55, 0x5F, 0xD7,
  0xFE, 0xAA, 0xEA, 0xAD, 0x6E, 0xEE, 0xDF, 0xFF, 0xFF, 0xFF, 0xFF, 0xBA, 0xAD, 0xBF, 0x6F, 0x77,
  0xBB, 0x57, 0xBF, 0xDF, 0xD5, 0x7F, 0x7F, 0xDE, 0xFD, 0xFB, 0xFB, 0x5B, 0x6F, 0xF5, 0xF6, 0xFF,
  0xFF, 0xDF, 0xAD, 0x7F, 0xBB, 0x80, 0x00, 0x00, 0x00, 0x00, 0x00, 0x00, 0x00, 0x00, 0x00, 0x00,
  0x00, 0x00, 0x00, 0x00, 0x00, 0x00, 0x00, 0x00, 0x00, 0x00, 0x00, 0x00, 0x00, 0x00, 0x00, 0x00,
  0x00, 0x00, 0x00, 0x00, 0x00, 0x00, 0x00, 0x00, 0x00, 0x00, 0x00, 0x00, 0x00, 0x00, 0x00, 0x00,
  0x00, 0x00, 0x00, 0x00, 0x00, 0x00, 0x00, 0x00, 0x00, 0x00, 0x01, 0xFF, 0xFF, 0xFF, 0xFF, 0xDA,
  0xFB, 0xFF, 0xF5, 0x7D, 0xAB, 0xFF, 0xBF, 0xFB, 0xDF, 0xBB, 0xFF, 0xFF, 0xFF, 0xFF, 0xFF, 0xEF,
  0xFF, 0x6B, 0xBB, 0xDE, 0xEF, 0xFE, 0xEB, 0x7D, 0xFF, 0xFF, 0xF5, 0x6B, 0xAF, 0x6F, 0x6F, 0xFF,
  0xFB, 0x5F, 0x7F, 0xAA, 0xD5, 0x7A, 0xFF, 0xD5, 0xEF, 0x80, 0x00, 0x00, 0x00, 0x00, 0x00, 0x00,
  0x00, 0x00, 0x00, 0x00, 0x00, 0x00, 0x00, 0x00, 0x00, 0x00, 0x00, 0x00, 0x00, 0x00, 0x00, 0x00,
  0x00, 0x00, 0x00, 0x00, 0x00, 0x00, 0x00, 0x00, 0x00, 0x00, 0x00, 0x00, 0x00, 0x00, 0x00, 0x00,
  0x00, 0x00, 0x00, 0x00, 0x00, 0x00, 0x00, 0x00, 0x00, 0x00, 0x00, 0x00, 0x00, 0x00, 0x01, 0xFF,
  0xFF, 0xFF, 0xFE, 0xFF, 0x5D, 0x55, 0x5F, 0xDF, 0xFF, 0x6D, 0xEB, 0x6E, 0xF5, 0xFF, 0x7F, 0xFF,
  0xFF, 0xFF, 0xFF, 0xFB, 0x6B, 0xFD, 0xEE, 0xF7, 0xBA, 0xB7, 0xBF, 0xF7, 0x6E, 0xEF, 0xDF, 0xFE,
  0xF5, 0xDD, 0xFA, 0xD5, 0xAF, 0xFB, 0xD5, 0xFF, 0xFF, 0xEF, 0xEB, 0x7F, 0x7D, 0x80, 0x00, 0x00,
  0x00, 0x00, 0x00, 0x00, 0x00, 0x00, 0x00, 0x00, 0x00, 0x00, 0x00, 0x00, 0x00, 0x00, 0x00, 0x00,
  0x00, 0x00, 0x00, 0x00, 0x00, 0x00, 0x00, 0x00, 0x00, 0x00, 0x00, 0x00, 0x00, 0x00, 0x00, 0x00,
  0x00, 0x00, 0x00, 0x00, 0x00, 0x00, 0x00, 0x00, 0x00, 0x00, 0x00, 0x00, 0x00, 0x00, 0x00, 0x00,
  0x00, 0x00, 0x01, 0xFF, 0xFF, 0xFF, 0xFF, 0xD5, 0xEF, 0xFF, 0xF6, 0xF5, 0x6D, 0xF7, 0x7E, 0xFB,
  0xBF, 0x57, 0xFF, 0xFF, 0xFF, 0xFF, 0xFF, 0xDD, 0xDD, 0x57, 0x7B, 0xBA, 0xEF, 0xED, 0xF6, 0xDF,
  0xFB, 0xFE, 0xFA, 0xAB, 0xBF, 0x77, 0x5F, 0xBF, 0xFD, 0x6E, 0xFF, 0x6E, 0xB7, 0x7D, 0xBF, 0xED,
  0xDF, 0x00, 0x00, 0x00, 0x00, 0x00, 0x00, 0x00, 0x00, 0x00, 0x00, 0x00, 0x00, 0x00, 0x00, 0x00,
  0x00, 0x00, 0x00, 0x00, 0x00, 0x00, 0x00, 0x00, 0x00, 0x00, 0x00, 0x00, 0x00, 0x00, 0x00, 0x00,
  0x00, 0x00, 0x00, 0x00, 0x00, 0x00, 0x00, 0x00, 0x00, 0x00, 0x00, 0x00, 0x00, 0x00, 0x00, 0x00,
  0x00, 0x00, 0x00, 0x00, 0x00, 0x00, 0x01, 0xFF, 0xFF, 0xFF, 0xFB, 0x7F, 0x75, 0x55, 0x5F, 0xBF,
  0xFF, 0xBD, 0xD7, 0xAF, 0xED, 0xFD, 0xFF, 0xFF, 0xFF, 0xFF, 0xFF, 0xF7, 0x77, 0xFD, 0xAE, 0xDF,
  0xBD, 0xBE, 0xBF, 0xFD, 0xDF, 0xBB, 0xEF, 0xFE, 0xED, 0xFD, 0xF6, 0xF6, 0xB7, 0xFB, 0xB7, 0xFB,
  0xFD, 0xEF, 0xF6, 0xBF, 0xF5, 0x80, 0x00, 0x00, 0x00, 0x00, 0x00, 0x00, 0x00, 0x00, 0x00, 0x00,
  0x00, 0x00, 0x00, 0x00, 0x00, 0x00, 0x00, 0x00, 0x00, 0x00, 0x00, 0x00, 0x00, 0x00, 0x00, 0x00,
  0x00, 0x00, 0x00, 0x00, 0x00, 0x00, 0x00, 0x00, 0x00, 0x00, 0x00, 0x00, 0x00, 0x00, 0x00, 0x00,
  0x00, 0x00, 0x00, 0x00, 0x00, 0x00, 0x00, 0x00, 0x00, 0x00, 0x01, 0xFF, 0xFF, 0xFF, 0xFF, 0xF6,
  0xDF, 0xFF, 0xFA, 0xF7, 0xB6, 0xEF, 0x7D, 0xFA, 0xBF, 0xBF, 0xFF, 0xFF, 0xFF, 0xFF, 0xFF, 0xFD,
  0xDD, 0x57, 0xFB, 0xF5, 0xEE, 0xEB, 0xEA, 0xB7, 0xFD, 0xFF, 0xFD, 0xAF, 0xBB, 0xAF, 0xBD, 0xDF,
  0xFD, 0xAF, 0xFD, 0x5F, 0x6F, 0xBB, 0x5F, 0xF6, 0xBF, 0x80, 0x00, 0x00, 0x00, 0x00, 0x00, 0x00,
  0x00, 0x00, 0x00, 0x00, 0x00, 0x00, 0x00, 0x00, 0x00, 0x00, 0x00, 0x00, 0x00, 0x00, 0x00, 0x00,
  0x00, 0x00, 0x00, 0x00, 0x00, 0x00, 0x00, 0x00, 0x00, 0x00, 0x00, 0x00, 0x00, 0x00, 0x00, 0x00,
  0x00, 0x00, 0x00, 0x00, 0x00, 0x00, 0x00, 0x00, 0x00, 0x00, 0x00, 0x00, 0x00, 0x00, 0x01, 0xFF,
  0xFF, 0xFF, 0xFE, 0xDD, 0xF5, 0x56, 0xDF, 0xDE, 0xFF, 0xFB, 0xEF, 0x6F, 0xF5, 0xEF, 0xFF, 0xFF,
  0xFF, 0xFF, 0xFF, 0xFF, 0x77, 0xFD, 0x5E, 0xBE, 0xBB, 0xBF, 0x7F, 0xFE, 0xDF, 0xB7, 0xB7, 0xFA,
  0xEE, 0xFA, 0xEF, 0x7A, 0xD7, 0xFD, 0x57, 0xF7, 0xFB, 0x7F, 0xFA, 0xDF, 0xED, 0x80, 0x00, 0x00,
  0x00, 0x00, 0x00, 0x00, 0x00, 0x00, 0x00, 0x00, 0x00, 0x00, 0x00, 0x00, 0x00, 0x00, 0x00, 0x00,
  0x00, 0x00, 0x00, 0x00, 0x00, 0x00, 0x00, 0x00, 0x00, 0x00, 0x00, 0x00, 0x00, 0x00, 0x00, 0x00,
  0x00, 0x00, 0x00, 0x00, 0x00, 0x00, 0x00, 0x00, 0x00, 0x00, 0x00, 0x00, 0x00, 0x00, 0x00, 0x00,
  0x00, 0x00, 0x01, 0xFF, 0xFF, 0xFF, 0xDB, 0xF7, 0x5F, 0xFF, 0xF7, 0xFF, 0xED, 0xBF, 0x7B, 0xFD,
  0xDF, 0x7F, 0xFF, 0xFF, 0xFF, 0xFF, 0xFF, 0xF5, 0xDD, 0xAF, 0xEB, 0xEB, 0xEE, 0xF5, 0xD6, 0xD7,
  0xF6, 0xFE, 0xFE, 0xAF, 0xBF, 0xB7, 0xBB, 0xEF, 0xFE, 0xB7, 0xFE, 0xDD, 0x5F, 0xDA, 0xDF, 0xFA,
  0xFF, 0x00, 0x00, 0x00, 0x00, 0x00, 0x00, 0x00, 0x00, 0x00, 0x00, 0x00, 0x00, 0x00, 0x00, 0x00,
  0x00, 0x00, 0x00, 0x00, 0x00, 0x00, 0x00, 0x00, 0x00, 0x00, 0x00, 0x00, 0x00, 0x00, 0x00, 0x00,
  0x00, 0x00, 0x00, 0x00, 0x00, 0x00, 0x00, 0x00, 0x00, 0x00, 0x00, 0x00, 0x00, 0x00, 0x00, 0x00,
  0x00, 0x00, 0x00, 0x00, 0x00, 0x00, 0x01, 0xFF, 0xFF, 0xFF, 0xFF, 0x5D, 0xF5, 0xB5, 0xBE, 0xF7,
  0xBF, 0xED, 0xEF, 0x5F, 0x7D, 0xFF, 0xFF, 0xFF, 0xFF, 0xFF, 0xFF, 0xFF, 0x77, 0x75, 0x7E, 0xDF,
  0x7B, 0xDF, 0x7F, 0xBE, 0xDF, 0xDB, 0xEF, 0xFA, 0xF5, 0xFE, 0xF6, 0xDD, 0xB7, 0xFD, 0xB7, 0xFF,
  0xF5, 0xFF, 0xF6, 0xAF, 0xAB, 0x80, 0x00, 0x00, 0x00, 0x00, 0x00, 0x00, 0x00, 0x00, 0x00, 0x00,
  0x00, 0x00, 0x00, 0x00, 0x00, 0x00, 0x00, 0x00, 0x00, 0x00, 0x00, 0x00, 0x00, 0x00, 0x00, 0x00,
  0x00, 0x00, 0x00, 0x00, 0x00, 0x00, 0x00, 0x00, 0x00, 0x00, 0x00, 0x00, 0x00, 0x00, 0x00, 0x00,
  0x00, 0x00, 0x00, 0x00, 0x00, 0x00, 0x00, 0x00, 0x00, 0x00, 0x01, 0xFF, 0xFF, 0xFF, 0xED, 0xF7,
  0x5F, 0x7F, 0xFF, 0xDE, 0xFE, 0xFF, 0xBD, 0xF7, 0xEF, 0xFF, 0xFF, 0xFF, 0xFF, 0xFF, 0xFF, 0xFD,
  0xDD, 0xDF, 0xAF, 0xBB, 0xDF, 0x77, 0xDA, 0xF7, 0xFD, 0xFF, 0xBB, 0x5F, 0xBF, 0x57, 0xDF, 0xF7,
  0xDD, 0xAF, 0xFD, 0x6B, 0x7F, 0x56, 0xBF, 0xFD, 0xFE, 0x80, 0x00, 0x00, 0x00, 0x00, 0x00, 0x00,
  0x00, 0x00, 0x00, 0x00, 0x00, 0x00, 0x00, 0x00, 0x00, 0x00, 0x00, 0x00, 0x00, 0x00, 0x00, 0x00,
  0x00, 0x00, 0x00, 0x00, 0x00, 0x00, 0x00, 0x00, 0x00, 0x00, 0x00, 0x00, 0x00, 0x00, 0x00, 0x00,
  0x00, 0x00, 0x00, 0x00, 0x00, 0x00, 0x00, 0x00, 0x00, 0x00, 0x00, 0x00, 0x00, 0x00, 0x01, 0xFF,
  0xFF, 0xFF, 0x7F, 0x5D, 0xFB, 0xEE, 0xEF, 0xFF, 0xFB, 0xEE, 0xFF, 0xFD, 0xFF, 0xFF, 0xFF, 0xFF,
  0xFF, 0xFF, 0xFF, 0xFF, 0x77, 0x75, 0xF5, 0xEE, 0xEB, 0xDD, 0x77, 0xDD, 0xB7, 0x6D, 0xFF, 0xF5,
  0xEB, 0xFD, 0x7B, 0x5E, 0xF7, 0xFA, 0xAF, 0xFF, 0xD7, 0xFF, 0xEA, 0xEF, 0x6F, 0x80, 0x00, 0x00,
  0x00, 0x00, 0x00, 0x00, 0x00, 0x00, 0x00, 0x00, 0x00, 0x00, 0x00, 0x00, 0x00, 0x00, 0x00, 0x00,
  0x00, 0x00, 0x00, 0x00, 0x00, 0x00, 0x00, 0x00, 0x00, 0x00, 0x00, 0x00, 0x00, 0x00, 0x00, 0x00,
  0x00, 0x00, 0x00, 0x00, 0x00, 0x00, 0x00, 0x00, 0x00, 0x00, 0x00, 0x00, 0x00, 0x00, 0x00, 0x00,
  0x00, 0x00, 0x01, 0xFF, 0xFF, 0xFF, 0xD5, 0xF7, 0xAE, 0xFF, 0xFD, 0xFF, 0xFF, 0xFF, 0xF7, 0xBF,
  0xBB, 0xFF, 0xFF, 0xFF, 0xFF, 0xFF, 0xFF, 0xFD, 0xDD, 0xDE, 0xBF, 0x7B, 0xBE, 0xF7, 0xDE, 0xFF,
  0xFF, 0xFF, 0x6D, 0xBF, 0x7E, 0xB7, 0xEF, 0xFB, 0xBE, 0xB7, 0xFB, 0x5A, 0xFD, 0x6A, 0xFF, 0xBB,
  0xFB, 0x00, 0x00, 0x00, 0x00, 0x00, 0x00, 0x00, 0x00, 0x00, 0x00, 0x00, 0x00, 0x00, 0x00, 0x00,
  0x00, 0x00, 0x00, 0x00, 0x00, 0x00, 0x00, 0x00, 0x00, 0x00, 0x00, 0x00, 0x00, 0x00, 0x00, 0x00,
  0x00, 0x00, 0x00, 0x00, 0x00, 0x00, 0x00, 0x00, 0x00, 0x00, 0x00, 0x00, 0x00, 0x00, 0x00, 0x00,
  0x00, 0x00, 0x00, 0x00, 0x00, 0x00, 0x01, 0xFF, 0xFF, 0xFD, 0xFF, 0x5D, 0xFF, 0xB7, 0xBF, 0xFF,
  0xEF, 0xBB, 0xFE, 0xF7, 0xFF, 0xFF, 0xFF, 0xFF, 0xFF, 0xFF, 0xFF, 0xFF, 0x77, 0x77, 0xD5, 0xDE,
  0xED, 0xBD, 0x7B, 0xAA, 0xB6, 0xD5, 0xFF, 0xED, 0xD7, 0xFD, 0xBA, 0xDE, 0xED, 0xFE, 0xDD, 0xFF,
  0xB7, 0xFF, 0xAD, 0xFE, 0xBF, 0x80, 0x00, 0x00, 0x00, 0x00, 0x00, 0x00, 0x00, 0x00, 0x00, 0x00,
  0x00, 0x00, 0x00, 0x00, 0x00, 0x00, 0x00, 0x00, 0x00, 0x00, 0x00, 0x00, 0x00, 0x00, 0x00, 0x00,
  0x00, 0x00, 0x00, 0x00, 0x00, 0x00, 0x00, 0x00, 0x00, 0x00, 0x00, 0x00, 0x00, 0x00, 0x00, 0x00,
  0x00, 0x00, 0x00, 0x00, 0x00, 0x00, 0x00, 0x00, 0x00, 0x00, 0x01, 0xFF, 0xFF, 0xFF, 0x6D, 0xF7,
  0x6D, 0xFE, 0xFF, 0xFB, 0xFF, 0xFF, 0xBF, 0xFF, 0xFF, 0xFF, 0xFF, 0xFF, 0xFF, 0xFF, 0xFF, 0xFD,
  0xDD, 0xDA, 0xFF, 0x77, 0xBF, 0xD7, 0xDE, 0xFF, 0xFF, 0xFF, 0x56, 0xFF, 0x7D, 0xAF, 0xEF, 0xF7,
  0xFF, 0xAF, 0xF7, 0xAB, 0xFE, 0xAD, 0xFF, 0x57, 0xEA, 0x80, 0x00, 0x00, 0x00, 0x00, 0x00, 0x00,
  0x00, 0x00, 0x00, 0x00, 0x00, 0x00, 0x00, 0x00, 0x00, 0x00, 0x00, 0x00, 0x00, 0x00, 0x00, 0x00,
  0x00, 0x00, 0x00, 0x00, 0x00, 0x00, 0x00, 0x00, 0x00, 0x00, 0x00, 0x00, 0x00, 0x00, 0x00, 0x00,
  0x00, 0x00, 0x00, 0x00, 0x00, 0x00, 0x00, 0x00, 0x00, 0x00, 0x00, 0x00, 0x00, 0x00, 0x01, 0xFF,
  0xFF, 0xED, 0xF7, 0x7D, 0xFF, 0xFF, 0xFF, 0xFF, 0xFF, 0xFF, 0xFF, 0xFE, 0xFF, 0xFF, 0xFF, 0xFF,
  0xFF, 0xFF, 0xFF, 0xFF, 0x77, 0x7F, 0x57, 0xDD, 0xEA, 0xFD, 0xEB, 0xDB, 0x6B, 0x6D, 0xFF, 0xB5,
  0xD7, 0x7A, 0xBE, 0xBD, 0xAA, 0xFA, 0xBE, 0xFE, 0xAB, 0xFF, 0x6B, 0xFD, 0xBF, 0x80, 0x00, 0x00,
  0x00, 0x00, 0x00, 0x00, 0x00, 0x00, 0x00, 0x00, 0x00, 0x00, 0x00, 0x00, 0x00, 0x00, 0x00, 0x00,
  0x00, 0x00, 0x00, 0x00, 0x00, 0x00, 0x00, 0x00, 0x00, 0x00, 0x00, 0x00, 0x00, 0x00, 0x00, 0x00,
  0x00, 0x00, 0x00, 0x00, 0x00, 0x00, 0x00, 0x00, 0x00, 0x00, 0x00, 0x00, 0x00, 0x00, 0x00, 0x00,
  0x00, 0x00, 0x01, 0xFF, 0xFF, 0xFF, 0xBD, 0xD7, 0xB7, 0x6F, 0xFF, 0xFF, 0xFF, 0xFF, 0xFB, 0xFF,
  0xFF, 0xFF, 0xFF, 0xF7, 0xFF, 0xFF, 0xFF, 0xFB, 0xBB, 0xAB, 0xFD, 0x7F, 0x7F, 0x57, 0x7E, 0xFF,
  0xDF, 0xFF, 0xB5, 0xFF, 0xFD, 0xEF, 0xF7, 0xEF, 0xFF, 0xDF, 0xEB, 0xDB, 0xFF, 0x6B, 0xFE, 0xDF,
  0xED, 0x80, 0x00, 0x00, 0x00, 0x00, 0x00, 0x00, 0x00, 0x00, 0x00, 0x00, 0x00, 0x00, 0x00, 0x00,
  0x00, 0x00, 0x00, 0x00, 0x00, 0x00, 0x00, 0x00, 0x00, 0x00, 0x00, 0x00, 0x00, 0x00, 0x00, 0x00,
  0x00, 0x00, 0x00, 0x00, 0x00, 0x00, 0x00, 0x00, 0x00, 0x00, 0x00, 0x00, 0x00, 0x00, 0x00, 0x00,
  0x00, 0x00, 0x00, 0x00, 0x00, 0x00, 0x01, 0xFF, 0xFF, 0xF6, 0xEF, 0x7E, 0xFF, 0xFF, 0xFF, 0xFF,
  0xFF, 0x77, 0xFF, 0xDF, 0xFF, 0xFF, 0xFF, 0xFF, 0xFF, 0xFF, 0xFF, 0xFD, 0xDD, 0xFD, 0x57, 0xEB,
  0xB5, 0xFD, 0xAB, 0xAA, 0xFB, 0x6A, 0xEE, 0xAE, 0xB7, 0xBD, 0xBD, 0xBA, 0xB6, 0xF6, 0xFF, 0x7F,
  0x6D, 0xFE, 0xB7, 0xF5, 0x7F, 0x00, 0x00, 0x00, 0x00, 0x00, 0x00, 0x00, 0x00, 0x00, 0x00, 0x00,
  0x00, 0x00, 0x00, 0x00, 0x00, 0x00, 0x00, 0x00, 0x00, 0x00, 0x00, 0x00, 0x00, 0x00, 0x00, 0x00,
  0x00, 0x00, 0x00, 0x00, 0x00, 0x00, 0x00, 0x00, 0x00, 0x00, 0x00, 0x00, 0x00, 0x00, 0x00, 0x00,
  0x00, 0x00, 0x00, 0x00, 0x00, 0x00, 0x00, 0x00, 0x00, 0x00, 0x01, 0xFF, 0xFF, 0xBF, 0xBB, 0xDB,
  0xDD, 0xFF, 0xFF, 0xFF, 0xFF, 0xFF, 0xDF, 0xFF, 0xFF, 0xFF, 0xFF, 0xBF, 0xFF, 0xFF, 0xFF, 0xF7,
  0x6E, 0xAF, 0xFD, 0xBD, 0xEF, 0xB7, 0xFE, 0xFF, 0xBF, 0xFF, 0xBB, 0xFB, 0xFE, 0xF7, 0xEF, 0xFF,
  0xFF, 0xBF, 0xAD, 0xED, 0xFF, 0x5B, 0xFD, 0xBF, 0xD7, 0x80, 0x00, 0x00, 0x00, 0x00, 0x00, 0x00,
  0x00, 0x00, 0x00, 0x00, 0x00, 0x00, 0x00, 0x00, 0x00, 0x00, 0x00, 0x00, 0x00, 0x00, 0x00, 0x00,
  0x00, 0x00, 0x00, 0x00, 0x00, 0x00, 0x00, 0x00, 0x00, 0x00, 0x00, 0x00, 0x00, 0x00, 0x00, 0x00,
  0x00, 0x00, 0x00, 0x00, 0x00, 0x00, 0x00, 0x00, 0x00, 0x00, 0x00, 0x00, 0x00, 0x00, 0x01, 0xFF,
  0xFF, 0xEA, 0xEE, 0xFF, 0xFF, 0xFF, 0xFF, 0xFF, 0xFF, 0xFF, 0xFF, 0xFF, 0xFF, 0xFF, 0xFF, 0xFF,
  0xFF, 0xFF, 0xFF, 0xFD, 0xF7, 0xF5, 0x5F, 0x6F, 0x7D, 0xDD, 0x57, 0xB6, 0xEA, 0xB7, 0xEE, 0xAF,
  0x57, 0xBE, 0xBA, 0xAB, 0x6A, 0xEA, 0xFF, 0x7B, 0xAB, 0xFF, 0x57, 0xED, 0xFD, 0x80, 0x00, 0x00,
  0x00, 0x00, 0x00, 0x00, 0x00, 0x00, 0x00, 0x00, 0x00, 0x00, 0x00, 0x00, 0x00, 0x00, 0x00, 0x00,
  0x00, 0x00, 0x00, 0x00, 0x00, 0x00, 0x00, 0x00, 0x00, 0x00, 0x00, 0x00, 0x00, 0x00, 0x00, 0x00,
  0x00, 0x00, 0x00, 0x00, 0x00, 0x00, 0x00, 0x00, 0x00, 0x00, 0x00, 0x00, 0x00, 0x00, 0x00, 0x00,
  0x00, 0x00, 0x01, 0xFF, 0xFD, 0xBF, 0xBB, 0xAD, 0xBF, 0xFF, 0xFF, 0xFF, 0xFF, 0xFF, 0xFF, 0xFF,
  0xFF, 0xFF, 0xFE, 0xFF, 0xFF, 0xFB, 0xFF, 0xAE, 0xBA, 0xBF, 0xF5, 0xFB, 0xD7, 0x77, 0xFD, 0xEF,
  0xBF, 0xFE, 0xFB, 0xFB, 0xFD, 0xEB, 0xFF, 0xFF, 0xFF, 0xFF, 0xD5, 0xDE, 0xFE, 0xD5, 0xFE, 0xBF,
  0x6F, 0x00, 0x00, 0x00, 0x00, 0x00, 0x00, 0x00, 0x00, 0x00, 0x00, 0x00, 0x00, 0x00, 0x00, 0x00,
  0x00, 0x00, 0x00, 0x00, 0x00, 0x00, 0x00, 0x00, 0x00, 0x00, 0x00, 0x00, 0x00, 0x00, 0x00, 0x00,
  0x00, 0x00, 0x00, 0x00, 0x00, 0x00, 0x00, 0x00, 0x00, 0x00, 0x00, 0x00, 0x00, 0x00, 0x00, 0x00,
  0x00, 0x00, 0x00, 0x00, 0x00, 0x00, 0x01, 0xFF, 0xFF, 0xF6, 0xEE, 0xFF, 0xFF, 0xFF, 0xFF, 0xFF,
  0xFF, 0xFF, 0xFF, 0xFF, 0xFF, 0xFF, 0xFB, 0xFF, 0xFF, 0xEF, 0xFF, 0xF7, 0xDF, 0xEA, 0xDF, 0x6E,
  0xFD, 0xDD, 0x57, 0x7A, 0xED, 0xAF, 0xAE, 0xAD, 0xBF, 0x7F, 0x6B, 0x6D, 0x5B, 0x5B, 0x7F, 0xF7,
  0xDB, 0xFF, 0xB7, 0xF7, 0xFB, 0x80, 0x00, 0x00, 0x00, 0x00, 0x00, 0x00, 0x00, 0x00, 0x00, 0x00,
  0x00, 0x00, 0x00, 0x00, 0x00, 0x00, 0x00, 0x00, 0x00, 0x00, 0x00, 0x00, 0x00, 0x00, 0x00, 0x00,
  0x00, 0x00, 0x00, 0x00, 0x00, 0x00, 0x00, 0x00, 0x00, 0x00, 0x00, 0x00, 0x00, 0x00, 0x00, 0x00,
  0x00, 0x00, 0x00, 0x00, 0x00, 0x00, 0x00, 0x00, 0x00, 0x00, 0x01, 0xFF, 0xF7, 0x7D, 0xBF, 0xF7,
  0xF7, 0xFF, 0xFF, 0xFF, 0xFF, 0xFF, 0xFF, 0xFF, 0xFF, 0xFF, 0xFF, 0xFF, 0xFF, 0xFF, 0xFE, 0xBA,
  0xEA, 0xBF, 0xBB, 0xDF, 0xB7, 0x77, 0xFD, 0xAF, 0xBF, 0xFB, 0xFB, 0xF6, 0xEB, 0xDB, 0xDF, 0xFF,
  0xFF, 0xFF, 0xEE, 0xBD, 0xFF, 0x5B, 0xFD, 0xBD, 0x6F, 0x80, 0x00, 0x00, 0x00, 0x00, 0x00, 0x00,
  0x00, 0x00, 0x00, 0x00, 0x00, 0x00, 0x00, 0x00, 0x00, 0x00, 0x00, 0x00, 0x00, 0x00, 0x00, 0x00,
  0x00, 0x00, 0x00, 0x00, 0x00, 0x00, 0x00, 0x00, 0x00, 0x00, 0x00, 0x00, 0x00, 0x00, 0x00, 0x00,
  0x00, 0x00, 0x00, 0x00, 0x00, 0x00, 0x00, 0x00, 0x00, 0x00, 0x00, 0x00, 0x00, 0x00, 0x01, 0xFF,
  0xFF, 0xD7, 0xF5, 0xBE, 0xFF, 0xFF, 0xFF, 0xFF, 0xFF, 0xFF, 0xFF, 0xFF, 0xFF, 0xFF, 0xDF, 0xFF,
  0xFF, 0xFF, 0xFB, 0xDF, 0x7F, 0xED, 0xEE, 0xF5, 0xFD, 0xDD, 0x57, 0xFA, 0xF5, 0x6E, 0xEE, 0xAF,
  0x7E, 0xF6, 0xFA, 0xAB, 0x6A, 0xAA, 0xBB, 0xEF, 0x55, 0xFE, 0xAF, 0xEF, 0xFD, 0x80, 0x00, 0x00,
  0x00, 0x00, 0x00, 0x00, 0x00, 0x00, 0x00, 0x00, 0x00, 0x00, 0x00, 0x00, 0x00, 0x00, 0x00, 0x00,
  0x00, 0x00, 0x00, 0x00, 0x00, 0x00, 0x00, 0x00, 0x00, 0x00, 0x00, 0x00, 0x00, 0x00, 0x00, 0x00,
  0x00, 0x00, 0x00, 0x00, 0x00, 0x00, 0x00, 0x00, 0x00, 0x00, 0x00, 0x00, 0x00, 0x00, 0x00, 0x00,
  0x00, 0x00, 0x01, 0xFF, 0xDA, 0xFD, 0x5F, 0xFF, 0xFF, 0xFF, 0xFF, 0xFF, 0xFF, 0xFF, 0xFF, 0xFF,
  0xFF, 0xFF, 0xFF, 0xFF, 0xFF, 0xFF, 0xFE, 0xEB, 0xAB, 0x77, 0x7B, 0xBF, 0x57, 0xF7, 0xFD, 0x5F,
  0xDF, 0xFF, 0xBF, 0xDA, 0xD7, 0xBF, 0xBF, 0xFF, 0xFF, 0xFF, 0xFF, 0x7B, 0xFF, 0xAB, 0xFA, 0xBB,
  0x5F, 0x00, 0x00, 0x00, 0x00, 0x00, 0x00, 0x00, 0x00, 0x00, 0x00, 0x00, 0x00, 0x00, 0x00, 0x00,
  0x00, 0x00, 0x00, 0x00, 0x00, 0x00, 0x00, 0x00, 0x00, 0x00, 0x00, 0x00, 0x00, 0x00, 0x00, 0x00,
  0x00, 0x00, 0x00, 0x00, 0x00, 0x00, 0x00, 0x00, 0x00, 0x00, 0x00, 0x00, 0x00, 0x00, 0x00, 0x00,
  0x00, 0x00, 0x00, 0x00, 0x00, 0x00, 0x01, 0xFF, 0xFF, 0xAF, 0xFD, 0xDB, 0xFF, 0xFF, 0xFF, 0xFF,
  0xFF, 0xFF, 0xFF, 0xFF, 0xFF, 0xFE, 0xFF, 0xFF, 0xFF, 0xFF, 0xEB, 0x7D, 0xFE, 0xDD, 0xDE, 0xED,
  0xFE, 0xBD, 0xAF, 0xF5, 0x76, 0xB5, 0xFA, 0xF7, 0x6D, 0xED, 0xEB, 0x6D, 0x56, 0xDD, 0xD5, 0xDE,
  0xDB, 0xFE, 0xDF, 0xFF, 0xF7, 0x80, 0x00, 0x00, 0x00, 0x00, 0x00, 0x00, 0x00, 0x00, 0x00, 0x00,
  0x00, 0x00, 0x00, 0x00, 0x00, 0x00, 0x00, 0x00, 0x00, 0x00, 0x00, 0x00, 0x00, 0x00, 0x00, 0x00,
  0x00, 0x00, 0x00, 0x00, 0x00, 0x00, 0x00, 0x00, 0x00, 0x00, 0x00, 0x00, 0x00, 0x00, 0x00, 0x00,
  0x00, 0x00, 0x00, 0x00, 0x00, 0x00, 0x00, 0x00, 0x00, 0x00, 0x01, 0xFE, 0xDB, 0x7A, 0xD7, 0xFF,
  0xFF, 0xFF, 0xFF, 0xFF, 0xFF, 0xFF, 0xFF, 0xFF, 0xFF, 0xFF, 0xFF, 0xFF, 0xFF, 0xFF, 0xFF, 0xAB,
  0x57, 0xF7, 0x77, 0xBF, 0xB7, 0xD7, 0x7A, 0xBF, 0xDF, 0xFF, 0xDF, 0xAD, 0xB6, 0xBE, 0xBF, 0xFF,
  0xFF, 0xF7, 0x7F, 0xF7, 0xFE, 0xB7, 0xF6, 0xD5, 0xBD, 0x80, 0x00, 0x00, 0x00, 0x00, 0x00, 0x00,
  0x00, 0x00, 0x00, 0x00, 0x00, 0x00, 0x00, 0x00, 0x00, 0x00, 0x00, 0x00, 0x00, 0x00, 0x00, 0x00,
  0x00, 0x00, 0x00, 0x00, 0x00, 0x00, 0x00, 0x00, 0x00, 0x00, 0x00, 0x00, 0x00, 0x00, 0x00, 0x00,
  0x00, 0x00, 0x00, 0x00, 0x00, 0x00, 0x00, 0x00, 0x00, 0x00, 0x00, 0x00, 0x00, 0x00, 0x01, 0xFF,
  0xFE, 0xEF, 0xFF, 0x7F, 0xFF, 0xFF, 0xFF, 0xFF, 0xFF, 0xFF, 0xFF, 0xFF, 0xFF, 0xF7, 0xFF, 0xFF,
  0xFF, 0xFF, 0xAA, 0xFE, 0xFA, 0xBD, 0xDD, 0xEA, 0xFA, 0xFD, 0xEF, 0xD5, 0xB5, 0xAD, 0x7E, 0xFB,
  0x6D, 0xEB, 0xED, 0x55, 0xB5, 0x7F, 0xEE, 0xBD, 0x57, 0xFD, 0x5F, 0xFF, 0xEF, 0x80, 0x00, 0x00,
  0x00, 0x00, 0x00, 0x00, 0x00, 0x00, 0x00, 0x00, 0x00, 0x00, 0x00, 0x00, 0x00, 0x00, 0x00, 0x00,
  0x00, 0x00, 0x00, 0x00, 0x00, 0x00, 0x00, 0x00, 0x00, 0x00, 0x00, 0x00, 0x00, 0x00, 0x00, 0x00,
  0x00, 0x00, 0x00, 0x00, 0x00, 0x00, 0x00, 0x00, 0x00, 0x00, 0x00, 0x00, 0x00, 0x00, 0x00, 0x00,
  0x00, 0x00, 0x01, 0xFB, 0x6B, 0xBB, 0x6F, 0xFF, 0xFF, 0xFF, 0xFF, 0xFF, 0xFF, 0xFF, 0xFF, 0xFF,
  0xFF, 0xFF, 0xFF, 0xFF, 0xFF, 0xFF, 0xFF, 0x57, 0xAF, 0xD7, 0x77, 0x7F, 0xAF, 0x57, 0x7A, 0xFF,
  0x7F, 0x7F, 0xF7, 0xDD, 0xB6, 0xBF, 0x7F, 0xFF, 0xFF, 0xD5, 0xBB, 0xEF, 0xFD, 0xAF, 0xF5, 0x5A,
  0xFB, 0x00, 0x00, 0x00, 0x00, 0x00, 0x00, 0x00, 0x00, 0x00, 0x00, 0x00, 0x00, 0x00, 0x00, 0x00,
  0x00, 0x00, 0x00, 0x00, 0x00, 0x00, 0x00, 0x00, 0x00, 0x00, 0x00, 0x00, 0x00, 0x00, 0x00, 0x00,
  0x00, 0x00, 0x00, 0x00, 0x00, 0x00, 0x00, 0x00, 0x00, 0x00, 0x00, 0x00, 0x00, 0x00, 0x00, 0x00,
  0x00, 0x00, 0x00, 0x00, 0x00, 0x00, 0x01, 0xFF, 0xDE, 0xEF, 0xBD, 0xF7, 0xFF, 0xFF, 0xFF, 0xFF,
  0xFF, 0xFF, 0xFF, 0xFF, 0xFF, 0xDF, 0xFF, 0xFF, 0xFF, 0xFD, 0x55, 0xFA, 0xFB, 0x7D, 0xDD, 0xAB,
  0x7B, 0xFD, 0xD7, 0xAB, 0xD5, 0xEB, 0xBF, 0x77, 0x6B, 0xD5, 0xD5, 0xBB, 0x5B, 0x7F, 0xFF, 0x7B,
  0x6F, 0xFB, 0x7F, 0xFF, 0xBF, 0x80, 0x00, 0x00, 0x00, 0x00, 0x00, 0x00, 0x00, 0x00, 0x00, 0x00,
  0x00, 0x00, 0x00, 0x00, 0x00, 0x00, 0x00, 0x00, 0x00, 0x00, 0x00, 0x00, 0x00, 0x00, 0x00, 0x00,
  0x00, 0x00, 0x00, 0x00, 0x00, 0x00, 0x00, 0x00, 0x00, 0x00, 0x00, 0x00, 0x00, 0x00, 0x00, 0x00,
  0x00, 0x00, 0x00, 0x00, 0x00, 0x00, 0x00, 0x00, 0x00, 0x00, 0x01, 0xED, 0xF7, 0xBA, 0xFF, 0xDF,
  0xFF, 0xFF, 0xFF, 0xFF, 0xFF, 0xFF, 0xFF, 0xFF, 0xFF, 0x7F, 0xFF, 0xFF, 0xFF, 0xF7, 0xFB, 0x5F,
  0x5E, 0xEF, 0x77, 0xFE, 0xEE, 0xAF, 0x7D, 0xFD, 0x7F, 0xBE, 0xF7, 0xFD, 0xDD, 0x5F, 0x7F, 0xEF,
  0xFF, 0xEE, 0xDB, 0xDF, 0xFA, 0xBF, 0xDB, 0x6D, 0xEB, 0x00, 0x00, 0x00, 0x00, 0x00, 0x00, 0x00,
  0x00, 0x00, 0x00, 0x00, 0x00, 0x00, 0x00, 0x00, 0x00, 0x00, 0x00, 0x00, 0x00, 0x00, 0x00, 0x00,
  0x00, 0x00, 0x00, 0x00, 0x00, 0x00, 0x00, 0x00, 0x00, 0x00, 0x00, 0x00, 0x00, 0x00, 0x00, 0x00,
  0x00, 0x00, 0x00, 0x00, 0x00, 0x00, 0x00, 0x00, 0x00, 0x00, 0x00, 0x00, 0x00, 0x00, 0x01, 0xFF,
  0x5D, 0xEF, 0xEF, 0xFF, 0xFF, 0xFF, 0xFF, 0xFF, 0xFF, 0xFF, 0xFF, 0xFF, 0xFF, 0xFF, 0xFF, 0xFF,
  0xFF, 0xFD, 0x57, 0xEB, 0xEB, 0xB5, 0xDD, 0x57, 0xBB, 0xF5, 0xD7, 0x57, 0xDA, 0xF7, 0xDD, 0xDF,
  0x6A, 0xAA, 0xED, 0x7D, 0x6A, 0xBB, 0xF6, 0xF5, 0x5F, 0xEA, 0xFF, 0xF7, 0x7F, 0x80, 0x00, 0x00,
  0x00, 0x00, 0x00, 0x00, 0x00, 0x00, 0x00, 0x00, 0x00, 0x00, 0x00, 0x00, 0x00, 0x00, 0x00, 0x00,
  0x00, 0x00, 0x00, 0x00, 0x00, 0x00, 0x00, 0x00, 0x00, 0x00, 0x00, 0x00, 0x00, 0x00, 0x00, 0x00,
  0x00, 0x00, 0x00, 0x00, 0x00, 0x00, 0x00, 0x00, 0x00, 0x00, 0x00, 0x00, 0x00, 0x00, 0x00, 0x00,
  0x00, 0x00, 0x01, 0xDB, 0xF6, 0xBD, 0xBE, 0xFF, 0xFF, 0xFF, 0xFF, 0xFF, 0xFF, 0xFF, 0xFF, 0xFF,
  0xFF, 0xFF, 0xFF, 0xFF, 0xFF, 0xDF, 0xFD, 0x7D, 0x7E, 0xFE, 0xEF, 0xFA, 0xEE, 0xBE, 0xFD, 0xFD,
  0xBF, 0xDE, 0xFF, 0x7B, 0xFF, 0x75, 0xBF, 0xD7, 0xFF, 0xFF, 0x5F, 0xBF, 0xF7, 0x7F, 0xAA, 0xBF,
  0xDA, 0x80, 0x00, 0x00, 0x00, 0x00, 0x00, 0x00, 0x00, 0x00, 0x00, 0x00, 0x00, 0x00, 0x00, 0x00,
  0x00, 0x00, 0x00, 0x00, 0x00, 0x00, 0x00, 0x00, 0x00, 0x00, 0x00, 0x00, 0x00, 0x00, 0x00, 0x00,
  0x00, 0x00, 0x00, 0x00, 0x00, 0x00, 0x00, 0x00, 0x00, 0x00, 0x00, 0x00, 0x00, 0x00, 0x00, 0x00,
  0x00, 0x00, 0x00, 0x00, 0x00, 0x00, 0x01, 0xFE, 0xAF, 0xEF, 0xFF, 0xFF, 0xFF, 0xFF, 0xFF, 0xFF,
  0xFF, 0xFF, 0xFF, 0xFF, 0xFB, 0xFF, 0xFF, 0xFF, 0xFF, 0xF5, 0x57, 0xAF, 0xAB, 0xAB, 0x75, 0x5F,
  0xBB, 0xD7, 0x57, 0x57, 0x6B, 0x7B, 0xDB, 0xFF, 0x55, 0xAA, 0xAA, 0xFE, 0xAD, 0xD6, 0xFB, 0xED,
  0xDD, 0xDB, 0xFF, 0xEA, 0xFF, 0x80, 0x00, 0x00, 0x00, 0x00, 0x00, 0x00, 0x00, 0x00, 0x00, 0x00,
  0x00, 0x00, 0x00, 0x00, 0x00, 0x00, 0x00, 0x00, 0x00, 0x00, 0x00, 0x00, 0x00, 0x00, 0x00, 0x00,
  0x00, 0x00, 0x00, 0x00, 0x00, 0x00, 0x00, 0x00, 0x00, 0x00, 0x00, 0x00, 0x00, 0x00, 0x00, 0x00,
  0x00, 0x00, 0x00, 0x00, 0x00, 0x00, 0x00, 0x00, 0x00, 0x00, 0x01, 0xB7, 0xFA, 0xBB, 0x77, 0xFF,
  0xFF, 0xFF, 0xFF, 0xFF, 0xFF, 0xFF, 0xFF, 0xFF, 0xFF, 0xFF, 0xFF, 0xFF, 0xFF, 0xFF, 0xFA, 0xF5,
  0x7E, 0xFD, 0xAE, 0xEA, 0xEE, 0xFB, 0xFB, 0xFD, 0xFE, 0xEF, 0x7F, 0x6D, 0xFD, 0x6E, 0xD7, 0x5B,
  0xFF, 0x7F, 0xDE, 0xFF, 0x7F, 0xFE, 0xDD, 0xBF, 0xAD, 0x80, 0x00, 0x00, 0x00, 0x00, 0x00, 0x00,
  0x00, 0x00, 0x00, 0x00, 0x00, 0x00, 0x00, 0x00, 0x00, 0x00, 0x00, 0x00, 0x00, 0x00, 0x00, 0x00,
  0x00, 0x00, 0x00, 0x00, 0x00, 0x00, 0x00, 0x00, 0x00, 0x00, 0x00, 0x00, 0x00, 0x00, 0x00, 0x00,
  0x00, 0x00, 0x00, 0x00, 0x00, 0x00, 0x00, 0x00, 0x00, 0x00, 0x00, 0x00, 0x00, 0x00, 0x01, 0xFA,
  0xAF, 0xEF, 0xFF, 0xFF, 0xFF, 0xFF, 0xFF, 0xFF, 0xFF, 0xFF, 0xFF, 0xFF, 0xEF, 0xFF, 0xFF, 0xFF,
  0xFF, 0xFF, 0x5F, 0xBF, 0xD7, 0xAF, 0x7B, 0xBF, 0x77, 0x5D, 0x5D, 0x57, 0x6B, 0xBD, 0xED, 0xFF,
  0xEF, 0xB5, 0x59, 0xFE, 0xD5, 0xED, 0xF7, 0xAD, 0xED, 0x6F, 0xF7, 0xF6, 0xFF, 0x80, 0x00, 0x00,
  0x00, 0x00, 0x00, 0x00, 0x00, 0x00, 0x00, 0x00, 0x00, 0x00, 0x00, 0x00, 0x00, 0x00, 0x00, 0x00,
  0x00, 0x00, 0x00, 0x00, 0x00, 0x00, 0x00, 0x00, 0x00, 0x00, 0x00, 0x00, 0x00, 0x00, 0x00, 0x00,
  0x00, 0x00, 0x00, 0x00, 0x00, 0x00, 0x00, 0x00, 0x00, 0x00, 0x00, 0x00, 0x00, 0x00, 0x00, 0x00,
  0x00, 0x00, 0x01, 0xAF, 0xF5, 0x7D, 0xDF, 0xFF, 0xFF, 0xFF, 0xFF, 0xFF, 0xFF, 0xFF, 0xFF, 0xFF,
  0xFF, 0xFF, 0xFF, 0xFF, 0xFF, 0xFF, 0xEA, 0xD5, 0x7A, 0xF5, 0xD6, 0xD5, 0xBA, 0xEF, 0xEF, 0xFD,
  0xDE, 0xF7, 0xBF, 0xB7, 0x7A, 0xD5, 0xAD, 0x57, 0xFF, 0xBF, 0x5D, 0xFF, 0xBF, 0xFB, 0x7E, 0xDF,
  0xDA, 0x80, 0x00, 0x00, 0x00, 0x00, 0x00, 0x00, 0x00, 0x00, 0x00, 0x00, 0x00, 0x00, 0x00, 0x00,
  0x00, 0x00, 0x00, 0x00, 0x00, 0x00, 0x00, 0x00, 0x00, 0x00, 0x00, 0x00, 0x00, 0x00, 0x00, 0x00,
  0x00, 0x00, 0x00, 0x00, 0x00, 0x00, 0x00, 0x00, 0x00, 0x00, 0x00, 0x00, 0x00, 0x00, 0x00, 0x00,
  0x00, 0x00, 0x00, 0x00, 0x00, 0x00, 0x01, 0xFA, 0xAF, 0xAF, 0xFE, 0xFF, 0xFF, 0xFF, 0xFF, 0xFF,
  0xFF, 0xFF, 0xFF, 0xFF, 0xBF, 0xFF, 0xFF, 0xFF, 0xFF, 0xFF, 0xFF, 0xFE, 0xD7, 0x5E, 0xBB, 0x7E,
  0xDF, 0xB5, 0x75, 0x57, 0x7B, 0xDE, 0xF6, 0xFD, 0xFF, 0xFA, 0xAA, 0xAA, 0xB6, 0xF5, 0xFF, 0x6D,
  0xF6, 0xDF, 0xDB, 0xFB, 0x7F, 0x80, 0x00, 0x00, 0x00, 0x00, 0x00, 0x00, 0x00, 0x00, 0x00, 0x00,
  0x00, 0x00, 0x00, 0x00, 0x00, 0x00, 0x00, 0x00, 0x00, 0x00, 0x00, 0x00, 0x00, 0x00, 0x00, 0x00,
  0x00, 0x00, 0x00, 0x00, 0x00, 0x00, 0x00, 0x00, 0x00, 0x00, 0x00, 0x00, 0x00, 0x00, 0x00, 0x00,
  0x00, 0x00, 0x00, 0x00, 0x00, 0x00, 0x00, 0x00, 0x00, 0x00, 0x01, 0x6F, 0xFA, 0xFB, 0x7F, 0xFF,
  0xFF, 0xFF, 0xFF, 0xFF, 0xFF, 0xFF, 0xFF, 0xFE, 0xFF, 0xFF, 0xFF, 0xFF, 0xFF, 0xFF, 0xEA, 0xAB,
  0xBD, 0xEB, 0xDD, 0xD5, 0xEA, 0xFF, 0xBF, 0xFD, 0xEF, 0x77, 0xDF, 0xD7, 0xB7, 0x5F, 0x6B, 0x5B,
  0x7D, 0xDF, 0xB7, 0xFF, 0x7F, 0xF5, 0xFF, 0x6F, 0xED, 0x80, 0x00, 0x00, 0x00, 0x00, 0x00, 0x00,
  0x00, 0x00, 0x00, 0x00, 0x00, 0x00, 0x00, 0x00, 0x00, 0x00, 0x00, 0x00, 0x00, 0x00, 0x00, 0x00,
  0x00, 0x00, 0x00, 0x00, 0x00, 0x00, 0x00, 0x00, 0x00, 0x00, 0x00, 0x00, 0x00, 0x00, 0x00, 0x00,
  0x00, 0x00, 0x00, 0x00, 0x00, 0x00, 0x00, 0x00, 0x00, 0x00, 0x00, 0x00, 0x00, 0x00, 0x01, 0xDA,
  0xAF, 0xDF, 0xFF, 0xFF, 0xFF, 0xFF, 0xFF, 0xFF, 0xFF, 0xFF, 0xFF, 0xFF, 0xFF, 0xFF, 0xFF, 0xFF,
  0xFF, 0xFF, 0xFF, 0xF6, 0xEB, 0x5D, 0x6B, 0x7F, 0x7F, 0xAA, 0xD5, 0x57, 0xBB, 0xDD, 0x7B, 0x7E,
  0xFF, 0xF5, 0xAD, 0x6A, 0xD7, 0x7B, 0xFA, 0xB5, 0xD5, 0x7F, 0x6D, 0xFB, 0x7F, 0x80, 0x00, 0x00,
  0x00, 0x00, 0x00, 0x00, 0x00, 0x00, 0x00, 0x00, 0x00, 0x00, 0x00, 0x00, 0x00, 0x00, 0x00, 0x00,
  0x00, 0x00, 0x00, 0x00, 0x00, 0x00, 0x00, 0x00, 0x00, 0x00, 0x00, 0x00, 0x00, 0x00, 0x00, 0x00,
  0x00, 0x00, 0x00, 0x00, 0x00, 0x00, 0x00, 0x00, 0x00, 0x00, 0x00, 0x00, 0x00, 0x00, 0x00, 0x00,
  0x00, 0x00, 0x01, 0x7F, 0xFB, 0x7F, 0xF7, 0xFF, 0xFF, 0xFF, 0xFF, 0xFF, 0xFF, 0xFF, 0xFF, 0xFF,
  0xFF, 0xFF, 0xFF, 0xFF, 0xFF, 0xFF, 0xFF, 0x5D, 0xBD, 0xEB, 0xB6, 0xD5, 0xAA, 0xFF, 0x7F, 0xFD,
  0xEE, 0xF7, 0xEF, 0xDB, 0xDB, 0x7E, 0xD5, 0x55, 0x5B, 0xDE, 0xAF, 0xFF, 0xFF, 0xDD, 0xFF, 0xBF,
  0xDB, 0x00, 0x00, 0x00, 0x00, 0x00, 0x00, 0x00, 0x00, 0x00, 0x00, 0x00, 0x00, 0x00, 0x00, 0x00,
  0x00, 0x00, 0x00, 0x00, 0x00, 0x00, 0x00, 0x00, 0x00, 0x00, 0x00, 0x00, 0x00, 0x00, 0x00, 0x00,
  0x00, 0x00, 0x00, 0x00, 0x00, 0x00, 0x00, 0x00, 0x00, 0x00, 0x00, 0x00, 0x00, 0x00, 0x00, 0x00,
  0x00, 0x00, 0x00, 0x00, 0x00, 0x00, 0x01, 0xD5, 0x5D, 0xED, 0xDF, 0xFF, 0xFF, 0xFF, 0xFF, 0xFF,
  0xFF, 0xFF, 0xFF, 0xF7, 0xFF, 0xFF, 0xFF, 0xFF, 0xFF, 0xFE, 0xBF, 0xF6, 0xD6, 0xBD, 0x5B, 0xBB,
  0xFF, 0x55, 0xD5, 0x56, 0xBB, 0x5E, 0xFA, 0xFF, 0x7F, 0xEF, 0xBB, 0x55, 0x55, 0x77, 0xFD, 0xAD,
  0x6F, 0x77, 0xB6, 0xED, 0x7F, 0x80, 0x00, 0x00, 0x00, 0x00, 0x00, 0x00, 0x00, 0x00, 0x00, 0x00,
  0x00, 0x00, 0x00, 0x00, 0x00, 0x00, 0x00, 0x00, 0x00, 0x00, 0x00, 0x00, 0x00, 0x00, 0x00, 0x00,
  0x00, 0x00, 0x00, 0x00, 0x00, 0x00, 0x00, 0x00, 0x00, 0x00, 0x00, 0x00, 0x00, 0x00, 0x00, 0x00,
  0x00, 0x00, 0x00, 0x00, 0x00, 0x00, 0x00, 0x00, 0x00, 0x00, 0x01, 0x7F, 0xEF, 0xBF, 0xFF, 0xFF,
  0xFF, 0xFF, 0xFF, 0xFF, 0xFF, 0xFF, 0xFF, 0xFF, 0xFF, 0xFF, 0xFF, 0xFF, 0xFF, 0xFE, 0x8B, 0xDF,
  0x6D, 0xD6, 0xEE, 0xD6, 0xAB, 0xFF, 0x7F, 0xFF, 0xEF, 0xF7, 0xAF, 0xAD, 0xEA, 0xFB, 0xED, 0xAD,
  0x55, 0x5A, 0xDF, 0xFF, 0xFB, 0xFF, 0xFD, 0xFF, 0xED, 0x80, 0x00, 0x00, 0x00, 0x00, 0x00, 0x00,
  0x00, 0x00, 0x00, 0x00, 0x00, 0x00, 0x00, 0x00, 0x00, 0x00, 0x00, 0x00, 0x00, 0x00, 0x00, 0x00,
  0x00, 0x00, 0x00, 0x00, 0x00, 0x00, 0x00, 0x00, 0x00, 0x00, 0x00, 0x00, 0x00, 0x00, 0x00, 0x00,
  0x00, 0x00, 0x00, 0x00, 0x00, 0x00, 0x00, 0x00, 0x00, 0x00, 0x00, 0x00, 0x00, 0x00, 0x01, 0xD5,
  0x76, 0xFF, 0xFF, 0xFF, 0xFF, 0xFF, 0xFF, 0xFF, 0xFF, 0xFF, 0xFF, 0xBF, 0xFF, 0xFF, 0xFF, 0xFF,
  0x7F, 0xFF, 0xA5, 0xFB, 0xB6, 0xBB, 0xB5, 0xBF, 0xFD, 0x55, 0xD5, 0x55, 0x75, 0x5D, 0xFD, 0xFB,
  0xBF, 0xBE, 0xFE, 0xD5, 0x55, 0x57, 0x75, 0x6B, 0x6E, 0xDA, 0xD7, 0xAB, 0xBF, 0x80, 0x00, 0x00,
  0x00, 0x00, 0x00, 0x00, 0x00, 0x00, 0x00, 0x00, 0x00, 0x00, 0x00, 0x00, 0x00, 0x00, 0x00, 0x00,
  0x00, 0x00, 0x00, 0x00, 0x00, 0x00, 0x00, 0x00, 0x00, 0x00, 0x00, 0x00, 0x00, 0x00, 0x00, 0x00,
  0x00, 0x00, 0x00, 0x00, 0x00, 0x00, 0x00, 0x00, 0x00, 0x00, 0x00, 0x00, 0x00, 0x00, 0x00, 0x00,
  0x00, 0x00, 0x01, 0x7F, 0xBF, 0xFF, 0xFF, 0xFF, 0xFF, 0xFF, 0xFF, 0xFF, 0xFF, 0xFF, 0xFF, 0xFF,
  0xFF, 0xFF, 0xFF, 0xFF, 0xED, 0xFF, 0xA9, 0x7E, 0xED, 0xD6, 0xDE, 0xEA, 0xAF, 0xFE, 0xFF, 0xFF,
  0xBF, 0xF7, 0x57, 0x5E, 0xF6, 0xEF, 0xB7, 0x76, 0xAA, 0xAA, 0xDF, 0xFF, 0xFB, 0xFF, 0xFE, 0xFE,
  0xF6, 0x80, 0x00, 0x00, 0x00, 0x00, 0x00, 0x00, 0x00, 0x00, 0x00, 0x00, 0x00, 0x00, 0x00, 0x00,
  0x00, 0x00, 0x00, 0x00, 0x00, 0x00, 0x00, 0x00, 0x00, 0x00, 0x00, 0x00, 0x00, 0x00, 0x00, 0x00,
  0x00, 0x00, 0x00, 0x00, 0x00, 0x00, 0x00, 0x00, 0x00, 0x00, 0x00, 0x00, 0x00, 0x00, 0x00, 0x00,
  0x00, 0x00, 0x00, 0x00, 0x00, 0x00, 0x01, 0xD5, 0xED, 0xEE, 0xFF, 0xFF, 0xFF, 0xFF, 0xFF, 0xFF,
  0xFF, 0xFF, 0xFE, 0xFF, 0xFF, 0xFF, 0xFF, 0xFD, 0xFF, 0xFF, 0xE4, 0xBF, 0xBB, 0x7B, 0x6B, 0xBF,
  0xF5, 0x57, 0x55, 0x55, 0xD5, 0x5D, 0xFD, 0xF7, 0xDF, 0xFB, 0xFD, 0xDA, 0xD5, 0x55, 0x6A, 0xB6,
  0xAF, 0x56, 0xB7, 0xFB, 0xFF, 0x80, 0x00, 0x00, 0x00, 0x00, 0x00, 0x00, 0x00, 0x00, 0x00, 0x00,
  0x00, 0x00, 0x00, 0x00, 0x00, 0x00, 0x00, 0x00, 0x00, 0x00, 0x00, 0x00, 0x00, 0x00, 0x00, 0x00,
  0x00, 0x00, 0x00, 0x00, 0x00, 0x00, 0x00, 0x00, 0x00, 0x00, 0x00, 0x00, 0x00, 0x00, 0x00, 0x00,
  0x00, 0x00, 0x00, 0x00, 0x00, 0x00, 0x00, 0x00, 0x00, 0x00, 0x01, 0x7F, 0x7F, 0xBF, 0xFF, 0xFF,
  0xFF, 0xFF, 0xFF, 0xFF, 0xFF, 0xFF, 0xFB, 0xFF, 0xFF, 0xFF, 0xFF, 0xFF, 0xDD, 0xBF, 0xFA, 0x0F,
  0xF6, 0xD6, 0xDD, 0x6A, 0xAF, 0xFB, 0xFF, 0xFE, 0xBF, 0xF7, 0x6F, 0x5D, 0x7B, 0x5E, 0xB7, 0xED,
  0x5A, 0xAA, 0xAD, 0xDF, 0xFD, 0xFF, 0xFD, 0xAF, 0xB6, 0x80, 0x00, 0x00, 0x00, 0x00, 0x00, 0x00,
  0x00, 0x00, 0x00, 0x00, 0x00, 0x00, 0x00, 0x00, 0x00, 0x00, 0x00, 0x00, 0x00, 0x00, 0x00, 0x00,
  0x00, 0x00, 0x00, 0x00, 0x00, 0x00, 0x00, 0x00, 0x00, 0x00, 0x00, 0x00, 0x00, 0x00, 0x00, 0x00,
  0x00, 0x00, 0x00, 0x00, 0x00, 0x00, 0x00, 0x00, 0x00, 0x00, 0x00, 0x00, 0x00, 0x00, 0x01, 0xD5,
  0xDF, 0xFF, 0xFF, 0xFF, 0xFF, 0xFF, 0xFF, 0xFF, 0xFF, 0xFF, 0xFF, 0xFF, 0xFF, 0xFF, 0xFF, 0xFF,
  0xFF, 0xEF, 0xFD, 0x53, 0xFF, 0x6D, 0xB7, 0xDF, 0xFA, 0xAD, 0x55, 0x55, 0xEA, 0xBD, 0xF5, 0xF7,
  0xDE, 0xF7, 0xFF, 0x7F, 0xEB, 0x55, 0x56, 0xB5, 0x6F, 0xB5, 0xAF, 0xFD, 0xFF, 0x80, 0x00, 0x00,
  0x00, 0x00, 0x00, 0x00, 0x00, 0x00, 0x00, 0x00, 0x00, 0x00, 0x00, 0x00, 0x00, 0x00, 0x00, 0x00,
  0x00, 0x00, 0x00, 0x00, 0x00, 0x00, 0x00, 0x00, 0x00, 0x00, 0x00, 0x00, 0x00, 0x00, 0x00, 0x00,
  0x00, 0x00, 0x00, 0x00, 0x00, 0x00, 0x00, 0x00, 0x00, 0x00, 0x00, 0x00, 0x00, 0x00, 0x00, 0x00,
  0x00, 0x00, 0x01, 0x7F, 0xFB, 0xFF, 0xFF, 0xFF, 0xFF, 0xFF, 0xFF, 0xFF, 0xFF, 0xFF, 0xFF, 0xFF,
  0xFF, 0xFF, 0xFF, 0xED, 0xED, 0xBB, 0x7F, 0x44, 0xBD, 0xDB, 0x7A, 0xB5, 0x5F, 0xDF, 0xFF, 0xFF,
  0x7F, 0xD7, 0x5F, 0x6E, 0xF7, 0xDD, 0xAD, 0xF6, 0xB5, 0x6B, 0x6A, 0xDB, 0xBA, 0xFF, 0xFB, 0x6F,
  0x6D, 0x80, 0x00, 0x00, 0x00, 0x00, 0x00, 0x00, 0x00, 0x00, 0x00, 0x00, 0x00, 0x00, 0x00, 0x00,
  0x00, 0x00, 0x00, 0x00, 0x00, 0x00, 0x00, 0x00, 0x00, 0x00, 0x00, 0x00, 0x00, 0x00, 0x00, 0x00,
  0x00, 0x00, 0x00, 0x00, 0x00, 0x00, 0x00, 0x00, 0x00, 0x00, 0x00, 0x00, 0x00, 0x00, 0x00, 0x00,
  0x00, 0x00, 0x00, 0x00, 0x00, 0x00, 0x01, 0xEE, 0xFF, 0xFF, 0xFF, 0xFF, 0xFF, 0xFF, 0xFF, 0xFF,
  0xFF, 0xFF, 0xDF, 0xFF, 0xFF, 0xFF, 0xFF, 0xFF, 0xBF, 0xFD, 0xEF, 0xE8, 0x7F, 0xEE, 0xD7, 0xFF,
  0xEA, 0xB5, 0x55, 0x55, 0xAA, 0xFD, 0xF7, 0xBB, 0xBA, 0xF7, 0xFF, 0xBF, 0xFE, 0xAD, 0x5B, 0x6D,
  0x6F, 0xAD, 0x6F, 0xFB, 0xFF, 0x80, 0x00, 0x00, 0x00, 0x00, 0x00, 0x00, 0x00, 0x00, 0x00, 0x00,
  0x00, 0x00, 0x00, 0x00, 0x00, 0x00, 0x00, 0x00, 0x00, 0x00, 0x00, 0x00, 0x00, 0x00, 0x00, 0x00,
  0x00, 0x00, 0x00, 0x00, 0x00, 0x00, 0x00, 0x00, 0x00, 0x00, 0x00, 0x00, 0x00, 0x00, 0x00, 0x00,
  0x00, 0x00, 0x00, 0x00, 0x00, 0x00, 0x00, 0x00, 0x00, 0x00, 0x01, 0x7B, 0xDF, 0xFF, 0xFF, 0xFF,
  0xFF, 0xFF, 0xFF, 0xFF, 0xFF, 0xFF, 0xFF, 0xFF, 0xFF, 0xFF, 0xFF, 0xFF, 0xFD, 0xAF, 0x7F, 0xF2,
  0x8F, 0x7B, 0xBD, 0x55, 0x5F, 0xFF, 0xFF, 0xEE, 0xFF, 0x57, 0x7D, 0xEE, 0xDF, 0xBD, 0x6B, 0x77,
  0xDB, 0xDB, 0x6D, 0x56, 0xDA, 0xF7, 0xDD, 0x5F, 0x6A, 0x80, 0x00, 0x00, 0x00, 0x00, 0x00, 0x00,
  0x00, 0x00, 0x00, 0x00, 0x00, 0x00, 0x00, 0x00, 0x00, 0x00, 0x00, 0x00, 0x00, 0x00, 0x00, 0x00,
  0x00, 0x00, 0x00, 0x00, 0x00, 0x00, 0x00, 0x00, 0x00, 0x00, 0x00, 0x00, 0x00, 0x00, 0x00, 0x00,
  0x00, 0x00, 0x00, 0x00, 0x00, 0x00, 0x00, 0x00, 0x00, 0x00, 0x00, 0x00, 0x00, 0x00, 0x01, 0xDF,
  0xFF, 0xFF, 0xFF, 0xFF, 0xFF, 0xFF, 0xFF, 0xFF, 0xFF, 0xFF, 0xFF, 0xFF, 0xFF, 0xFF, 0xFF, 0xED,
  0xEF, 0xF5, 0xD6, 0xFD, 0x13, 0xFD, 0xD7, 0xEF, 0xF5, 0x55, 0x55, 0x5B, 0xAB, 0xFD, 0xD6, 0xBB,
  0xEA, 0xEF, 0xFF, 0xDD, 0xFF, 0x75, 0xB5, 0xBB, 0x6D, 0x5A, 0xF7, 0xF6, 0xFF, 0x80, 0x00, 0x00,
  0x00, 0x00, 0x00, 0x00, 0x00, 0x00, 0x00, 0x00, 0x00, 0x00, 0x00, 0x00, 0x00, 0x00, 0x00, 0x00,
  0x00, 0x00, 0x00, 0x00, 0x00, 0x00, 0x00, 0x00, 0x00, 0x00, 0x00, 0x00, 0x00, 0x00, 0x00, 0x00,
  0x00, 0x00, 0x00, 0x00, 0x00, 0x00, 0x00, 0x00, 0x00, 0x00, 0x00, 0x00, 0x00, 0x00, 0x00, 0x00,
  0x00, 0x00, 0x01, 0xFF, 0xFF, 0xFF, 0xFF, 0xFF, 0xFF, 0xFF, 0xFF, 0xFF, 0xFF, 0xFE, 0xFF, 0xFF,
  0xFF, 0xFF, 0xFF, 0xFF, 0xBA, 0xBF, 0x7D, 0xDE, 0xA1, 0xEF, 0x7A, 0xBA, 0xAF, 0xBB, 0xBE, 0xFE,
  0xFD, 0x57, 0x7F, 0xEE, 0xBF, 0xBB, 0x5A, 0xFF, 0x6D, 0xFF, 0x6E, 0xD5, 0xB7, 0xEF, 0x5D, 0xBF,
  0xAD, 0x80, 0x00, 0x00, 0x00, 0x00, 0x00, 0x00, 0x00, 0x00, 0x00, 0x00, 0x00, 0x00, 0x00, 0x00,
  0x00, 0x00, 0x00, 0x00, 0x00, 0x00, 0x00, 0x00, 0x00, 0x00, 0x00, 0x00, 0x00, 0x00, 0x00, 0x00,
  0x00, 0x00, 0x00, 0x00, 0x00, 0x00, 0x00, 0x00, 0x00, 0x00, 0x00, 0x00, 0x00, 0x00, 0x00, 0x00,
  0x00, 0x00, 0x00, 0x00, 0x00, 0x00, 0x01, 0x77, 0x7F, 0xFF, 0xFF, 0xFF, 0xFF, 0xFF, 0xFF, 0xFF,
  0xFF, 0xFF, 0xFF, 0xFF, 0xFF, 0xFF, 0xFF, 0xFF, 0xFF, 0xEB, 0xD7, 0x7F, 0xC8, 0x3F, 0xDF, 0x6F,
  0xFA, 0xEE, 0xEB, 0xAB, 0xAF, 0xFD, 0xD5, 0x7B, 0xEB, 0x6E, 0xFF, 0xB7, 0xFF, 0xDB, 0xF7, 0x7E,
  0xDA, 0xB5, 0xF7, 0x6A, 0xFF, 0x00, 0x00, 0x00, 0x00, 0x00, 0x00, 0x00, 0x00, 0x00, 0x00, 0x00,
  0x00, 0x00, 0x00, 0x00, 0x00, 0x00, 0x00, 0x00, 0x00, 0x00, 0x00, 0x00, 0x00, 0x00, 0x00, 0x00,
  0x00, 0x00, 0x00, 0x00, 0x00, 0x00, 0x00, 0x00, 0x00, 0x00, 0x00, 0x00, 0x00, 0x00, 0x00, 0x00,
  0x00, 0x00, 0x00, 0x00, 0x00, 0x00, 0x00, 0x00, 0x00, 0x00, 0x01, 0xFF, 0xFF, 0xFF, 0xFF, 0xFF,
  0xFF, 0xFF, 0xFF, 0xFF, 0xFF, 0xFF, 0xFF, 0xFF, 0xFF, 0xFF, 0xFF, 0xFF, 0x6D, 0xBE, 0xBD, 0xF7,
  0xF4, 0x9F, 0x75, 0xDA, 0xAF, 0x77, 0x7D, 0xFD, 0xF5, 0x57, 0x7F, 0xAE, 0xBE, 0xFB, 0xD6, 0xFD,
  0x5B, 0x7F, 0xBD, 0xD7, 0xF7, 0x6F, 0x5D, 0xFF, 0xDB, 0x80, 0x00, 0x00, 0x00, 0x00, 0x00, 0x00,
  0x00, 0x00, 0x00, 0x00, 0x00, 0x00, 0x00, 0x00, 0x00, 0x00, 0x00, 0x00, 0x00, 0x00, 0x00, 0x00,
  0x00, 0x00, 0x00, 0x00, 0x00, 0x00, 0x00, 0x00, 0x00, 0x00, 0x00, 0x00, 0x00, 0x00, 0x00, 0x00,
  0x00, 0x00, 0x00, 0x00, 0x00, 0x00, 0x00, 0x00, 0x00, 0x00, 0x00, 0x00, 0x00, 0x00, 0x01, 0xFF,
  0xFF, 0xFF, 0xFF, 0xFF, 0xFF, 0xFF, 0xFF, 0xFF, 0xFF, 0xF7, 0xFF, 0xFF, 0xFF, 0xFF, 0xFF, 0xFF,
  0xFF, 0xEB, 0xEB, 0x5F, 0xFA, 0x05, 0xFE, 0xEF, 0xF5, 0xBB, 0xAB, 0x56, 0xAF, 0xFD, 0xD5, 0xFB,
  0xEB, 0xAF, 0x7F, 0xD7, 0xFF, 0xFD, 0xFF, 0xFD, 0x5D, 0xFB, 0xF7, 0xB6, 0xFE, 0x80, 0x00, 0x00,
  0x00, 0x00, 0x00, 0x00, 0x00, 0x00, 0x00, 0x00, 0x00, 0x00, 0x00, 0x00, 0x00, 0x00, 0x00, 0x00,
  0x00, 0x00, 0x00, 0x00, 0x00, 0x00, 0x00, 0x00, 0x00, 0x00, 0x00, 0x00, 0x00, 0x00, 0x00, 0x00,
  0x00, 0x00, 0x00, 0x00, 0x00, 0x00, 0x00, 0x00, 0x00, 0x00, 0x00, 0x00, 0x00, 0x00, 0x00, 0x00,
  0x00, 0x00, 0x01, 0xFF, 0xFF, 0xFF, 0xFF, 0xFF, 0xFF, 0xFF, 0xFF, 0xFF, 0xFF, 0xFF, 0xFF, 0xFF,
  0xFF, 0xFF, 0xFF, 0xFF, 0xEA, 0xBE, 0xBF, 0xED, 0xBE, 0xA2, 0xF7, 0x75, 0x5E, 0xDD, 0x7E, 0xFB,
  0xFA, 0xAB, 0x7E, 0xAE, 0xBE, 0xFB, 0xD5, 0x7E, 0xDB, 0x6F, 0xDF, 0xFF, 0xF7, 0x5E, 0xBE, 0xFF,
  0xB7, 0x80, 0x00, 0x00, 0x00, 0x00, 0x00, 0x00, 0x00, 0x00, 0x00, 0x00, 0x00, 0x00, 0x00, 0x00,
  0x00, 0x00, 0x00, 0x00, 0x00, 0x00, 0x00, 0x00, 0x00, 0x00, 0x00, 0x00, 0x00, 0x00, 0x00, 0x00,
  0x00, 0x00, 0x00, 0x00, 0x00, 0x00, 0x00, 0x00, 0x00, 0x00, 0x00, 0x00, 0x00, 0x00, 0x00, 0x00,
  0x00, 0x00, 0x00, 0x00, 0x00, 0x00, 0x01, 0xDF, 0xFF, 0xFF, 0xFF, 0xFF, 0xFF, 0xFF, 0xFF, 0xFF,
  0xFF, 0xFF, 0xFF, 0xFF, 0xFF, 0xFF, 0xFF, 0xDB, 0xFF, 0xEB, 0xD5, 0x5B, 0xF7, 0x90, 0xBF, 0xBF,
  0xB7, 0xEB, 0xD7, 0xAE, 0xAF, 0xFF, 0xD7, 0xF7, 0xEB, 0xBD, 0x7F, 0xEF, 0xFF, 0xFB, 0x7B, 0xFF,
  0xFF, 0xF7, 0xEF, 0xDB, 0xFF, 0x80, 0x00, 0x00, 0x00, 0x00, 0x00, 0x00, 0x00, 0x00, 0x00, 0x00,
  0x00, 0x00, 0x00, 0x00, 0x00, 0x00, 0x00, 0x00, 0x00, 0x00, 0x00, 0x00, 0x00, 0x00, 0x00, 0x00,
  0x00, 0x00, 0x00, 0x00, 0x00, 0x00, 0x00, 0x00, 0x00, 0x00, 0x00, 0x00, 0x00, 0x00, 0x00, 0x00,
  0x00, 0x00, 0x00, 0x00, 0x00, 0x00, 0x00, 0x00, 0x00, 0x00, 0x01, 0xFF, 0xFF, 0xFF, 0xFF, 0xFF,
  0xFF, 0xFF, 0xFF, 0xFF, 0xFF, 0xFF, 0xFF, 0xFF, 0xFF, 0xFF, 0xFF, 0xEB, 0x7E, 0xBD, 0x7D, 0xF6,
  0xBF, 0xEA, 0x1F, 0xEA, 0xED, 0x5E, 0xFA, 0xF7, 0xF5, 0x55, 0x7D, 0x5D, 0x7E, 0xEF, 0xDB, 0x7A,
  0xAA, 0xDF, 0xFF, 0x7F, 0xDD, 0xFE, 0xFB, 0x7F, 0xED, 0x80, 0x00, 0x00, 0x00, 0x00, 0x00, 0x00,
  0x00, 0x00, 0x00, 0x00, 0x00, 0x00, 0x00, 0x00, 0x00, 0x00, 0x00, 0x00, 0x00, 0x00, 0x00, 0x00,
  0x00, 0x00, 0x00, 0x00, 0x00, 0x00, 0x00, 0x00, 0x00, 0x00, 0x00, 0x00, 0x00, 0x00, 0x00, 0x00,
  0x00, 0x00, 0x00, 0x00, 0x00, 0x00, 0x00, 0x00, 0x00, 0x00, 0x00, 0x00, 0x00, 0x00, 0x01, 0xFF,
  0xFF, 0xFF, 0xFF, 0xFF, 0xFF, 0xFF, 0xFF, 0xFF, 0xFF, 0xFF, 0xFF, 0xFF, 0xFF, 0xFF, 0xFF, 0xE9,
  0xFF, 0xEB, 0xAB, 0x5D, 0xDF, 0xF8, 0x47, 0xFF, 0x7B, 0xF7, 0x57, 0x5A, 0xAF, 0xFF, 0xD7, 0xF7,
  0xAB, 0xB5, 0x7D, 0xDF, 0xFF, 0xF6, 0xDB, 0xF7, 0xFF, 0xBF, 0xFF, 0xFE, 0xFF, 0x80, 0x00, 0x00,
  0x00, 0x00, 0x00, 0x00, 0x00, 0x00, 0x00, 0x00, 0x00, 0x00, 0x00, 0x00, 0x00, 0x00, 0x00, 0x00,
  0x00, 0x00, 0x00, 0x00, 0x00, 0x00, 0x00, 0x00, 0x00, 0x00, 0x00, 0x00, 0x00, 0x00, 0x00, 0x00,
  0x00, 0x00, 0x00, 0x00, 0x00, 0x00, 0x00, 0x00, 0x00, 0x00, 0x00, 0x00, 0x00, 0x00, 0x00, 0x00,
  0x00, 0x00, 0x01, 0xFF, 0xFF, 0xFF, 0xFF, 0xFF, 0xFF, 0xFF, 0xFF, 0xFF, 0xFF, 0xFF, 0xFF, 0xFF,
  0xFF, 0xFF, 0xFF, 0xF4, 0x2F, 0xDE, 0xF7, 0x6B, 0x6A, 0xFE, 0x01, 0x75, 0xAE, 0xAD, 0xFD, 0xEF,
  0xFA, 0xAA, 0xFD, 0x5D, 0xFE, 0xFF, 0xD7, 0x75, 0xB6, 0xBF, 0xFF, 0xDF, 0x7F, 0xF7, 0xDF, 0xEF,
  0xFF, 0x80, 0x00, 0x00, 0x00, 0x00, 0x00, 0x00, 0x00, 0x00, 0x00, 0x00, 0x00, 0x00, 0x00, 0x00,
  0x00, 0x00, 0x00, 0x00, 0x00, 0x00, 0x00, 0x00, 0x00, 0x00, 0x00, 0x00, 0x00, 0x00, 0x00, 0x00,
  0x00, 0x00, 0x00, 0x00, 0x00, 0x00, 0x00, 0x00, 0x00, 0x00, 0x00, 0x00, 0x00, 0x00, 0x00, 0x00,
  0x00, 0x00, 0x00, 0x00, 0x00, 0x00, 0x01, 0xFF, 0xFF, 0xFF, 0xFF, 0xFF, 0xFF, 0xFF, 0xFF, 0xFF,
  0xFF, 0xFF, 0xFF, 0xFF, 0xFF, 0xFF, 0xFF, 0xFA, 0x9B, 0xFB, 0x5D, 0xBE, 0xFF, 0xBF, 0xA0, 0xFF,
  0xF7, 0x7B, 0x57, 0x7A, 0xAF, 0xFF, 0x57, 0xF6, 0xAB, 0xAB, 0x7D, 0xDF, 0xFF, 0xED, 0xB6, 0xFF,
  0xED, 0xFF, 0x7D, 0xFF, 0xDF, 0x80, 0x00, 0x00, 0x00, 0x00, 0x00, 0x00, 0x00, 0x00, 0x00, 0x00,
  0x00, 0x00, 0x00, 0x00, 0x00, 0x00, 0x00, 0x00, 0x00, 0x00, 0x00, 0x00, 0x00, 0x00, 0x00, 0x00,
  0x00, 0x00, 0x00, 0x00, 0x00, 0x00, 0x00, 0x00, 0x00, 0x00, 0x00, 0x00, 0x00, 0x00, 0x00, 0x00,
  0x00, 0x00, 0x00, 0x00, 0x00, 0x00, 0x00, 0x00, 0x00, 0x00, 0x01, 0xFF, 0xFF, 0xFF, 0xFF, 0xFF,
  0xFF, 0xFF, 0xFF, 0xFF, 0xFF, 0xFF, 0xFF, 0xFF, 0xFF, 0xFF, 0xFF, 0xFE, 0x47, 0xFD, 0xEB, 0x6B,
  0xAA, 0xEF, 0xD4, 0x1F, 0xBA, 0xD7, 0xFB, 0xAF, 0xDA, 0xAB, 0xFD, 0x5F, 0xFE, 0xFE, 0xEF, 0x7A,
  0xAA, 0xFF, 0xFF, 0xFD, 0xFF, 0xBD, 0xFF, 0xFF, 0x7F, 0x80, 0x00, 0x00, 0x00, 0x00, 0x00, 0x00,
  0x00, 0x00, 0x00, 0x00, 0x00, 0x00, 0x00, 0x00, 0x00, 0x00, 0x00, 0x00, 0x00, 0x00, 0x00, 0x00,
  0x00, 0x00, 0x00, 0x00, 0x00, 0x00, 0x00, 0x00, 0x00, 0x00, 0x00, 0x00, 0x00, 0x00, 0x00, 0x00,
  0x00, 0x00, 0x00, 0x00, 0x00, 0x00, 0x00, 0x00, 0x00, 0x00, 0x00, 0x00, 0x00, 0x00, 0x01, 0xFF,
  0xFF, 0xFF, 0xFF, 0xFF, 0xFF, 0xFF, 0xFF, 0xFF, 0xFF, 0xFF, 0xFF, 0xFF, 0xFF, 0xFF, 0xFF, 0xFF,
  0xA0, 0xDF, 0x7D, 0xDD, 0x6D, 0xBB, 0xF0, 0x07, 0xEF, 0xFD, 0x56, 0xF5, 0x7F, 0xFD, 0x57, 0xF5,
  0x57, 0xAB, 0xBB, 0xEF, 0xFF, 0xAA, 0xAB, 0x6F, 0xB6, 0xF7, 0xF7, 0xBB, 0xFD, 0x80, 0x00, 0x00,
  0x00, 0x00, 0x00, 0x00, 0x00, 0x00, 0x00, 0x00, 0x00, 0x00, 0x00, 0x00, 0x00, 0x00, 0x00, 0x00,
  0x00, 0x00, 0x00, 0x00, 0x00, 0x00, 0x00, 0x00, 0x00, 0x00, 0x00, 0x00, 0x00, 0x00, 0x00, 0x00,
  0x00, 0x00, 0x00, 0x00, 0x00, 0x00, 0x00, 0x00, 0x00, 0x00, 0x00, 0x00, 0x00, 0x00, 0x00, 0x00,
  0x00, 0x00, 0x01, 0xFF, 0xFF, 0xFF, 0xFF, 0xFF, 0xFF, 0xFF, 0xFF, 0xFF, 0xFF, 0xFF, 0xFF, 0xFF,
  0xF5, 0xFF, 0xFF, 0xFF, 0xD5, 0x7F, 0xD6, 0xEF, 0xB7, 0x6F, 0xFE, 0x82, 0xFD, 0x57, 0xBD, 0xBF,
  0xAA, 0xAF, 0xFD, 0x5F, 0xFA, 0xFE, 0xEE, 0xBB, 0x56, 0xFF, 0xFF, 0xFB, 0xFF, 0xFF, 0xDE, 0xFF,
  0xFF, 0x80, 0x00, 0x00, 0x00, 0x00, 0x00, 0x00, 0x00, 0x00, 0x00, 0x00, 0x00, 0x00, 0x00, 0x00,
  0x00, 0x00, 0x00, 0x00, 0x00, 0x00, 0x00, 0x00, 0x00, 0x00, 0x00, 0x00, 0x00, 0x00, 0x00, 0x00,
  0x00, 0x00, 0x00, 0x00, 0x00, 0x00, 0x00, 0x00, 0x00, 0x00, 0x00, 0x00, 0x00, 0x00, 0x00, 0x00,
  0x00, 0x00, 0x00, 0x00, 0x00, 0x00, 0x01, 0xFF, 0xFF, 0xFF, 0xFF, 0xFF, 0xFF, 0xFF, 0xFF, 0xFF,
  0xFF, 0xFF, 0xFF, 0xFF, 0xFF, 0xFF, 0xFF, 0xFE, 0xF4, 0x1F, 0xFB, 0x5A, 0xDD, 0xDD, 0x7F, 0x48,
  0xFF, 0xFA, 0xEF, 0x6A, 0xFF, 0xF5, 0x57, 0xF5, 0x5F, 0xAB, 0xBB, 0xEE, 0xFD, 0xDB, 0x7B, 0x5E,
  0xDB, 0xBB, 0x7F, 0xEF, 0xEF, 0x80, 0x00, 0x00, 0x00, 0x00, 0x00, 0x00, 0x00, 0x00, 0x00, 0x00,
  0x00, 0x00, 0x00, 0x00, 0x00, 0x00, 0x00, 0x00, 0x00, 0x00, 0x00, 0x00, 0x00, 0x00, 0x00, 0x00,
  0x00, 0x00, 0x00, 0x00, 0x00, 0x00, 0x00, 0x00, 0x00, 0x00, 0x00, 0x00, 0x00, 0x00, 0x00, 0x00,
  0x00, 0x00, 0x00, 0x00, 0x00, 0x00, 0x00, 0x00, 0x00, 0x00, 0x01, 0xFF, 0xFF, 0xFF, 0xFF, 0xFF,
  0xFF, 0xFF, 0xFF, 0xFF, 0xFF, 0xFF, 0xFF, 0xFF, 0xD5, 0xBF, 0xFF, 0xFF, 0xFA, 0xA5, 0xBD, 0xED,
  0xB6, 0xF7, 0xDF, 0xD0, 0x1F, 0x5F, 0x75, 0xDF, 0x55, 0x5F, 0xFA, 0xBF, 0xF5, 0xFE, 0xEE, 0xBB,
  0xD7, 0x7F, 0xDF, 0xFB, 0xFE, 0xEF, 0xFB, 0xFD, 0xBD, 0x80, 0x00, 0x00, 0x00, 0x00, 0x00, 0x00,
  0x00, 0x00, 0x00, 0x00, 0x00, 0x00, 0x00, 0x00, 0x00, 0x00, 0x00, 0x00, 0x00, 0x00, 0x00, 0x00,
  0x00, 0x00, 0x00, 0x00, 0x00, 0x00, 0x00, 0x00, 0x00, 0x00, 0x00, 0x00, 0x00, 0x00, 0x00, 0x00,
  0x00, 0x00, 0x00, 0x00, 0x00, 0x00, 0x00, 0x00, 0x00, 0x00, 0x00, 0x00, 0x00, 0x00, 0x01, 0xFF,
  0xFF, 0xFF, 0xFF, 0xFF, 0xFF, 0xFF, 0xFF, 0xFF, 0xFF, 0xFF, 0xFF, 0xFF, 0xBE, 0xFF, 0xFF, 0xFD,
  0xDF, 0x03, 0xF7, 0x76, 0xED, 0xAD, 0x7B, 0xE8, 0x0B, 0xF5, 0xBE, 0xF5, 0xFF, 0xEA, 0xAF, 0xEA,
  0xBF, 0x57, 0xBB, 0xEE, 0xFD, 0xD5, 0x75, 0xBF, 0x6F, 0xFF, 0xDF, 0x77, 0xFF, 0x80, 0x00, 0x00,
  0x00, 0x00, 0x00, 0x00, 0x00, 0x00, 0x00, 0x00, 0x00, 0x00, 0x00, 0x00, 0x00, 0x00, 0x00, 0x00,
  0x00, 0x00, 0x00, 0x00, 0x00, 0x00, 0x00, 0x00, 0x00, 0x00, 0x00, 0x00, 0x00, 0x00, 0x00, 0x00,
  0x00, 0x00, 0x00, 0x00, 0x00, 0x00, 0x00, 0x00, 0x00, 0x00, 0x00, 0x00, 0x00, 0x00, 0x00, 0x00,
  0x00, 0x00, 0x01, 0xFF, 0xFF, 0xFF, 0xFF, 0xFF, 0xFF, 0xFF, 0xFF, 0xFF, 0xFF, 0xFF, 0xFF, 0xFF,
  0xEB, 0xFF, 0xFF, 0xFF, 0x7F, 0xE8, 0x7F, 0xAF, 0x77, 0x77, 0xAF, 0xFE, 0x05, 0xFF, 0xD5, 0xBE,
  0xAA, 0xBF, 0xFB, 0x7F, 0xEB, 0xFA, 0xEE, 0xFB, 0xAF, 0x7F, 0xDF, 0xEB, 0xFB, 0x6D, 0x7D, 0xDF,
  0x77, 0x80, 0x00, 0x00, 0x00, 0x00, 0x00, 0x00, 0x00, 0x00, 0x00, 0x00, 0x00, 0x00, 0x00, 0x00,
  0x00, 0x00, 0x00, 0x00, 0x00, 0x00, 0x00, 0x00, 0x00, 0x00, 0x00, 0x00, 0x00, 0x00, 0x00, 0x00,
  0x00, 0x00, 0x00, 0x00, 0x00, 0x00, 0x00, 0x00, 0x00, 0x00, 0x00, 0x00, 0x00, 0x00, 0x00, 0x00,
  0x00, 0x00, 0x00, 0x00, 0x00, 0x00, 0x01, 0xFF, 0xFF, 0xFF, 0xFF, 0xFF, 0xFF, 0xFF, 0xFF, 0xFF,
  0xFF, 0xFF, 0xFF, 0xFF, 0xFD, 0xBF, 0xFF, 0xFF, 0xF7, 0xA2, 0x5F, 0xFA, 0xDD, 0xDD, 0x7A, 0xFE,
  0x80, 0xFD, 0x7F, 0x6B, 0xFF, 0xD5, 0x5D, 0xAA, 0xBD, 0x5F, 0xBB, 0xAE, 0xFB, 0xDA, 0xFB, 0x7E,
  0xAF, 0xFF, 0xEF, 0xFD, 0xFD, 0x80, 0x00, 0x00, 0x00, 0x00, 0x00, 0x00, 0x00, 0x00, 0x00, 0x00,
  0x00, 0x00, 0x00, 0x00, 0x00, 0x00, 0x00, 0x00, 0x00, 0x00, 0x00, 0x00, 0x00, 0x00, 0x00, 0x00,
  0x00, 0x00, 0x00, 0x00, 0x00, 0x00, 0x00, 0x00, 0x00, 0x00, 0x00, 0x00, 0x00, 0x00, 0x00, 0x00,
  0x00, 0x00, 0x00, 0x00, 0x00, 0x00, 0x00, 0x00, 0x00, 0x00, 0x01, 0xFF, 0xFF, 0xFF, 0xFF, 0xFF,
  0xFF, 0xFF, 0xFF, 0xFF, 0xFF, 0xFF, 0xFF, 0xFF, 0xF7, 0x7F, 0xFF, 0xFE, 0xBE, 0xFC, 0x17, 0xDD,
  0xB6, 0xB7, 0xDF, 0xB7, 0xE0, 0x2F, 0xD5, 0xDE, 0xD5, 0x7F, 0xEF, 0xFF, 0xEF, 0xEA, 0xEE, 0xFB,
  0xAE, 0xEF, 0xBF, 0xAF, 0xFD, 0xB6, 0xFE, 0xF7, 0xDF, 0x80, 0x00, 0x00, 0x00, 0x00, 0x00, 0x00,
  0x00, 0x00, 0x00, 0x00, 0x00, 0x00, 0x00, 0x00, 0x00, 0x00, 0x00, 0x00, 0x00, 0x00, 0x00, 0x00,
  0x00, 0x00, 0x00, 0x00, 0x00, 0x00, 0x00, 0x00, 0x00, 0x00, 0x00, 0x00, 0x00, 0x00, 0x00, 0x00,
  0x00, 0x00, 0x00, 0x00, 0x00, 0x00, 0x00, 0x00, 0x00, 0x00, 0x00, 0x00, 0x00, 0x00, 0x01, 0xFF,
  0xFF, 0xFF, 0xFF, 0xFF, 0xFF, 0xFF, 0xFF, 0xFF, 0xFF, 0xFF, 0xFF, 0xFF, 0xFF, 0xFF, 0xFF, 0xFF,
  0xD7, 0xFE, 0x85, 0xFF, 0xDB, 0xED, 0x6A, 0xFF, 0xF4, 0x0F, 0xFE, 0xF7, 0x7F, 0xD5, 0x75, 0x56,
  0xFA, 0xBF, 0xBB, 0xAE, 0xFB, 0xBB, 0x6A, 0xFA, 0xDB, 0xFF, 0xB7, 0xBF, 0x76, 0x80, 0x00, 0x00,
  0x00, 0x00, 0x00, 0x00, 0x00, 0x00, 0x00, 0x00, 0x00, 0x00, 0x00, 0x00, 0x00, 0x00, 0x00, 0x00,
  0x00, 0x00, 0x00, 0x00, 0x00, 0x00, 0x00, 0x00, 0x00, 0x00, 0x00, 0x00, 0x00, 0x00, 0x00, 0x00,
  0x00, 0x00, 0x00, 0x00, 0x00, 0x00, 0x00, 0x00, 0x00, 0x00, 0x00, 0x00, 0x00, 0x00, 0x00, 0x00,
  0x00, 0x00, 0x01, 0xFF, 0xFF, 0xFF, 0xFF, 0xFF, 0xFF, 0xFF, 0xFF, 0xFF, 0xFF, 0xFF, 0xFF, 0xFF,
  0xFF, 0x6F, 0xFF, 0xFF, 0x7A, 0xFF, 0x50, 0xF6, 0xEE, 0xBB, 0xBF, 0x57, 0x7A, 0x03, 0xF7, 0x5B,
  0xD5, 0x7F, 0xBF, 0xFD, 0xAF, 0xEA, 0xEE, 0xFB, 0xAE, 0xEF, 0xFF, 0xB7, 0xBE, 0xAA, 0xFD, 0xED,
  0xFF, 0x80, 0x00, 0x00, 0x00, 0x00, 0x00, 0x00, 0x00, 0x00, 0x00, 0x00, 0x00, 0x00, 0x00, 0x00,
  0x00, 0x00, 0x00, 0x00, 0x00, 0x00, 0x00, 0x00, 0x00, 0x00, 0x00, 0x00, 0x00, 0x00, 0x00, 0x00,
  0x00, 0x00, 0x00, 0x00, 0x00, 0x00, 0x00, 0x00, 0x00, 0x00, 0x00, 0x00, 0x00, 0x00, 0x00, 0x00,
  0x00, 0x00, 0x00, 0x00, 0x00, 0x00, 0x01, 0xFF, 0xFF, 0xFF, 0xFF, 0xFF, 0xFF, 0xFF, 0xFF, 0xFF,
  0xFF, 0xFF, 0xFF, 0xFF, 0xFF, 0xFF, 0xFF, 0xFF, 0xD7, 0xB7, 0xD2, 0x3F, 0xBB, 0xDE, 0xEA, 0xFD,
  0xFE, 0x80, 0xBF, 0xFD, 0x7F, 0xAA, 0xD5, 0x57, 0xFB, 0x7F, 0xBB, 0xAE, 0xFB, 0xBA, 0xAA, 0xFD,
  0xEF, 0xFF, 0xD7, 0x7F, 0xDB, 0x80, 0x00, 0x00, 0x00, 0x00, 0x00, 0x00, 0x00, 0x00, 0x00, 0x00,
  0x00, 0x00, 0x00, 0x00, 0x00, 0x00, 0x00, 0x00, 0x00, 0x00, 0x00, 0x00, 0x00, 0x00, 0x00, 0x00,
  0x00, 0x00, 0x00, 0x00, 0x00, 0x00, 0x00, 0x00, 0x00, 0x00, 0x00, 0x00, 0x00, 0x00, 0x00, 0x00,
  0x00, 0x00, 0x00, 0x00, 0x00, 0x00, 0x00, 0x00, 0x00, 0x00, 0x01, 0xFF, 0xFF, 0xFF, 0xFF, 0xFF,
  0xFF, 0xFF, 0xFF, 0xFF, 0xFF, 0xFF, 0xFF, 0xFF, 0xFF, 0xFF, 0xFF, 0xFF, 0xFD, 0xDF, 0xF0, 0x1F,
  0xED, 0x6B, 0x77, 0xAF, 0x6F, 0xA0, 0x7D, 0xAF, 0xDA, 0xFF, 0xFF, 0xFD, 0x5E, 0xD5, 0xDE, 0xFB,
  0xB6, 0xEF, 0xFF, 0xAF, 0x7A, 0xDB, 0x7F, 0xDB, 0x7E, 0x80, 0x00, 0x00, 0x00, 0x00, 0x00, 0x00,
  0x00, 0x00, 0x00, 0x00, 0x00, 0x00, 0x00, 0x00, 0x00, 0x00, 0x00, 0x00, 0x00, 0x00, 0x00, 0x00,
  0x00, 0x00, 0x00, 0x00, 0x00, 0x00, 0x00, 0x00, 0x00, 0x00, 0x00, 0x00, 0x00, 0x00, 0x00, 0x00,
  0x00, 0x00, 0x00, 0x00, 0x00, 0x00, 0x00, 0x00, 0x00, 0x00, 0x00, 0x00, 0x00, 0x00, 0x01, 0xFF,
  0xFF, 0xFF, 0xFF, 0xFF, 0xFF, 0xFF, 0xFF, 0xFF, 0xFF, 0xFF, 0xFF, 0xFF, 0xFF, 0xFF, 0xFF, 0xFF,
  0x56, 0xF6, 0xFE, 0x83, 0xFF, 0xBD, 0xBD, 0xF5, 0xFF, 0xE8, 0x0F, 0xFA, 0xEF, 0xAA, 0xAA, 0xAF,
  0xF7, 0xFE, 0xEB, 0xAE, 0xEF, 0xBA, 0xAB, 0xFB, 0xAF, 0xFF, 0xED, 0xFF, 0xEF, 0x80, 0x00, 0x00,
  0x00, 0x00, 0x00, 0x00, 0x00, 0x00, 0x00, 0x00, 0x00, 0x00, 0x00, 0x00, 0x00, 0x00, 0x00, 0x00,
  0x00, 0x00, 0x00, 0x00, 0x00, 0x00, 0x00, 0x00, 0x00, 0x00, 0x00, 0x00, 0x00, 0x00, 0x00, 0x00,
  0x00, 0x00, 0x00, 0x00, 0x00, 0x00, 0x00, 0x00, 0x00, 0x00, 0x00, 0x00, 0x00, 0x00, 0x00, 0x00,
  0x00, 0x00, 0x01, 0xFF, 0xFF, 0xFF, 0xFF, 0xFF, 0xFF, 0xFF, 0xFF, 0xFF, 0xFF, 0xFF, 0xFA, 0xFF,
  0xE9, 0xFF, 0xFF, 0xFF, 0xFB, 0x5B, 0xDF, 0x04, 0xFD, 0xEF, 0xD6, 0xAE, 0xAB, 0xF8, 0x03, 0xFF,
  0xBA, 0xFF, 0xFF, 0xF5, 0x5A, 0xAB, 0x7E, 0xFB, 0xBA, 0xEF, 0xFE, 0xAE, 0xFB, 0x55, 0xBE, 0xAD,
  0xBB, 0x00, 0x00, 0x00, 0x00, 0x00, 0x00, 0x00, 0x00, 0x00, 0x00, 0x00, 0x00, 0x00, 0x00, 0x00,
  0x00, 0x00, 0x00, 0x00, 0x00, 0x00, 0x00, 0x00, 0x00, 0x00, 0x00, 0x00, 0x00, 0x00, 0x00, 0x00,
  0x00, 0x00, 0x00, 0x00, 0x00, 0x00, 0x00, 0x00, 0x00, 0x00, 0x00, 0x00, 0x00, 0x00, 0x00, 0x00,
  0x00, 0x00, 0x00, 0x00, 0x00, 0x00, 0x01, 0xFF, 0xFF, 0xFF, 0xFF, 0xFF, 0xFF, 0xFF, 0xFF, 0xFF,
  0xFF, 0xFF, 0xEF, 0x7F, 0xFA, 0x37, 0xFF, 0xFF, 0xED, 0xEE, 0xFF, 0xE0, 0x5F, 0x75, 0x7B, 0xBB,
  0xFE, 0xFF, 0x00, 0xEE, 0xEF, 0x55, 0x55, 0x5F, 0xFF, 0xFF, 0xAB, 0xAE, 0xEF, 0xBB, 0x57, 0xFB,
  0xBE, 0xFF, 0xEB, 0xFE, 0xFF, 0x80, 0x00, 0x00, 0x00, 0x00, 0x00, 0x00, 0x00, 0x00, 0x00, 0x00,
  0x00, 0x00, 0x00, 0x00, 0x00, 0x00, 0x00, 0x00, 0x00, 0x00, 0x00, 0x00, 0x00, 0x00, 0x00, 0x00,
  0x00, 0x00, 0x00, 0x00, 0x00, 0x00, 0x00, 0x00, 0x00, 0x00, 0x00, 0x00, 0x00, 0x00, 0x00, 0x00,
  0x00, 0x00, 0x00, 0x00, 0x00, 0x00, 0x00, 0x00, 0x00, 0x00, 0x01, 0xFF, 0xFF, 0xFF, 0xFF, 0xFF,
  0xFF, 0xFF, 0xFF, 0xFF, 0xFF, 0xFF, 0xF5, 0xDF, 0xF9, 0x5F, 0xFF, 0xFF, 0xF7, 0x5B, 0x6D, 0xF0,
  0x2F, 0xDF, 0xAD, 0x6D, 0x55, 0xBF, 0x80, 0x3F, 0xBB, 0xFF, 0xFF, 0xF5, 0x55, 0x55, 0xFE, 0xFB,
  0xBD, 0xEE, 0xFD, 0x5E, 0xEB, 0xDA, 0xBF, 0x6B, 0xD5, 0x80, 0x00, 0x00, 0x00, 0x00, 0x00, 0x00,
  0x00, 0x00, 0x00, 0x00, 0x00, 0x00, 0x00, 0x00, 0x00, 0x00, 0x00, 0x00, 0x00, 0x00, 0x00, 0x00,
  0x00, 0x00, 0x00, 0x00, 0x00, 0x00, 0x00, 0x00, 0x00, 0x00, 0x00, 0x00, 0x00, 0x00, 0x00, 0x00,
  0x00, 0x00, 0x00, 0x00, 0x00, 0x00, 0x00, 0x00, 0x00, 0x00, 0x00, 0x00, 0x00, 0x00, 0x01, 0xFF,
  0xFF, 0xFF, 0xFF, 0xFF, 0xFF, 0xFF, 0xFF, 0xFF, 0xFF, 0xFF, 0xBE, 0xB7, 0xFE, 0x0D, 0xFF, 0xFF,
  0xDD, 0xED, 0xBF, 0xDD, 0x0B, 0xFA, 0xF7, 0xDB, 0xDF, 0x6F, 0xF0, 0x1F, 0xF6, 0xAA, 0xAA, 0xAF,
  0xFF, 0xFE, 0xAB, 0xAE, 0xF7, 0x7B, 0xD7, 0xF7, 0xBF, 0x7F, 0xF7, 0xFF, 0x7F, 0x00, 0x00, 0x00,
  0x00, 0x00, 0x00, 0x00, 0x00, 0x00, 0x00, 0x00, 0x00, 0x00, 0x00, 0x00, 0x00, 0x00, 0x00, 0x00,
  0x00, 0x00, 0x00, 0x00, 0x00, 0x00, 0x00, 0x00, 0x00, 0x00, 0x00, 0x00, 0x00, 0x00, 0x00, 0x00,
  0x00, 0x00, 0x00, 0x00, 0x00, 0x00, 0x00, 0x00, 0x00, 0x00, 0x00, 0x00, 0x00, 0x00, 0x00, 0x00,
  0x00, 0x00, 0x01, 0xFF, 0xFF, 0xFF, 0xFF, 0xFF, 0xFF, 0xFF, 0xFF, 0xFF, 0xFF, 0xFE, 0xD5, 0xDB,
  0xFF, 0x53, 0xBF, 0xFF, 0xFB, 0x5E, 0xEB, 0x7D, 0x03, 0xFF, 0x5A, 0xBE, 0xB5, 0xFB, 0xF8, 0x03,
  0xFD, 0xFF, 0x7D, 0xFA, 0xAA, 0xAB, 0xFD, 0xFB, 0xDD, 0xAE, 0xFD, 0x5A, 0xED, 0xD6, 0xDD, 0x5B,
  0xED, 0x80, 0x00, 0x00, 0x00, 0x00, 0x00, 0x00, 0x00, 0x00, 0x00, 0x00, 0x00, 0x00, 0x00, 0x00,
  0x00, 0x00, 0x00, 0x00, 0x00, 0x00, 0x00, 0x00, 0x00, 0x00, 0x00, 0x00, 0x00, 0x00, 0x00, 0x00,
  0x00, 0x00, 0x00, 0x00, 0x00, 0x00, 0x00, 0x00, 0x00, 0x00, 0x00, 0x00, 0x00, 0x00, 0x00, 0x00,
  0x00, 0x00, 0x00, 0x00, 0x00, 0x00, 0x01, 0xFF, 0xFF, 0xFF, 0xFF, 0xFF, 0xFF, 0xFF, 0xFF, 0xFF,
  0xFF, 0xFF, 0x6E, 0xED, 0x7F, 0xA0, 0xFF, 0xFF, 0xF6, 0xF7, 0xBD, 0xFF, 0xA0, 0x77, 0xEF, 0x6B,
  0xEE, 0xAE, 0xFF, 0x00, 0xDF, 0x55, 0xD7, 0x5F, 0xFF, 0xFD, 0x56, 0xAF, 0x77, 0xFB, 0xAF, 0xFF,
  0xBB, 0x7F, 0x77, 0xFE, 0xBF, 0x80, 0x00, 0x00, 0x00, 0x00, 0x00, 0x00, 0x00, 0x00, 0x00, 0x00,
  0x00, 0x00, 0x00, 0x00, 0x00, 0x00, 0x00, 0x00, 0x00, 0x00, 0x00, 0x00, 0x00, 0x00, 0x00, 0x00,
  0x00, 0x00, 0x00, 0x00, 0x00, 0x00, 0x00, 0x00, 0x00, 0x00, 0x00, 0x00, 0x00, 0x00, 0x00, 0x00,
  0x00, 0x00, 0x00, 0x00, 0x00, 0x00, 0x00, 0x00, 0x00, 0x00, 0x01, 0xFF, 0xFF, 0xFF, 0xFF, 0xFF,
  0xFF, 0xFF, 0xFF, 0xFF, 0xFF, 0xF5, 0xBB, 0x5B, 0xBF, 0xEA, 0x37, 0xFF, 0xFF, 0x5A, 0xD7, 0x6F,
  0xD0, 0x1E, 0xB5, 0xDD, 0x5B, 0xDB, 0xBF, 0x80, 0x7F, 0xFB, 0x7B, 0xEA, 0xAA, 0xAF, 0xFB, 0xFB,
  0xBD, 0x5E, 0xF5, 0x55, 0xEF, 0xEB, 0xDE, 0xD7, 0xF6, 0x80, 0x00, 0x00, 0x00, 0x00, 0x00, 0x00,
  0x00, 0x00, 0x00, 0x00, 0x00, 0x00, 0x00, 0x00, 0x00, 0x00, 0x00, 0x00, 0x00, 0x00, 0x00, 0x00,
  0x00, 0x00, 0x00, 0x00, 0x00, 0x00, 0x00, 0x00, 0x00, 0x00, 0x00, 0x00, 0x00, 0x00, 0x00, 0x00,
  0x00, 0x00, 0x00, 0x00, 0x00, 0x00, 0x00, 0x00, 0x00, 0x00, 0x00, 0x00, 0x00, 0x00, 0x01, 0xFF,
  0xFF, 0xFF, 0xFF, 0xFF, 0xFF, 0xFF, 0xFF, 0xFF, 0xFF, 0xFE, 0xD6, 0xED, 0x6B, 0xF9, 0x4F, 0xFF,
  0xF5, 0xEF, 0x7B, 0xBD, 0xF8, 0x17, 0xFE, 0xB7, 0xBD, 0x76, 0xEF, 0xE0, 0x1B, 0xDE, 0xDD, 0x7F,
  0xFF, 0xF5, 0x5E, 0xAE, 0xEB, 0xF7, 0xBF, 0xFF, 0x7D, 0xBE, 0xFB, 0xFD, 0xBF, 0x80, 0x00, 0x00,
  0x00, 0x00, 0x00, 0x00, 0x00, 0x00, 0x00, 0x00, 0x00, 0x00, 0x00, 0x00, 0x00, 0x00, 0x00, 0x00,
  0x00, 0x00, 0x00, 0x00, 0x00, 0x00, 0x00, 0x00, 0x00, 0x00, 0x00, 0x00, 0x00, 0x00, 0x00, 0x00,
  0x00, 0x00, 0x00, 0x00, 0x00, 0x00, 0x00, 0x00, 0x00, 0x00, 0x00, 0x00, 0x00, 0x00, 0x00, 0x00,
  0x00, 0x00, 0x01, 0xFF, 0xFF, 0xFF, 0xFF, 0xFF, 0xFF, 0xFF, 0xFF, 0xFF, 0xFF, 0xD5, 0xBB, 0x5F,
  0xBE, 0xFE, 0x15, 0xFF, 0xFE, 0xB5, 0xAD, 0xD7, 0xFE, 0x45, 0xEB, 0xDA, 0xEB, 0xBF, 0xBD, 0xFA,
  0x07, 0xF7, 0xEF, 0xAA, 0xAA, 0xBF, 0xEB, 0xFB, 0xBE, 0xDD, 0xD5, 0x55, 0xD7, 0x77, 0xB7, 0x5F,
  0xEA, 0x80, 0x00, 0x00, 0x00, 0x00, 0x00, 0x00, 0x00, 0x00, 0x00, 0x00, 0x00, 0x00, 0x00, 0x00,
  0x00, 0x00, 0x00, 0x00, 0x00, 0x00, 0x00, 0x00, 0x00, 0x00, 0x00, 0x00, 0x00, 0x00, 0x00, 0x00,
  0x00, 0x00, 0x00, 0x00, 0x00, 0x00, 0x00, 0x00, 0x00, 0x00, 0x00, 0x00, 0x00, 0x00, 0x00, 0x00,
  0x00, 0x00, 0x00, 0x00, 0x00, 0x00, 0x01, 0xFF, 0xFF, 0xFF, 0xFF, 0xFF, 0xFF, 0xFF, 0xFF, 0xFF,
  0xFF, 0xFE, 0xED, 0xEA, 0xD5, 0xDF, 0x82, 0xEF, 0xFB, 0xDE, 0xF6, 0xBD, 0xBF, 0x01, 0x7E, 0xEF,
  0x7E, 0xD5, 0xEF, 0xFD, 0x01, 0x7D, 0x5A, 0xFF, 0xFF, 0xD5, 0x5E, 0xAE, 0xEB, 0xB6, 0xFF, 0xFF,
  0x7D, 0xDD, 0xFD, 0xF5, 0x7F, 0x80, 0x00, 0x00, 0x00, 0x00, 0x00, 0x00, 0x00, 0x00, 0x00, 0x00,
  0x00, 0x00, 0x00, 0x00, 0x00, 0x00, 0x00, 0x00, 0x00, 0x00, 0x00, 0x00, 0x00, 0x00, 0x00, 0x00,
  0x00, 0x00, 0x00, 0x00, 0x00, 0x00, 0x00, 0x00, 0x00, 0x00, 0x00, 0x00, 0x00, 0x00, 0x00, 0x00,
  0x00, 0x00, 0x00, 0x00, 0x00, 0x00, 0x00, 0x00, 0x00, 0x00, 0x01, 0xFF, 0xFF, 0xFF, 0xFF, 0xFF,
  0xFF, 0xFF, 0xFF, 0xFF, 0xFF, 0xF5, 0xB7, 0x5D, 0x77, 0x7F, 0xE8, 0x7F, 0xFE, 0xB5, 0xAF, 0xEB,
  0x77, 0xD0, 0x7F, 0xBA, 0xD5, 0xFE, 0xBB, 0x7F, 0x40, 0xBF, 0xF7, 0x55, 0x55, 0x7F, 0xF7, 0xFB,
  0xBE, 0xFF, 0x55, 0xB7, 0xDF, 0x7F, 0x57, 0xBF, 0xDB, 0x80, 0x00, 0x00, 0x00, 0x00, 0x00, 0x00,
  0x00, 0x00, 0x00, 0x00, 0x00, 0x00, 0x00, 0x00, 0x00, 0x00, 0x00, 0x00, 0x00, 0x00, 0x00, 0x00,
  0x00, 0x00, 0x00, 0x00, 0x00, 0x00, 0x00, 0x00, 0x00, 0x00, 0x00, 0x00, 0x00, 0x00, 0x00, 0x00,
  0x00, 0x00, 0x00, 0x00, 0x00, 0x00, 0x00, 0x00, 0x00, 0x00, 0x00, 0x00, 0x00, 0x00, 0x01, 0xFF,
  0xFF, 0xFF, 0xFF, 0xFF, 0xFF, 0xFF, 0xFF, 0xFF, 0xFF, 0xFF, 0x5A, 0xEB, 0xAD, 0xAD, 0xF2, 0x1E,
  0xFF, 0xDE, 0xFA, 0xBD, 0xDF, 0xF0, 0x0F, 0xEF, 0x7B, 0x55, 0xEE, 0xDF, 0xD0, 0x1F, 0xDD, 0xFF,
  0xFF, 0xAA, 0xBA, 0xAE, 0xEB, 0xAB, 0xFF, 0x7A, 0xF5, 0xEB, 0xFE, 0xED, 0xFE, 0x80, 0x00, 0x00,
  0x00, 0x00, 0x00, 0x00, 0x00, 0x00, 0x00, 0x00, 0x00, 0x00, 0x00, 0x00, 0x00, 0x00, 0x00, 0x00,
  0x00, 0x00, 0x00, 0x00, 0x00, 0x00, 0x00, 0x00, 0x00, 0x00, 0x00, 0x00, 0x00, 0x00, 0x00, 0x00,
  0x00, 0x00, 0x00, 0x00, 0x00, 0x00, 0x00, 0x00, 0x00, 0x00, 0x00, 0x00, 0x00, 0x00, 0x00, 0x00,
  0x00, 0x00, 0x01, 0xFF, 0xFF, 0xFF, 0xFF, 0xFF, 0xFF, 0xFF, 0xFF, 0xFF, 0xFF, 0xFF, 0xEF, 0x7D,
  0xF6, 0xF7, 0xFC, 0x8B, 0xFA, 0xEB, 0x56, 0xD7, 0x75, 0xFC, 0x07, 0x7B, 0xD7, 0xEF, 0x7B, 0xF7,
  0xF4, 0x06, 0xFF, 0x55, 0x55, 0xFF, 0x6F, 0xFB, 0xBE, 0xFD, 0x55, 0xDF, 0x5F, 0xBE, 0xB7, 0xFF,
  0x57, 0x80, 0x00, 0x00, 0x00, 0x00, 0x00, 0x00, 0x00, 0x00, 0x00, 0x00, 0x00, 0x00, 0x00, 0x00,
  0x00, 0x00, 0x00, 0x00, 0x00, 0x00, 0x00, 0x00, 0x00, 0x00, 0x00, 0x00, 0x00, 0x00, 0x00, 0x00,
  0x00, 0x00, 0x00, 0x00, 0x00, 0x00, 0x00, 0x00, 0x00, 0x00, 0x00, 0x00, 0x00, 0x00, 0x00, 0x00,
  0x00, 0x00, 0x00, 0x00, 0x00, 0x00, 0x01, 0xFF, 0xFF, 0xFF, 0xFF, 0xFF, 0xFF, 0xFF, 0xFF, 0xFF,
  0xFF, 0xFE, 0xBA, 0xD6, 0xAD, 0xAD, 0xBE, 0x25, 0xEF, 0xBD, 0xEF, 0xED, 0xAA, 0x85, 0x01, 0xAD,
  0x6D, 0x5A, 0xD6, 0xBD, 0xFC, 0x01, 0xF5, 0xFF, 0xBE, 0xAB, 0xDA, 0xAE, 0xEB, 0xB7, 0xFF, 0x75,
  0xF5, 0xEB, 0xFD, 0x57, 0xFD, 0x80, 0x00, 0x00, 0x00, 0x00, 0x00, 0x00, 0x00, 0x00, 0x00, 0x00,
  0x00, 0x00, 0x00, 0x00, 0x00, 0x00, 0x00, 0x00, 0x00, 0x00, 0x00, 0x00, 0x00, 0x00, 0x00, 0x00,
  0x00, 0x00, 0x00, 0x00, 0x00, 0x00, 0x00, 0x00, 0x00, 0x00, 0x00, 0x00, 0x00, 0x00, 0x00, 0x00,
  0x00, 0x00, 0x00, 0x00, 0x00, 0x00, 0x00, 0x00, 0x00, 0x00, 0x01, 0xFF, 0xFF, 0xFF, 0xFF, 0xFF,
  0xFF, 0xFF, 0xFF, 0xFF, 0xFF, 0xFF, 0xED, 0xB7, 0x77, 0x7B, 0xFF, 0xC2, 0xFF, 0xD6, 0xBA, 0x28,
  0x00, 0x10, 0x08, 0x00, 0x95, 0xBF, 0xBF, 0xD7, 0x7F, 0x80, 0xBF, 0xAA, 0xEB, 0xFD, 0x7F, 0xF7,
  0x7E, 0xEE, 0xB5, 0xDF, 0x7F, 0x7E, 0xD7, 0xFD, 0x6F, 0x00, 0x00, 0x00, 0x00, 0x00, 0x00, 0x00,
  0x00, 0x00, 0x00, 0x00, 0x00, 0x00, 0x00, 0x00, 0x00, 0x00, 0x00, 0x00, 0x00, 0x00, 0x00, 0x00,
  0x00, 0x00, 0x00, 0x00, 0x00, 0x00, 0x00, 0x00, 0x00, 0x00, 0x00, 0x00, 0x00, 0x00, 0x00, 0x00,
  0x00, 0x00, 0x00, 0x00, 0x00, 0x00, 0x00, 0x00, 0x00, 0x00, 0x00, 0x00, 0x00, 0x00, 0x01, 0xFF,
  0xFF, 0xFF, 0xFF, 0xFF, 0xFF, 0xFF, 0xFF, 0xFF, 0xFF, 0xEF, 0xFF, 0x6A, 0xDD, 0xAE, 0xB7, 0xF0,
  0x3E, 0xFB, 0x48, 0x80, 0x92, 0x01, 0x20, 0x48, 0x00, 0x42, 0xEA, 0xFB, 0xAF, 0xE0, 0x3F, 0xFF,
  0x7D, 0x57, 0xAA, 0xBB, 0xAB, 0xBB, 0xEF, 0x75, 0xD5, 0xDB, 0xBD, 0xB7, 0xFB, 0x80, 0x00, 0x00,
  0x00, 0x00, 0x00, 0x00, 0x00, 0x00, 0x00, 0x00, 0x00, 0x00, 0x00, 0x00, 0x00, 0x00, 0x00, 0x00,
  0x00, 0x00, 0x00, 0x00, 0x00, 0x00, 0x00, 0x00, 0x00, 0x00, 0x00, 0x00, 0x00, 0x00, 0x00, 0x00,
  0x00, 0x00, 0x00, 0x00, 0x00, 0x00, 0x00, 0x00, 0x00, 0x00, 0x00, 0x00, 0x00, 0x00, 0x00, 0x00,
  0x00, 0x00, 0x01, 0xFF, 0xFF, 0xFF, 0xFF, 0xFF, 0xFF, 0xFF, 0xFF, 0xFF, 0xFF, 0xD7, 0xFA, 0xDF,
  0x6B, 0x75, 0xFF, 0xFD, 0x0F, 0xD4, 0x80, 0x04, 0x00, 0x44, 0x02, 0x01, 0x12, 0x10, 0x2D, 0xAD,
  0x7D, 0xF8, 0x07, 0xEA, 0xD7, 0xFA, 0xFF, 0xDD, 0xFE, 0xEE, 0xDD, 0xDF, 0x7F, 0x77, 0xEF, 0xFD,
  0xAE, 0x80, 0x00, 0x00, 0x00, 0x00, 0x00, 0x00, 0x00, 0x00, 0x00, 0x00, 0x00, 0x00, 0x00, 0x00,
  0x00, 0x00, 0x00, 0x00, 0x00, 0x00, 0x00, 0x00, 0x00, 0x00, 0x00, 0x00, 0x00, 0x00, 0x00, 0x00,
  0x00, 0x00, 0x00, 0x00, 0x00, 0x00, 0x00, 0x00, 0x00, 0x00, 0x00, 0x00, 0x00, 0x00, 0x00, 0x00,
  0x00, 0x00, 0x00, 0x00, 0x00, 0x00, 0x01, 0xFF, 0xFF, 0xFF, 0xFF, 0xFF, 0xFF, 0xFF, 0xFF, 0xFF,
  0xFF, 0xE9, 0x7F, 0xEA, 0xDD, 0xDF, 0x5D, 0xBC, 0x43, 0x50, 0x12, 0x20, 0x08, 0x00, 0x08, 0x04,
  0x00, 0x02, 0x02, 0xBF, 0xD7, 0xFE, 0x02, 0xFF, 0xFA, 0xAF, 0xAA, 0xEE, 0xAB, 0xBF, 0xBB, 0xF7,
  0xD7, 0xDD, 0x7A, 0xAF, 0xFF, 0x80, 0x00, 0x00, 0x00, 0x00, 0x00, 0x00, 0x00, 0x00, 0x00, 0x00,
  0x00, 0x00, 0x00, 0x00, 0x00, 0x00, 0x00, 0x00, 0x00, 0x00, 0x00, 0x00, 0x00, 0x00, 0x00, 0x00,
  0x00, 0x00, 0x00, 0x00, 0x00, 0x00, 0x00, 0x00, 0x00, 0x00, 0x00, 0x00, 0x00, 0x00, 0x00, 0x00,
  0x00, 0x00, 0x00, 0x00, 0x00, 0x00, 0x00, 0x00, 0x00, 0x00, 0x01, 0xFF, 0xFF, 0xFF, 0xFF, 0xFF,
  0xFF, 0xFF, 0xFF, 0xFF, 0xFF, 0xF2, 0xBF, 0xBD, 0xEE, 0xEA, 0xF7, 0xFF, 0x88, 0x01, 0x00, 0x02,
  0x41, 0x21, 0x20, 0x90, 0x20, 0x80, 0x48, 0x45, 0x7D, 0xBF, 0x40, 0xFF, 0x5F, 0xF5, 0xFF, 0x77,
  0xFE, 0xF5, 0xEE, 0xBD, 0x7D, 0x77, 0xDF, 0xFA, 0xB5, 0x80, 0x00, 0x00, 0x00, 0x00, 0x00, 0x00,
  0x00, 0x00, 0x00, 0x00, 0x00, 0x00, 0x00, 0x00, 0x00, 0x00, 0x00, 0x00, 0x00, 0x00, 0x00, 0x00,
  0x00, 0x00, 0x00, 0x00, 0x00, 0x00, 0x00, 0x00, 0x00, 0x00, 0x00, 0x00, 0x00, 0x00, 0x00, 0x00,
  0x00, 0x00, 0x00, 0x00, 0x00, 0x00, 0x00, 0x00, 0x00, 0x00, 0x00, 0x00, 0x00, 0x00, 0x01, 0xFF,
  0xFF, 0xFF, 0xFF, 0xFF, 0xFF, 0xFF, 0xFF, 0xFE, 0xAB, 0xF8, 0x5F, 0xEE, 0xB5, 0xBF, 0x5F, 0xFF,
  0x41, 0x08, 0x21, 0x20, 0x04, 0x04, 0x00, 0x00, 0x84, 0x10, 0x00, 0x11, 0x56, 0xF7, 0xC0, 0x1F,
  0xF5, 0x5E, 0xAB, 0xBA, 0xAB, 0xDE, 0xBF, 0xEF, 0xDB, 0xDE, 0xEA, 0xDF, 0xFF, 0x00, 0x00, 0x00,
  0x00, 0x00, 0x00, 0x00, 0x00, 0x00, 0x00, 0x00, 0x00, 0x00, 0x00, 0x00, 0x00, 0x00, 0x00, 0x00,
  0x00, 0x00, 0x00, 0x00, 0x00, 0x00, 0x00, 0x00, 0x00, 0x00, 0x00, 0x00, 0x00, 0x00, 0x00, 0x00,
  0x00, 0x00, 0x00, 0x00, 0x00, 0x00, 0x00, 0x00, 0x00, 0x00, 0x00, 0x00, 0x00, 0x00, 0x00, 0x00,
  0x00, 0x00, 0x01, 0xFF, 0xFF, 0xFF, 0xFF, 0xFF, 0xFF, 0xFF, 0xFF, 0xF5, 0xDF, 0xFF, 0x0B, 0xFB,
  0xDE, 0xD5, 0xF7, 0xE8, 0x10, 0x40, 0x88, 0x08, 0x90, 0x10, 0x04, 0x04, 0x00, 0x02, 0x01, 0x00,
  0x2B, 0xBF, 0xF8, 0x0B, 0xFF, 0xEB, 0xFD, 0xDF, 0xFF, 0x77, 0xEA, 0xB5, 0x77, 0x7B, 0xBF, 0xB5,
  0xAD, 0x80, 0x00, 0x00, 0x00, 0x00, 0x00, 0x00, 0x00, 0x00, 0x00, 0x00, 0x00, 0x00, 0x00, 0x00,
  0x00, 0x00, 0x00, 0x00, 0x00, 0x00, 0x00, 0x00, 0x00, 0x00, 0x00, 0x00, 0x00, 0x00, 0x00, 0x00,
  0x00, 0x00, 0x00, 0x00, 0x00, 0x00, 0x00, 0x00, 0x00, 0x00, 0x00, 0x00, 0x00, 0x00, 0x00, 0x00,
  0x00, 0x00, 0x00, 0x00, 0x00, 0x00, 0x01, 0xFF, 0xFE, 0xEF, 0xFF, 0xFF, 0xFF, 0xFF, 0xFF, 0xEE,
  0xB5, 0x7E, 0xC5, 0xBE, 0xB5, 0xBB, 0x5E, 0x80, 0x82, 0x08, 0x00, 0x00, 0x00, 0x80, 0x90, 0x90,
  0x02, 0x40, 0x44, 0x02, 0x05, 0x6B, 0x7E, 0x03, 0xDD, 0x7E, 0xAE, 0xEB, 0x6D, 0xDD, 0xBF, 0xFF,
  0xDD, 0xDE, 0xED, 0xFF, 0x7B, 0x80, 0x00, 0x00, 0x00, 0x00, 0x00, 0x00, 0x00, 0x00, 0x00, 0x00,
  0x00, 0x00, 0x00, 0x00, 0x00, 0x00, 0x00, 0x00, 0x00, 0x00, 0x00, 0x00, 0x00, 0x00, 0x00, 0x00,
  0x00, 0x00, 0x00, 0x00, 0x00, 0x00, 0x00, 0x00, 0x00, 0x00, 0x00, 0x00, 0x00, 0x00, 0x00, 0x00,
  0x00, 0x00, 0x00, 0x00, 0x00, 0x00, 0x00, 0x00, 0x00, 0x00, 0x01, 0xFF, 0xBB, 0xFF, 0xFF, 0xFF,
  0xFF, 0xFF, 0xFF, 0xF5, 0xDB, 0xDF, 0xD0, 0xFF, 0xEE, 0xEE, 0xF5, 0x24, 0x08, 0x22, 0x24, 0x92,
  0x04, 0x02, 0x00, 0x00, 0x90, 0x08, 0x00, 0x08, 0x10, 0xBD, 0xFF, 0x40, 0xFF, 0xD7, 0xF7, 0x7E,
  0xF7, 0x7E, 0xF6, 0xAA, 0xF7, 0x77, 0xBE, 0xD5, 0xEF, 0x00, 0x00, 0x00, 0x00, 0x00, 0x00, 0x00,
  0x00, 0x00, 0x00, 0x00, 0x00, 0x00, 0x00, 0x00, 0x00, 0x00, 0x00, 0x00, 0x00, 0x00, 0x00, 0x00,
  0x00, 0x00, 0x00, 0x00, 0x00, 0x00, 0x00, 0x00, 0x00, 0x00, 0x00, 0x00, 0x00, 0x00, 0x00, 0x00,
  0x00, 0x00, 0x00, 0x00, 0x00, 0x00, 0x00, 0x00, 0x00, 0x00, 0x00, 0x00, 0x00, 0x00, 0x01, 0xF6,
  0xFF, 0xFF, 0xFF, 0xFF, 0xFF, 0xFF, 0xFF, 0x5E, 0xED, 0x77, 0xE9, 0x5F, 0xB5, 0xB7, 0x90, 0x00,
  0x40, 0x80, 0x00, 0x00, 0x50, 0x20, 0x04, 0x42, 0x00, 0x01, 0x00, 0x40, 0x40, 0x07, 0xBF, 0xC0,
  0x3F, 0xFA, 0xAD, 0xAB, 0xBD, 0xEB, 0xBB, 0xFF, 0xBD, 0xDA, 0xEB, 0xBF, 0xBD, 0x80, 0x00, 0x00,
  0x00, 0x00, 0x00, 0x00, 0x00, 0x00, 0x00, 0x00, 0x00, 0x00, 0x00, 0x00, 0x00, 0x00, 0x00, 0x00,
  0x00, 0x00, 0x00, 0x00, 0x00, 0x00, 0x00, 0x00, 0x00, 0x00, 0x00, 0x00, 0x00, 0x00, 0x00, 0x00,
  0x00, 0x00, 0x00, 0x00, 0x00, 0x00, 0x00, 0x00, 0x00, 0x00, 0x00, 0x00, 0x00, 0x00, 0x00, 0x00,
  0x00, 0x00, 0x01, 0xFF, 0xFF, 0xFF, 0xFF, 0xFF, 0xFF, 0xFF, 0xFF, 0xEB, 0x5B, 0xBD, 0xFA, 0x2F,
  0xFF, 0x7A, 0x40, 0x92, 0x08, 0x09, 0x12, 0x21, 0x01, 0x08, 0x90, 0x08, 0x04, 0x80, 0x11, 0x00,
  0x01, 0x29, 0x6B, 0xF8, 0x0B, 0xBF, 0x7B, 0xFF, 0xEF, 0xBE, 0xEE, 0xD6, 0xD7, 0x7F, 0xBE, 0xF6,
  0xEF, 0x80, 0x00, 0x00, 0x00, 0x00, 0x00, 0x00, 0x00, 0x00, 0x00, 0x00, 0x00, 0x00, 0x00, 0x00,
  0x00, 0x00, 0x00, 0x00, 0x00, 0x00, 0x00, 0x00, 0x00, 0x00, 0x00, 0x00, 0x00, 0x00, 0x00, 0x00,
  0x00, 0x00, 0x00, 0x00, 0x00, 0x00, 0x00, 0x00, 0x00, 0x00, 0x00, 0x00, 0x00, 0x00, 0x00, 0x00,
  0x00, 0x00, 0x00, 0x00, 0x00, 0x00, 0x01, 0xDF, 0xEF, 0xFF, 0xFF, 0xFF, 0xFF, 0xFF, 0xFD, 0x5A,
  0xEE, 0xD7, 0x7E, 0x85, 0xFB, 0xD4, 0x04, 0x00, 0x82, 0x40, 0x40, 0x04, 0x00, 0x00, 0x01, 0x00,
  0x20, 0x10, 0x40, 0x01, 0x00, 0x00, 0xBF, 0xFE, 0x05, 0xF7, 0xDE, 0xAD, 0x7B, 0x77, 0xBB, 0xFD,
  0xFD, 0xD5, 0xED, 0xDF, 0xBA, 0x80, 0x00, 0x00, 0x00, 0x00, 0x00, 0x00, 0x00, 0x00, 0x00, 0x00,
  0x00, 0x00, 0x00, 0x00, 0x00, 0x00, 0x00, 0x00, 0x00, 0x00, 0x00, 0x00, 0x00, 0x00, 0x00, 0x00,
  0x00, 0x00, 0x00, 0x00, 0x00, 0x00, 0x00, 0x00, 0x00, 0x00, 0x00, 0x00, 0x00, 0x00, 0x00, 0x00,
  0x00, 0x00, 0x00, 0x00, 0x00, 0x00, 0x00, 0x00, 0x00, 0x00, 0x01, 0xFD, 0xFF, 0xFF, 0xFF, 0xFF,
  0xFF, 0xFF, 0xFE, 0xEF, 0x5B, 0x6D, 0xDF, 0x42, 0xEF, 0x40, 0x91, 0x24, 0x20, 0x02, 0x04, 0x80,
  0x10, 0x44, 0x80, 0x21, 0x00, 0x02, 0x00, 0x08, 0x04, 0x00, 0x15, 0x7F, 0x81, 0x7E, 0xEB, 0xFF,
  0xDF, 0xDD, 0xEE, 0xAF, 0x57, 0x7F, 0x77, 0x75, 0xEF, 0x80, 0x00, 0x00, 0x00, 0x00, 0x00, 0x00,
  0x00, 0x00, 0x00, 0x00, 0x00, 0x00, 0x00, 0x00, 0x00, 0x00, 0x00, 0x00, 0x00, 0x00, 0x00, 0x00,
  0x00, 0x00, 0x00, 0x00, 0x00, 0x00, 0x00, 0x00, 0x00, 0x00, 0x00, 0x00, 0x00, 0x00, 0x00, 0x00,
  0x00, 0x00, 0x00, 0x00, 0x00, 0x00, 0x00, 0x00, 0x00, 0x00, 0x00, 0x00, 0x00, 0x00, 0x01, 0xBF,
  0xFF, 0xFF, 0xFF, 0xFF, 0xFF, 0xFF, 0xF5, 0xB5, 0xB5, 0xB6, 0xFB, 0xE8, 0xBE, 0x92, 0x00, 0x00,
  0x89, 0x10, 0x10, 0x10, 0x82, 0x00, 0x08, 0x04, 0x02, 0x40, 0x04, 0x80, 0x20, 0x02, 0x47, 0xB7,
  0xD0, 0x7F, 0xBE, 0xB5, 0x75, 0x77, 0x7B, 0xF5, 0xFD, 0xDB, 0xBD, 0xDF, 0x7B, 0x00, 0x00, 0x00,
  0x00, 0x00, 0x00, 0x00, 0x00, 0x00, 0x00, 0x00, 0x00, 0x00, 0x00, 0x00, 0x00, 0x00, 0x00, 0x00,
  0x00, 0x00, 0x00, 0x00, 0x00, 0x00, 0x00, 0x00, 0x00, 0x00, 0x00, 0x00, 0x00, 0x00, 0x00, 0x00,
  0x00, 0x00, 0x00, 0x00, 0x00, 0x00, 0x00, 0x00, 0x00, 0x00, 0x00, 0x00, 0x00, 0x00, 0x00, 0x00,
  0x00, 0x00, 0x01, 0xFB, 0xBF, 0xFF, 0xFF, 0xFF, 0xFF, 0xFF, 0xFB, 0x5A, 0xDE, 0xDB, 0x5F, 0xF0,
  0x3A, 0x00, 0x49, 0x48, 0x00, 0x40, 0x80, 0x02, 0x08, 0x11, 0x01, 0x00, 0x10, 0x00, 0x10, 0x00,
  0x80, 0x88, 0x00, 0xFF, 0xF4, 0x0F, 0xF7, 0xDF, 0xDF, 0xDD, 0xDE, 0xBF, 0x57, 0x76, 0xEF, 0xF6,
  0xDF, 0x80, 0x00, 0x00, 0x00, 0x00, 0x00, 0x00, 0x00, 0x00, 0x00, 0x00, 0x00, 0x00, 0x00, 0x00,
  0x00, 0x00, 0x00, 0x00, 0x00, 0x00, 0x00, 0x00, 0x00, 0x00, 0x00, 0x00, 0x00, 0x00, 0x00, 0x00,
  0x00, 0x00, 0x00, 0x00, 0x00, 0x00, 0x00, 0x00, 0x00, 0x00, 0x00, 0x00, 0x00, 0x00, 0x00, 0x00,
  0x00, 0x00, 0x00, 0x00, 0x00, 0x00, 0x01, 0xFF, 0xFF, 0xFF, 0xFF, 0xFF, 0xFF, 0xFF, 0xFE, 0xEF,
  0x6B, 0x6E, 0xEB, 0xBE, 0x00, 0x44, 0x00, 0x02, 0x22, 0x04, 0x04, 0x80, 0x00, 0x80, 0x20, 0x20,
  0x80, 0x12, 0x40, 0x08, 0x02, 0x00, 0x00, 0x16, 0xFD, 0x03, 0xFD, 0x76, 0xF6, 0xF7, 0x77, 0xEB,
  0xFD, 0xDF, 0xBA, 0xBD, 0xF5, 0x80, 0x00, 0x00, 0x00, 0x00, 0x00, 0x00, 0x00, 0x00, 0x00, 0x00,
  0x00, 0x00, 0x00, 0x00, 0x00, 0x00, 0x00, 0x00, 0x00, 0x00, 0x00, 0x00, 0x00, 0x00, 0x00, 0x00,
  0x00, 0x00, 0x00, 0x00, 0x00, 0x00, 0x00, 0x00, 0x00, 0x00, 0x00, 0x00, 0x00, 0x00, 0x00, 0x00,
  0x00, 0x00, 0x00, 0x00, 0x00, 0x00, 0x00, 0x00, 0x00, 0x00, 0x01, 0xDF, 0xFF, 0xFF, 0xFF, 0xFF,
  0xFF, 0xFE, 0xFF, 0x55, 0xBD, 0xBB, 0xBD, 0xFF, 0x48, 0x11, 0x24, 0x90, 0x80, 0x10, 0x40, 0x10,
  0x42, 0x04, 0x04, 0x04, 0x02, 0x40, 0x00, 0x80, 0x00, 0x00, 0x12, 0x4B, 0xDF, 0x00, 0xFF, 0xFD,
  0xBD, 0xBD, 0xDA, 0xBD, 0x57, 0x75, 0xEF, 0xEF, 0x5F, 0x00, 0x00, 0x00, 0x00, 0x00, 0x00, 0x00,
  0x00, 0x00, 0x00, 0x00, 0x00, 0x00, 0x00, 0x00, 0x00, 0x00, 0x00, 0x00, 0x00, 0x00, 0x00, 0x00,
  0x00, 0x00, 0x00, 0x00, 0x00, 0x00, 0x00, 0x00, 0x00, 0x00, 0x00, 0x00, 0x00, 0x00, 0x00, 0x00,
  0x00, 0x00, 0x00, 0x00, 0x00, 0x00, 0x00, 0x00, 0x00, 0x00, 0x00, 0x00, 0x00, 0x00, 0x01, 0xFF,
  0xFF, 0xFF, 0xFF, 0xFF, 0xFF, 0xFA, 0xB7, 0xFA, 0xD6, 0xD6, 0xD6, 0xBD, 0x01, 0x40, 0x00, 0x00,
  0x09, 0x01, 0x08, 0x42, 0x08, 0x10, 0x80, 0x80, 0x08, 0x00, 0x02, 0x01, 0x10, 0x21, 0x00, 0x05,
  0x7F, 0xE0, 0x3F, 0xD7, 0xEF, 0xD7, 0x7F, 0xEF, 0xFD, 0xDE, 0xBA, 0xBB, 0xF6, 0x80, 0x00, 0x00,
  0x00, 0x00, 0x00, 0x00, 0x00, 0x00, 0x00, 0x00, 0x00, 0x00, 0x00, 0x00, 0x00, 0x00, 0x00, 0x00,
  0x00, 0x00, 0x00, 0x00, 0x00, 0x00, 0x00, 0x00, 0x00, 0x00, 0x00, 0x00, 0x00, 0x00, 0x00, 0x00,
  0x00, 0x00, 0x00, 0x00, 0x00, 0x00, 0x00, 0x00, 0x00, 0x00, 0x00, 0x00, 0x00, 0x00, 0x00, 0x00,
  0x00, 0x00, 0x01, 0xFD, 0xFF, 0xFF, 0xFF, 0xFF, 0xFF, 0xFC, 0xBF, 0xD7, 0x6B, 0x7B, 0x7B, 0xE8,
  0x08, 0x09, 0x52, 0x49, 0x20, 0x44, 0x01, 0x00, 0x20, 0x00, 0x10, 0x11, 0x00, 0x02, 0x20, 0x10,
  0x02, 0x04, 0x00, 0x12, 0xEF, 0xF8, 0x17, 0xFE, 0xB5, 0x7D, 0xD5, 0x75, 0x57, 0x77, 0xEF, 0xEE,
  0xDF, 0x80, 0x00, 0x00, 0x00, 0x00, 0x00, 0x00, 0x00, 0x00, 0x00, 0x00, 0x00, 0x00, 0x00, 0x00,
  0x00, 0x00, 0x00, 0x00, 0x00, 0x00, 0x00, 0x00, 0x00, 0x00, 0x00, 0x00, 0x00, 0x00, 0x00, 0x00,
  0x00, 0x00, 0x00, 0x00, 0x00, 0x00, 0x00, 0x00, 0x00, 0x00, 0x00, 0x00, 0x00, 0x00, 0x00, 0x00,
  0x00, 0x00, 0x00, 0x00, 0x00, 0x00, 0x01, 0xBF, 0xFF, 0xFF, 0xFF, 0xFF, 0xFF, 0xFE, 0x17, 0xFD,
  0xBD, 0xAD, 0xAD, 0x50, 0x42, 0x40, 0x00, 0x00, 0x02, 0x00, 0x20, 0x04, 0x80, 0x82, 0x00, 0x00,
  0x20, 0x10, 0x00, 0x00, 0x00, 0x00, 0x20, 0x00, 0x3B, 0xFE, 0x86, 0xFF, 0xFF, 0xD7, 0x7F, 0xBF,
  0xFB, 0xDD, 0x7B, 0x7B, 0xBA, 0x80, 0x00, 0x00, 0x00, 0x00, 0x00, 0x00, 0x00, 0x00, 0x00, 0x00,
  0x00, 0x00, 0x00, 0x00, 0x00, 0x00, 0x00, 0x00, 0x00, 0x00, 0x00, 0x00, 0x00, 0x00, 0x00, 0x00,
  0x00, 0x00, 0x00, 0x00, 0x00, 0x00, 0x00, 0x00, 0x00, 0x00, 0x00, 0x00, 0x00, 0x00, 0x00, 0x00,
  0x00, 0x00, 0x00, 0x00, 0x00, 0x00, 0x00, 0x00, 0x00, 0x00, 0x01, 0xFF, 0xFF, 0xFF, 0xFF, 0xFF,
  0xFF, 0xFF, 0x8B, 0x7E, 0xD6, 0xF6, 0xF7, 0x02, 0x10, 0x14, 0x89, 0x24, 0x40, 0x21, 0x04, 0x10,
  0x02, 0x10, 0x44, 0x84, 0x02, 0x40, 0x08, 0x82, 0x48, 0x80, 0x02, 0x00, 0x8E, 0xDF, 0x21, 0xF6,
  0xAA, 0xFD, 0xD5, 0xD5, 0x5D, 0x77, 0xAE, 0xDE, 0xEF, 0x80, 0x00, 0x00, 0x00, 0x00, 0x00, 0x00,
  0x00, 0x00, 0x00, 0x00, 0x00, 0x00, 0x00, 0x00, 0x00, 0x00, 0x00, 0x00, 0x00, 0x00, 0x00, 0x00,
  0x00, 0x00, 0x00, 0x00, 0x00, 0x00, 0x00, 0x00, 0x00, 0x00, 0x00, 0x00, 0x00, 0x00, 0x00, 0x00,
  0x00, 0x00, 0x00, 0x00, 0x00, 0x00, 0x00, 0x00, 0x00, 0x00, 0x00, 0x00, 0x00, 0x00, 0x01, 0xFF,
  0xFF, 0xFF, 0xFF, 0xFF, 0xFF, 0xFF, 0xE1, 0xFF, 0xBB, 0x5B, 0xAC, 0x88, 0x85, 0x40, 0x20, 0x01,
  0x08, 0x84, 0x10, 0x80, 0x10, 0x00, 0x00, 0x10, 0x00, 0x01, 0x20, 0x08, 0x00, 0x08, 0x80, 0x20,
  0x13, 0xFF, 0xD0, 0x3F, 0xFF, 0x57, 0x7E, 0xFF, 0xEF, 0xBD, 0xFB, 0xF7, 0xBB, 0x00, 0x00, 0x00,
  0x00, 0x00, 0x00, 0x00, 0x00, 0x00, 0x00, 0x00, 0x00, 0x00, 0x00, 0x00, 0x00, 0x00, 0x00, 0x00,
  0x00, 0x00, 0x00, 0x00, 0x00, 0x00, 0x00, 0x00, 0x00, 0x00, 0x00, 0x00, 0x00, 0x00, 0x00, 0x00,
  0x00, 0x00, 0x00, 0x00, 0x00, 0x00, 0x00, 0x00, 0x00, 0x00, 0x00, 0x00, 0x00, 0x00, 0x00, 0x00,
  0x00, 0x00, 0x01, 0xFF, 0xFF, 0xFF, 0xFF, 0xFF, 0xFF, 0x5F, 0xB4, 0x6F, 0xED, 0xD6, 0xDA, 0x20,
  0x20, 0x04, 0x84, 0x90, 0x00, 0x00, 0x40, 0x02, 0x40, 0x42, 0x00, 0x00, 0x90, 0x04, 0x00, 0x00,
  0x02, 0x00, 0x08, 0x00, 0x05, 0x5B, 0xF4, 0x2F, 0xF5, 0xFD, 0xD7, 0x55, 0x5A, 0xEB, 0x5E, 0xBA,
  0xFF, 0x80, 0x00, 0x00, 0x00, 0x00, 0x00, 0x00, 0x00, 0x00, 0x00, 0x00, 0x00, 0x00, 0x00, 0x00,
  0x00, 0x00, 0x00, 0x00, 0x00, 0x00, 0x00, 0x00, 0x00, 0x00, 0x00, 0x00, 0x00, 0x00, 0x00, 0x00,
  0x00, 0x00, 0x00, 0x00, 0x00, 0x00, 0x00, 0x00, 0x00, 0x00, 0x00, 0x00, 0x00, 0x00, 0x00, 0x00,
  0x00, 0x00, 0x00, 0x00, 0x00, 0x00, 0x01, 0xFF, 0xFF, 0xFF, 0xFF, 0xFF, 0xFF, 0xED, 0xFA, 0x3E,
  0xF6, 0xBD, 0x60, 0x05, 0x09, 0x20, 0x00, 0x02, 0x22, 0x21, 0x02, 0x20, 0x02, 0x08, 0x49, 0x02,
  0x01, 0x10, 0x02, 0x20, 0x40, 0x20, 0x00, 0x04, 0x00, 0xEF, 0xFD, 0x0B, 0xFF, 0x57, 0x7B, 0xFE,
  0xF7, 0xBF, 0xF7, 0xEF, 0xD5, 0x80, 0x00, 0x00, 0x00, 0x00, 0x00, 0x00, 0x00, 0x00, 0x00, 0x00,
  0x00, 0x00, 0x00, 0x00, 0x00, 0x00, 0x00, 0x00, 0x00, 0x00, 0x00, 0x00, 0x00, 0x00, 0x00, 0x00,
  0x00, 0x00, 0x00, 0x00, 0x00, 0x00, 0x00, 0x00, 0x00, 0x00, 0x00, 0x00, 0x00, 0x00, 0x00, 0x00,
  0x00, 0x00, 0x00, 0x00, 0x00, 0x00, 0x00, 0x00, 0x00, 0x00, 0x01, 0xFF, 0xFF, 0xFF, 0xFF, 0xFF,
  0xFD, 0x57, 0xFD, 0x07, 0xFD, 0xD7, 0xA1, 0x20, 0x40, 0x09, 0x24, 0x88, 0x00, 0x08, 0x08, 0x04,
  0x08, 0x00, 0x00, 0x20, 0x04, 0x00, 0x08, 0x01, 0x08, 0x02, 0x20, 0x80, 0x40, 0x3A, 0xFF, 0xA2,
  0xFF, 0xFD, 0xDE, 0xAB, 0xBD, 0xD5, 0x5A, 0xBB, 0x7E, 0x80, 0x00, 0x00, 0x00, 0x00, 0x00, 0x00,
  0x00, 0x00, 0x00, 0x00, 0x00, 0x00, 0x00, 0x00, 0x00, 0x00, 0x00, 0x00, 0x00, 0x00, 0x00, 0x00,
  0x00, 0x00, 0x00, 0x00, 0x00, 0x00, 0x00, 0x00, 0x00, 0x00, 0x00, 0x00, 0x00, 0x00, 0x00, 0x00,
  0x00, 0x00, 0x00, 0x00, 0x00, 0x00, 0x00, 0x00, 0x00, 0x00, 0x00, 0x00, 0x00, 0x00, 0x01, 0xFF,
  0xFF, 0xFF, 0xFF, 0xFF, 0xFB, 0x7A, 0xDF, 0xA3, 0xFF, 0x7A, 0x88, 0x09, 0x09, 0x20, 0x00, 0x20,
  0x89, 0x00, 0x40, 0x80, 0x40, 0x21, 0x00, 0x04, 0x20, 0x00, 0x80, 0x04, 0x00, 0x80, 0x02, 0x00,
  0x02, 0x0F, 0xAF, 0xD0, 0x5D, 0xD7, 0x77, 0xFD, 0xD6, 0xFF, 0xFF, 0xEE, 0xDB, 0x80, 0x00, 0x00,
  0x00, 0x00, 0x00, 0x00, 0x00, 0x00, 0x00, 0x00, 0x00, 0x00, 0x00, 0x00, 0x00, 0x00, 0x00, 0x00,
  0x00, 0x00, 0x00, 0x00, 0x00, 0x00, 0x00, 0x00, 0x00, 0x00, 0x00, 0x00, 0x00, 0x00, 0x00, 0x00,
  0x00, 0x00, 0x00, 0x00, 0x00, 0x00, 0x00, 0x00, 0x00, 0x00, 0x00, 0x00, 0x00, 0x00, 0x00, 0x00,
  0x00, 0x00, 0x01, 0xFF, 0xFF, 0xFF, 0xFF, 0xFF, 0xED, 0xAF, 0x7F, 0xD0, 0xBF, 0xAC, 0x02, 0xA0,
  0x20, 0x04, 0x92, 0x00, 0x00, 0x44, 0x00, 0x11, 0x00, 0x80, 0x12, 0x10, 0x00, 0x44, 0x10, 0x90,
  0x00, 0x00, 0x00, 0x10, 0x00, 0x25, 0xFF, 0x7A, 0x2F, 0xFD, 0xDA, 0xAB, 0x7F, 0x55, 0x55, 0x7B,
  0xF7, 0x00, 0x00, 0x00, 0x00, 0x00, 0x00, 0x00, 0x00, 0x00, 0x00, 0x00, 0x00, 0x00, 0x00, 0x00,
  0x00, 0x00, 0x00, 0x00, 0x00, 0x00, 0x00, 0x00, 0x00, 0x00, 0x00, 0x00, 0x00, 0x00, 0x00, 0x00,
  0x00, 0x00, 0x00, 0x00, 0x00, 0x00, 0x00, 0x00, 0x00, 0x00, 0x00, 0x00, 0x00, 0x00, 0x00, 0x00,
  0x00, 0x00, 0x00, 0x00, 0x00, 0x00, 0x01, 0xFF, 0xFF, 0xFF, 0xFF, 0xFF, 0xF6, 0xD5, 0xAD, 0xF4,
  0x6F, 0xF4, 0x90, 0x04, 0x84, 0x90, 0x00, 0x84, 0x44, 0x00, 0x88, 0x00, 0x04, 0x04, 0x00, 0x40,
  0x81, 0x00, 0x00, 0x00, 0x22, 0x11, 0x10, 0x02, 0x10, 0x02, 0xAD, 0xFD, 0x17, 0xFF, 0x7F, 0xFE,
  0xD5, 0xFF, 0xFF, 0xDE, 0xBD, 0x80, 0x00, 0x00, 0x00, 0x00, 0x00, 0x00, 0x00, 0x00, 0x00, 0x00,
  0x00, 0x00, 0x00, 0x00, 0x00, 0x00, 0x00, 0x00, 0x00, 0x00, 0x00, 0x00, 0x00, 0x00, 0x00, 0x00,
  0x00, 0x00, 0x00, 0x00, 0x00, 0x00, 0x00, 0x00, 0x00, 0x00, 0x00, 0x00, 0x00, 0x00, 0x00, 0x00,
  0x00, 0x00, 0x00, 0x00, 0x00, 0x00, 0x00, 0x00, 0x00, 0x00, 0x01, 0xFF, 0xFF, 0xFF, 0xFF, 0xFF,
  0xAD, 0xBA, 0xF7, 0xFA, 0x1B, 0xE8, 0x04, 0x90, 0x00, 0x02, 0x48, 0x11, 0x00, 0x22, 0x01, 0x22,
  0x10, 0x00, 0x40, 0x00, 0x08, 0x00, 0x42, 0x00, 0x80, 0x00, 0x00, 0x00, 0x00, 0x09, 0x7B, 0xFF,
  0x82, 0xFF, 0xD5, 0x57, 0xFE, 0xAA, 0xAA, 0xEB, 0xEF, 0x80, 0x00, 0x00, 0x00, 0x00, 0x00, 0x00,
  0x00, 0x00, 0x00, 0x00, 0x00, 0x00, 0x00, 0x00, 0x00, 0x00, 0x00, 0x00, 0x00, 0x00, 0x00, 0x00,
  0x00, 0x00, 0x00, 0x00, 0x00, 0x00, 0x00, 0x00, 0x00, 0x00, 0x00, 0x00, 0x00, 0x00, 0x00, 0x00,
  0x00, 0x00, 0x00, 0x00, 0x00, 0x00, 0x00, 0x00, 0x00, 0x00, 0x00, 0x00, 0x00, 0x00, 0x01, 0xFF,
  0xFF, 0xFF, 0xFF, 0xFF, 0x76, 0xD7, 0x5B, 0x7F, 0x07, 0xA1, 0x20, 0x02, 0x24, 0x90, 0x01, 0x00,
  0x11, 0x00, 0x10, 0x00, 0x00, 0x41, 0x04, 0x08, 0x00, 0x11, 0x00, 0x04, 0x00, 0x40, 0x41, 0x20,
  0x40, 0x80, 0xAF, 0xBF, 0xF0, 0xB7, 0xFF, 0xBA, 0xAB, 0xFF, 0xFF, 0xBE, 0xBA, 0x80, 0x00, 0x00,
  0x00, 0x00, 0x00, 0x00, 0x00, 0x00, 0x00, 0x00, 0x00, 0x00, 0x00, 0x00, 0x00, 0x00, 0x00, 0x00,
  0x00, 0x00, 0x00, 0x00, 0x00, 0x00, 0x00, 0x00, 0x00, 0x00, 0x00, 0x00, 0x00, 0x00, 0x00, 0x00,
  0x00, 0x00, 0x00, 0x00, 0x00, 0x00, 0x00, 0x00, 0x00, 0x00, 0x00, 0x00, 0x00, 0x00, 0x00, 0x00,
  0x00, 0x00, 0x01, 0xFF, 0xFF, 0xFF, 0xFF, 0xFD, 0xAB, 0x6D, 0xAD, 0xDF, 0xD1, 0x84, 0x0A, 0xA8,
  0x00, 0x02, 0x44, 0x20, 0x40, 0x08, 0x40, 0x88, 0x82, 0x08, 0x00, 0x80, 0x80, 0x00, 0x00, 0x40,
  0x08, 0x04, 0x04, 0x01, 0x02, 0x00, 0x3A, 0xED, 0xFA, 0x2F, 0x75, 0x6F, 0xFE, 0xAA, 0xAA, 0xEB,
  0xEF, 0x80, 0x00, 0x00, 0x00, 0x00, 0x00, 0x00, 0x00, 0x00, 0x00, 0x00, 0x00, 0x00, 0x00, 0x00,
  0x00, 0x00, 0x00, 0x00, 0x00, 0x00, 0x00, 0x00, 0x00, 0x00, 0x00, 0x00, 0x00, 0x00, 0x00, 0x00,
  0x00, 0x00, 0x00, 0x00, 0x00, 0x00, 0x00, 0x00, 0x00, 0x00, 0x00, 0x00, 0x00, 0x00, 0x00, 0x00,
  0x00, 0x00, 0x00, 0x00, 0x00, 0x00, 0x01, 0xFF, 0xFF, 0xFF, 0xFF, 0xFE, 0xDD, 0xB6, 0xF6, 0xBB,
  0xE0, 0x10, 0xA0, 0x01, 0x49, 0x20, 0x10, 0x04, 0x04, 0x41, 0x02, 0x00, 0x08, 0x00, 0x10, 0x10,
  0x11, 0x00, 0x09, 0x00, 0x81, 0x00, 0x10, 0x04, 0x00, 0x00, 0x0F, 0x77, 0xDE, 0x97, 0xFF, 0xF5,
  0x55, 0xFF, 0xFF, 0xBE, 0xBA, 0x80, 0x00, 0x00, 0x00, 0x00, 0x00, 0x00, 0x00, 0x00, 0x00, 0x00,
  0x00, 0x00, 0x00, 0x00, 0x00, 0x00, 0x00, 0x00, 0x00, 0x00, 0x00, 0x00, 0x00, 0x00, 0x00, 0x00,
  0x00, 0x00, 0x00, 0x00, 0x00, 0x00, 0x00, 0x00, 0x00, 0x00, 0x00, 0x00, 0x00, 0x00, 0x00, 0x00,
  0x00, 0x00, 0x00, 0x00, 0x00, 0x00, 0x00, 0x00, 0x00, 0x00, 0x01, 0xFF, 0xFF, 0xFF, 0xFF, 0xFB,
  0x6A, 0xDB, 0x5B, 0xEF, 0x7A, 0x42, 0x02, 0x10, 0x00, 0x09, 0x00, 0x81, 0x00, 0x04, 0x00, 0x02,
  0x20, 0x42, 0x00, 0x00, 0x00, 0x24, 0x20, 0x04, 0x00, 0x01, 0x00, 0x00, 0x00, 0x02, 0x45, 0xBF,
  0x7F, 0x42, 0xFF, 0x5F, 0xFF, 0x6A, 0xB5, 0xEB, 0xEF, 0x80, 0x00, 0x00, 0x00, 0x00, 0x00, 0x00,
  0x00, 0x00, 0x00, 0x00, 0x00, 0x00, 0x00, 0x00, 0x00, 0x00, 0x00, 0x00, 0x00, 0x00, 0x00, 0x00,
  0x00, 0x00, 0x00, 0x00, 0x00, 0x00, 0x00, 0x00, 0x00, 0x00, 0x00, 0x00, 0x00, 0x00, 0x00, 0x00,
  0x00, 0x00, 0x00, 0x00, 0x00, 0x00, 0x00, 0x00, 0x00, 0x00, 0x00, 0x00, 0x00, 0x00, 0x01, 0xFF,
  0xFF, 0xFF, 0xFF, 0xFD, 0xB7, 0x6D, 0xAD, 0x5B, 0xF8, 0x08, 0x48, 0x84, 0x24, 0x80, 0x44, 0x10,
  0x21, 0x10, 0x10, 0x20, 0x80, 0x00, 0x41, 0x08, 0x80, 0x00, 0x80, 0x10, 0x08, 0x24, 0x00, 0x90,
  0x08, 0x10, 0x03, 0xD5, 0xFF, 0xE9, 0xBF, 0xF5, 0x55, 0xDF, 0xEF, 0x7E, 0xFB, 0x00, 0x00, 0x00,
  0x00, 0x00, 0x00, 0x00, 0x00, 0x00, 0x00, 0x00, 0x00, 0x00, 0x00, 0x00, 0x00, 0x00, 0x00, 0x00,
  0x00, 0x00, 0x00, 0x00, 0x00, 0x00, 0x00, 0x00, 0x00, 0x00, 0x00, 0x00, 0x00, 0x00, 0x00, 0x00,
  0x00, 0x00, 0x00, 0x00, 0x00, 0x00, 0x00, 0x00, 0x00, 0x00, 0x00, 0x00, 0x00, 0x00, 0x00, 0x00,
  0x00, 0x00, 0x01, 0xFF, 0xFF, 0xFF, 0xFF, 0xDF, 0x5D, 0xB6, 0xF7, 0x6D, 0xF1, 0x21, 0x00, 0x21,
  0x00, 0x24, 0x00, 0x40, 0x84, 0x00, 0x42, 0x08, 0x02, 0x24, 0x08, 0x20, 0x09, 0x00, 0x00, 0x00,
  0x80, 0x00, 0x20, 0x00, 0x20, 0x40, 0x08, 0xFF, 0x77, 0xFA, 0x5D, 0xFF, 0xEF, 0x7A, 0xBB, 0xAB,
  0xAE, 0x80, 0x00, 0x00, 0x00, 0x00, 0x00, 0x00, 0x00, 0x00, 0x00, 0x00, 0x00, 0x00, 0x00, 0x00,
  0x00, 0x00, 0x00, 0x00, 0x00, 0x00, 0x00, 0x00, 0x00, 0x00, 0x00, 0x00, 0x00, 0x00, 0x00, 0x00,
  0x00, 0x00, 0x00, 0x00, 0x00, 0x00, 0x00, 0x00, 0x00, 0x00, 0x00, 0x00, 0x00, 0x00, 0x00, 0x00,
  0x00, 0x00, 0x00, 0x00, 0x00, 0x00, 0x01, 0xFF, 0xFF, 0xFF, 0xFD, 0x7F, 0xEA, 0xDB, 0x5A, 0xDE,
  0xA0, 0x08, 0x24, 0x84, 0x49, 0x00, 0x91, 0x04, 0x00, 0x41, 0x00, 0xA2, 0x94, 0x92, 0xA5, 0x45,
  0x20, 0x22, 0x02, 0x40, 0x01, 0x00, 0x02, 0x01, 0x00, 0x00, 0x00, 0x55, 0xDF, 0xFD, 0x0F, 0xFA,
  0xBB, 0xDF, 0xEE, 0xFE, 0xFB, 0x80, 0x00, 0x00, 0x00, 0x00, 0x00, 0x00, 0x00, 0x00, 0x00, 0x00,
  0x00, 0x00, 0x00, 0x00, 0x00, 0x00, 0x00, 0x00, 0x00, 0x00, 0x00, 0x00, 0x00, 0x00, 0x00, 0x00,
  0x00, 0x00, 0x00, 0x00, 0x00, 0x00, 0x00, 0x00, 0x00, 0x00, 0x00, 0x00, 0x00, 0x00, 0x00, 0x00,
  0x00, 0x00, 0x00, 0x00, 0x00, 0x00, 0x00, 0x00, 0x00, 0x00, 0x01, 0xFF, 0xFF, 0xFF, 0xFC, 0x7F,
  0xFF, 0x6D, 0xEF, 0x75, 0x84, 0xA1, 0x00, 0x10, 0x00, 0x10, 0x00, 0x00, 0x00, 0x04, 0x04, 0x12,
  0x42, 0x49, 0x12, 0x28, 0x95, 0x48, 0x08, 0x02, 0x08, 0x10, 0x80, 0x40, 0x01, 0x00, 0x01, 0x3E,
  0xEA, 0xDF, 0xD3, 0xDF, 0xED, 0x6A, 0xBB, 0xAB, 0xAF, 0x00, 0x00, 0x00, 0x00, 0x00, 0x00, 0x00,
  0x00, 0x00, 0x00, 0x00, 0x00, 0x00, 0x00, 0x00, 0x00, 0x00, 0x00, 0x00, 0x00, 0x00, 0x00, 0x00,
  0x00, 0x00, 0x00, 0x00, 0x00, 0x00, 0x00, 0x00, 0x00, 0x00, 0x00, 0x00, 0x00, 0x00, 0x00, 0x00,
  0x00, 0x00, 0x00, 0x00, 0x00, 0x00, 0x00, 0x00, 0x00, 0x00, 0x00, 0x00, 0x00, 0x00, 0x01, 0xFF,
  0xFF, 0xFF, 0xFE, 0x97, 0xEA, 0xDB, 0x5A, 0xDB, 0x41, 0x04, 0x24, 0x81, 0x22, 0x42, 0x24, 0x22,
  0x49, 0x00, 0x11, 0x49, 0x29, 0x24, 0xA9, 0x4A, 0xA4, 0xA0, 0x20, 0x08, 0x20, 0x02, 0x08, 0x04,
  0x04, 0x02, 0x00, 0x2B, 0x7F, 0xFF, 0xD0, 0xFF, 0xF7, 0xBF, 0xEE, 0xFE, 0xFB, 0x80, 0x00, 0x00,
  0x00, 0x00, 0x00, 0x00, 0x00, 0x00, 0x00, 0x00, 0x00, 0x00, 0x00, 0x00, 0x00, 0x00, 0x00, 0x00,
  0x00, 0x00, 0x00, 0x00, 0x00, 0x00, 0x00, 0x00, 0x00, 0x00, 0x00, 0x00, 0x00, 0x00, 0x00, 0x00,
  0x00, 0x00, 0x00, 0x00, 0x00, 0x00, 0x00, 0x00, 0x00, 0x00, 0x00, 0x00, 0x00, 0x00, 0x00, 0x00,
  0x00, 0x00, 0x01, 0xFF, 0xFF, 0xFF, 0xFF, 0x0B, 0x7F, 0x76, 0xED, 0xB6, 0x08, 0x20, 0x80, 0x08,
  0x08, 0x00, 0x00, 0x80, 0x00, 0x20, 0x40, 0x24, 0x8A, 0x4A, 0x4A, 0x55, 0x29, 0x1A, 0x00, 0x40,
  0x00, 0x40, 0x01, 0x00, 0x10, 0x08, 0x20, 0x17, 0xAA, 0xDF, 0x7C, 0x3F, 0xBD, 0xEA, 0xDD, 0xB7,
  0xB6, 0x80, 0x00, 0x00, 0x00, 0x00, 0x00, 0x00, 0x00, 0x00, 0x00, 0x00, 0x00, 0x00, 0x00, 0x00,
  0x00, 0x00, 0x00, 0x00, 0x00, 0x00, 0x00, 0x00, 0x00, 0x00, 0x00, 0x00, 0x00, 0x00, 0x00, 0x00,
  0x00, 0x00, 0x00, 0x00, 0x00, 0x00, 0x00, 0x00, 0x00, 0x00, 0x00, 0x00, 0x00, 0x00, 0x00, 0x00,
  0x00, 0x00, 0x00, 0x00, 0x00, 0x00, 0x01, 0xFF, 0xFF, 0xFF, 0xFF, 0xE2, 0xFF, 0xDD, 0xB7, 0x6C,
  0x22, 0x84, 0x12, 0x41, 0x20, 0x11, 0x10, 0x08, 0x80, 0x04, 0x0A, 0x92, 0x51, 0x21, 0x25, 0x22,
  0x92, 0xA4, 0x01, 0x01, 0x01, 0x00, 0x00, 0x00, 0x40, 0x00, 0x02, 0x45, 0xFF, 0x77, 0xFF, 0x4B,
  0xFF, 0x7F, 0xB7, 0xDD, 0xDF, 0x80, 0x00, 0x00, 0x00, 0x00, 0x00, 0x00, 0x00, 0x00, 0x00, 0x00,
  0x00, 0x00, 0x00, 0x00, 0x00, 0x00, 0x00, 0x00, 0x00, 0x00, 0x00, 0x00, 0x00, 0x00, 0x00, 0x00,
  0x00, 0x00, 0x00, 0x00, 0x00, 0x00, 0x00, 0x00, 0x00, 0x00, 0x00, 0x00, 0x00, 0x00, 0x00, 0x00,
  0x00, 0x00, 0x00, 0x00, 0x00, 0x00, 0x00, 0x00, 0x00, 0x00, 0x01, 0xFF, 0xFF, 0xFF, 0xDF, 0xE9,
  0x7F, 0xEB, 0x6D, 0xB9, 0x08, 0x11, 0x00, 0x08, 0x01, 0x40, 0x42, 0x00, 0x09, 0x00, 0x40, 0x49,
  0x08, 0x8A, 0x94, 0x94, 0x49, 0x18, 0x44, 0x04, 0x00, 0x08, 0x44, 0x10, 0x00, 0x20, 0x00, 0x05,
  0x55, 0xDD, 0xFB, 0xA5, 0xFF, 0xAA, 0xFD, 0x76, 0xF5, 0x80, 0x00, 0x00, 0x00, 0x00, 0x00, 0x00,
  0x00, 0x00, 0x00, 0x00, 0x00, 0x00, 0x00, 0x00, 0x00, 0x00, 0x00, 0x00, 0x00, 0x00, 0x00, 0x00,
  0x00, 0x00, 0x00, 0x00, 0x00, 0x00, 0x00, 0x00, 0x00, 0x00, 0x00, 0x00, 0x00, 0x00, 0x00, 0x00,
  0x00, 0x00, 0x00, 0x00, 0x00, 0x00, 0x00, 0x00, 0x00, 0x00, 0x00, 0x00, 0x00, 0x00, 0x01, 0xFF,
  0xFF, 0xFF, 0x77, 0xB8, 0x5B, 0x7D, 0xB6, 0xE4, 0x42, 0x40, 0x49, 0x21, 0x24, 0x04, 0x00, 0x44,
  0x40, 0x21, 0x12, 0xA4, 0xA4, 0x44, 0x52, 0xAA, 0xAA, 0x6A, 0x00, 0x00, 0x08, 0x01, 0x00, 0x01,
  0x00, 0x00, 0x80, 0x02, 0xFE, 0xF7, 0xBF, 0xD4, 0xFB, 0xFF, 0xAF, 0xDF, 0x5F, 0x00, 0x00, 0x00,
  0x00, 0x00, 0x00, 0x00, 0x00, 0x00, 0x00, 0x00, 0x00, 0x00, 0x00, 0x00, 0x00, 0x00, 0x00, 0x00,
  0x00, 0x00, 0x00, 0x00, 0x00, 0x00, 0x00, 0x00, 0x00, 0x00, 0x00, 0x00, 0x00, 0x00, 0x00, 0x00,
  0x00, 0x00, 0x00, 0x00, 0x00, 0x00, 0x00, 0x00, 0x00, 0x00, 0x00, 0x00, 0x00, 0x00, 0x00, 0x00,
  0x00, 0x00, 0x01, 0xFF, 0xFF, 0xFF, 0xAE, 0xFF, 0x1F, 0xF7, 0x7B, 0x50, 0x10, 0x09, 0x00, 0x00,
  0x00, 0x01, 0x11, 0x00, 0x00, 0x04, 0x01, 0x52, 0x22, 0x91, 0x24, 0xA5, 0x49, 0x55, 0x00, 0x20,
  0x40, 0x20, 0x00, 0x80, 0x02, 0x00, 0x08, 0x01, 0x57, 0x5D, 0xFF, 0xFA, 0x2F, 0xF5, 0xF5, 0x75,
  0xF5, 0x80, 0x00, 0x00, 0x00, 0x00, 0x00, 0x00, 0x00, 0x00, 0x00, 0x00, 0x00, 0x00, 0x00, 0x00,
  0x00, 0x00, 0x00, 0x00, 0x00, 0x00, 0x00, 0x00, 0x00, 0x00, 0x00, 0x00, 0x00, 0x00, 0x00, 0x00,
  0x00, 0x00, 0x00, 0x00, 0x00, 0x00, 0x00, 0x00, 0x00, 0x00, 0x00, 0x00, 0x00, 0x00, 0x00, 0x00,
  0x00, 0x00, 0x00, 0x00, 0x00, 0x00, 0x01, 0xFF, 0xFF, 0xFD, 0x75, 0xFF, 0x43, 0xFF, 0xAD, 0xC1,
  0x45, 0x20, 0x24, 0x92, 0x41, 0x24, 0x00, 0x11, 0x11, 0x00, 0x94, 0x8A, 0x94, 0x24, 0x92, 0x28,
  0xA5, 0x2A, 0x11, 0x02, 0x01, 0x00, 0x12, 0x04, 0x10, 0x08, 0x00, 0x20, 0xBB, 0xEE, 0xAD, 0xFF,
  0x5F, 0xFF, 0x5F, 0xDF, 0x7F, 0x80, 0x00, 0x00, 0x00, 0x00, 0x00, 0x00, 0x00, 0x00, 0x00, 0x00,
  0x00, 0x00, 0x00, 0x00, 0x00, 0x00, 0x00, 0x00, 0x00, 0x00, 0x00, 0x00, 0x00, 0x00, 0x00, 0x00,
  0x00, 0x00, 0x00, 0x00, 0x00, 0x00, 0x00, 0x00, 0x00, 0x00, 0x00, 0x00, 0x00, 0x00, 0x00, 0x00,
  0x00, 0x00, 0x00, 0x00, 0x00, 0x00, 0x00, 0x00, 0x00, 0x00, 0x01, 0xFF, 0xFF, 0xFB, 0xAE, 0xDD,
  0xD1, 0xDE, 0xEE, 0xA4, 0x10, 0x04, 0x80, 0x00, 0x08, 0x00, 0x24, 0x00, 0x00, 0x12, 0x02, 0x28,
  0x41, 0x49, 0x25, 0x4A, 0x94, 0xAA, 0x80, 0x08, 0x04, 0x02, 0x00, 0x00, 0x40, 0x40, 0x41, 0x02,
  0x5D, 0x77, 0xF7, 0xFF, 0xA2, 0xFF, 0xF5, 0x75, 0xD6, 0x80, 0x00, 0x00, 0x00, 0x00, 0x00, 0x00,
  0x00, 0x00, 0x00, 0x00, 0x00, 0x00, 0x00, 0x00, 0x00, 0x00, 0x00, 0x00, 0x00, 0x00, 0x00, 0x00,
  0x00, 0x00, 0x00, 0x00, 0x00, 0x00, 0x00, 0x00, 0x00, 0x00, 0x00, 0x00, 0x00, 0x00, 0x00, 0x00,
  0x00, 0x00, 0x00, 0x00, 0x00, 0x00, 0x00, 0x00, 0x00, 0x00, 0x00, 0x00, 0x00, 0x00, 0x01, 0xFF,
  0xFF, 0xED, 0x75, 0xB7, 0xF4, 0x7F, 0xF5, 0x80, 0x84, 0x90, 0x09, 0x24, 0x80, 0x10, 0x80, 0x84,
  0x40, 0x40, 0x49, 0x05, 0x2A, 0x04, 0x48, 0xA5, 0x52, 0x95, 0x04, 0x00, 0x10, 0x08, 0x08, 0x10,
  0x00, 0x00, 0x00, 0x00, 0x17, 0xBA, 0xBD, 0xBD, 0xF5, 0xBF, 0xDF, 0xDF, 0x7D, 0x80, 0x00, 0x00,
  0x00, 0x00, 0x00, 0x00, 0x00, 0x00, 0x00, 0x00, 0x00, 0x00, 0x00, 0x00, 0x00, 0x00, 0x00, 0x00,
  0x00, 0x00, 0x00, 0x00, 0x00, 0x00, 0x00, 0x00, 0x00, 0x00, 0x00, 0x00, 0x00, 0x00, 0x00, 0x00,
  0x00, 0x00, 0x00, 0x00, 0x00, 0x00, 0x00, 0x00, 0x00, 0x00, 0x00, 0x00, 0x00, 0x00, 0x00, 0x00,
  0x00, 0x00, 0x01, 0xFF, 0xFF, 0xF7, 0xAE, 0xDF, 0xFA, 0x2F, 0xDE, 0x0A, 0x20, 0x02, 0x40, 0x00,
  0x12, 0x42, 0x00, 0x10, 0x09, 0x09, 0x04, 0xAA, 0xA9, 0x52, 0x92, 0x15, 0x2A, 0x4A, 0xA0, 0x40,
  0x80, 0x20, 0x40, 0x00, 0x01, 0x02, 0x04, 0x00, 0x2D, 0xDF, 0xD7, 0x77, 0xFA, 0x6F, 0xFA, 0xF5,
  0xD7, 0x80, 0x00, 0x00, 0x00, 0x00, 0x00, 0x00, 0x00, 0x00, 0x00, 0x00, 0x00, 0x00, 0x00, 0x00,
  0x00, 0x00, 0x00, 0x00, 0x00, 0x00, 0x00, 0x00, 0x00, 0x00, 0x00, 0x00, 0x00, 0x00, 0x00, 0x00,
  0x00, 0x00, 0x00, 0x00, 0x00, 0x00, 0x00, 0x00, 0x00, 0x00, 0x00, 0x00, 0x00, 0x00, 0x00, 0x00,
  0x00, 0x00, 0x00, 0x00, 0x00, 0x00, 0x01, 0xFF, 0xFF, 0xBA, 0xDB, 0x75, 0xDE, 0x97, 0xFD, 0x00,
  0x89, 0x48, 0x08, 0x92, 0x00, 0x00, 0x09, 0x00, 0x80, 0x00, 0x2A, 0x22, 0x85, 0x08, 0x49, 0x52,
  0xA5, 0x55, 0x00, 0x12, 0x01, 0x00, 0x00, 0x81, 0x04, 0x00, 0x00, 0x08, 0x0B, 0x6A, 0xBB, 0xDF,
  0xFF, 0x5D, 0xFF, 0xAF, 0x7D, 0x80, 0x00, 0x00, 0x00, 0x00, 0x00, 0x00, 0x00, 0x00, 0x00, 0x00,
  0x00, 0x00, 0x00, 0x00, 0x00, 0x00, 0x00, 0x00, 0x00, 0x00, 0x00, 0x00, 0x00, 0x00, 0x00, 0x00,
  0x00, 0x00, 0x00, 0x00, 0x00, 0x00, 0x00, 0x00, 0x00, 0x00, 0x00, 0x00, 0x00, 0x00, 0x00, 0x00,
  0x00, 0x00, 0x00, 0x00, 0x00, 0x00, 0x00, 0x00, 0x00, 0x00, 0x01, 0xFF, 0xFF, 0xD6, 0xB5, 0xAE,
  0xFF, 0x85, 0xFC, 0x2A, 0x20, 0x01, 0x20, 0x00, 0x44, 0x88, 0x40, 0x02, 0x00, 0x52, 0x88, 0x8A,
  0x29, 0x55, 0x24, 0x89, 0x54, 0xAD, 0x45, 0x4B, 0x48, 0x00, 0x10, 0x04, 0x00, 0x10, 0x20, 0x20,
  0x06, 0xFD, 0xED, 0x7B, 0xDF, 0xA7, 0xFF, 0xFB, 0xDE, 0x80, 0x00, 0x00, 0x00, 0x00, 0x00, 0x00,
  0x00, 0x00, 0x00, 0x00, 0x00, 0x00, 0x00, 0x00, 0x00, 0x00, 0x00, 0x00, 0x00, 0x00, 0x00, 0x00,
  0x00, 0x00, 0x00, 0x00, 0x00, 0x00, 0x00, 0x00, 0x00, 0x00, 0x00, 0x00, 0x00, 0x00, 0x00, 0x00,
  0x00, 0x00, 0x00, 0x00, 0x00, 0x00, 0x00, 0x00, 0x00, 0x00, 0x00, 0x00, 0x00, 0x00, 0x01, 0xFF,
  0xFE, 0xBB, 0xDE, 0xF5, 0xBF, 0xE0, 0xD8, 0x00, 0x84, 0x90, 0x04, 0x91, 0x00, 0x01, 0x00, 0x48,
  0x12, 0x00, 0x25, 0x29, 0x04, 0x8A, 0x92, 0x54, 0x92, 0xAA, 0xA9, 0x7D, 0x80, 0x12, 0x40, 0x10,
  0x10, 0x00, 0x80, 0x80, 0x43, 0xAB, 0x77, 0xDE, 0xFE, 0xF2, 0xBF, 0xBD, 0x77, 0x80, 0x00, 0x00,
  0x00, 0x00, 0x00, 0x00, 0x00, 0x00, 0x00, 0x00, 0x00, 0x00, 0x00, 0x00, 0x00, 0x00, 0x00, 0x00,
  0x00, 0x00, 0x00, 0x00, 0x00, 0x00, 0x00, 0x00, 0x00, 0x00, 0x00, 0x00, 0x00, 0x00, 0x00, 0x00,
  0x00, 0x00, 0x00, 0x00, 0x00, 0x00, 0x00, 0x00, 0x00, 0x00, 0x00, 0x00, 0x00, 0x00, 0x00, 0x00,
  0x00, 0x00, 0x01, 0xFF, 0xFD, 0xD6, 0xB5, 0xAE, 0xD7, 0x7A, 0x70, 0xAA, 0x10, 0x04, 0x80, 0x00,
  0x12, 0x20, 0x12, 0x00, 0x00, 0x89, 0x10, 0x44, 0xAA, 0x52, 0x49, 0x45, 0x55, 0x2B, 0x56, 0xAB,
  0xD0, 0x80, 0x01, 0x00, 0x00, 0x00, 0x02, 0x00, 0x08, 0xFF, 0xBD, 0x6B, 0xBF, 0xFD, 0x6E, 0xF7,
  0xDA, 0x80, 0x00, 0x00, 0x00, 0x00, 0x00, 0x00, 0x00, 0x00, 0x00, 0x00, 0x00, 0x00, 0x00, 0x00,
  0x00, 0x00, 0x00, 0x00, 0x00, 0x00, 0x00, 0x00, 0x00, 0x00, 0x00, 0x00, 0x00, 0x00, 0x00, 0x00,
  0x00, 0x00, 0x00, 0x00, 0x00, 0x00, 0x00, 0x00, 0x00, 0x00, 0x00, 0x00, 0x00, 0x00, 0x00, 0x00,
  0x00, 0x00, 0x00, 0x00, 0x00, 0x00, 0x01, 0xFF, 0xFA, 0xBB, 0x6E, 0xDB, 0x7D, 0xFC, 0x12, 0x00,
  0x82, 0x40, 0x24, 0x88, 0x40, 0x00, 0x00, 0x00, 0x8A, 0x20, 0x4A, 0x92, 0xA5, 0x29, 0x24, 0xA8,
  0x94, 0xA5, 0x57, 0xDE, 0xA2, 0x01, 0x04, 0x00, 0x40, 0x84, 0x00, 0x00, 0x01, 0x55, 0x6B, 0xDE,
  0xEF, 0xFE, 0xBB, 0xFE, 0xFF, 0x80, 0x00, 0x00, 0x00, 0x00, 0x00, 0x00, 0x00, 0x00, 0x00, 0x00,
  0x00, 0x00, 0x00, 0x00, 0x00, 0x00, 0x00, 0x00, 0x00, 0x00, 0x00, 0x00, 0x00, 0x00, 0x00, 0x00,
  0x00, 0x00, 0x00, 0x00, 0x00, 0x00, 0x00, 0x00, 0x00, 0x00, 0x00, 0x00, 0x00, 0x00, 0x00, 0x00,
  0x00, 0x00, 0x00, 0x00, 0x00, 0x00, 0x00, 0x00, 0x00, 0x00, 0x01, 0xFF, 0xFF, 0x6D, 0xB5, 0xB5,
  0xAB, 0xFF, 0x00, 0x54, 0x10, 0x12, 0x00, 0x21, 0x01, 0x24, 0x84, 0x92, 0x10, 0x04, 0x00, 0x49,
  0x10, 0x85, 0x49, 0x45, 0x25, 0x55, 0x55, 0x77, 0x50, 0x10, 0x10, 0x01, 0x02, 0x10, 0x10, 0x02,
  0x00, 0xFB, 0xDE, 0xF5, 0xB5, 0xFF, 0xA7, 0xFF, 0xAA, 0x80, 0x00, 0x00, 0x00, 0x00, 0x00, 0x00,
  0x00, 0x00, 0x00, 0x00, 0x00, 0x00, 0x00, 0x00, 0x00, 0x00, 0x00, 0x00, 0x00, 0x00, 0x00, 0x00,
  0x00, 0x00, 0x00, 0x00, 0x00, 0x00, 0x00, 0x00, 0x00, 0x00, 0x00, 0x00, 0x00, 0x00, 0x00, 0x00,
  0x00, 0x00, 0x00, 0x00, 0x00, 0x00, 0x00, 0x00, 0x00, 0x00, 0x00, 0x00, 0x00, 0x00, 0x01, 0xFF,
  0xFD, 0xB6, 0xDB, 0x6E, 0xDD, 0xB7, 0xC9, 0x01, 0x04, 0x80, 0x92, 0x00, 0x08, 0x00, 0x20, 0x00,
  0x01, 0x10, 0xAA, 0xA4, 0xA5, 0x51, 0x25, 0x28, 0xA9, 0x2A, 0x97, 0x5A, 0xE0, 0x04, 0x00, 0x24,
  0x00, 0x00, 0x40, 0x08, 0x22, 0x2E, 0xEB, 0x5F, 0x7F, 0x77, 0xFA, 0xFF, 0xFF, 0x80, 0x00, 0x00,
  0x00, 0x00, 0x00, 0x00, 0x00, 0x00, 0x00, 0x00, 0x00, 0x00, 0x00, 0x00, 0x00, 0x00, 0x00, 0x00,
  0x00, 0x00, 0x00, 0x00, 0x00, 0x00, 0x00, 0x00, 0x00, 0x00, 0x00, 0x00, 0x00, 0x00, 0x00, 0x00,
  0x00, 0x00, 0x00, 0x00, 0x00, 0x00, 0x00, 0x00, 0x00, 0x00, 0x00, 0x00, 0x00, 0x00, 0x00, 0x00,
  0x00, 0x00, 0x01, 0xFF, 0xFF, 0xDB, 0x6D, 0xB5, 0xB6, 0xFF, 0x80, 0xA8, 0x40, 0x24, 0x00, 0x08,
  0x80, 0x90, 0x00, 0x00, 0x54, 0x40, 0x00, 0x42, 0x48, 0x94, 0x92, 0xA5, 0x55, 0x55, 0x55, 0xEF,
  0xB4, 0x40, 0x41, 0x00, 0x00, 0x01, 0x00, 0x80, 0x00, 0x37, 0x7D, 0xEB, 0xD5, 0xDF, 0xFD, 0x5F,
  0xFA, 0x80, 0x00, 0x00, 0x00, 0x00, 0x00, 0x00, 0x00, 0x00, 0x00, 0x00, 0x00, 0x00, 0x00, 0x00,
  0x00, 0x00, 0x00, 0x00, 0x00, 0x00, 0x00, 0x00, 0x00, 0x00, 0x00, 0x00, 0x00, 0x00, 0x00, 0x00,
  0x00, 0x00, 0x00, 0x00, 0x00, 0x00, 0x00, 0x00, 0x00, 0x00, 0x00, 0x00, 0x00, 0x00, 0x00, 0x00,
  0x00, 0x00, 0x00, 0x00, 0x00, 0x00, 0x01, 0xFC, 0xB7, 0xED, 0xB6, 0xDE, 0xDB, 0x57, 0x4A, 0x02,
  0x14, 0x80, 0x49, 0x22, 0x12, 0x01, 0x09, 0x11, 0x20, 0x04, 0xA5, 0x2A, 0xA2, 0x82, 0x8A, 0x14,
  0xA2, 0x96, 0xD6, 0xBA, 0xF1, 0x01, 0x00, 0x00, 0x08, 0x40, 0x02, 0x00, 0x00, 0x1A, 0xD7, 0x5D,
  0x7F, 0x7F, 0xEF, 0xAD, 0xFF, 0x80, 0x00, 0x00, 0x00, 0x00, 0x00, 0x00, 0x00, 0x00, 0x00, 0x00,
  0x00, 0x00, 0x00, 0x00, 0x00, 0x00, 0x00, 0x00, 0x00, 0x00, 0x00, 0x00, 0x00, 0x00, 0x00, 0x00,
  0x00, 0x00, 0x00, 0x00, 0x00, 0x00, 0x00, 0x00, 0x00, 0x00, 0x00, 0x00, 0x00, 0x00, 0x00, 0x00,
  0x00, 0x00, 0x00, 0x00, 0x00, 0x00, 0x00, 0x00, 0x00, 0x00, 0x01, 0xFE, 0x5F, 0xFA, 0xDB, 0x6B,
  0x6D, 0xDD, 0x01, 0x50, 0x40, 0x12, 0x00, 0x00, 0x00, 0x08, 0x20, 0x00, 0x41, 0x10, 0x00, 0x88,
  0x4A, 0x54, 0xA5, 0x55, 0x54, 0xAB, 0x53, 0x57, 0x5C, 0x10, 0x08, 0x22, 0x20, 0x00, 0x00, 0x00,
  0x00, 0x9F, 0xBB, 0xF7, 0xAA, 0xDB, 0x7F, 0xD7, 0xEF, 0x80, 0x00, 0x00, 0x00, 0x00, 0x00, 0x00,
  0x00, 0x00, 0x00, 0x00, 0x00, 0x00, 0x00, 0x00, 0x00, 0x00, 0x00, 0x00, 0x00, 0x00, 0x00, 0x00,
  0x00, 0x00, 0x00, 0x00, 0x00, 0x00, 0x00, 0x00, 0x00, 0x00, 0x00, 0x00, 0x00, 0x00, 0x00, 0x00,
  0x00, 0x00, 0x00, 0x00, 0x00, 0x00, 0x00, 0x00, 0x00, 0x00, 0x00, 0x00, 0x00, 0x00, 0x01, 0xFF,
  0x2F, 0xFF, 0x6D, 0xB5, 0xB6, 0xB7, 0x08, 0x04, 0x04, 0x80, 0x40, 0x80, 0x80, 0x40, 0x00, 0x45,
  0x10, 0x41, 0x52, 0xA5, 0x25, 0x25, 0x50, 0xA2, 0x0A, 0xA9, 0x55, 0xFD, 0xE8, 0x00, 0x01, 0x00,
  0x00, 0x09, 0x00, 0x08, 0x88, 0x05, 0x6D, 0x5A, 0xFF, 0xEF, 0xFF, 0x7A, 0xFF, 0x80, 0x00, 0x00,
  0x00, 0x00, 0x00, 0x00, 0x00, 0x00, 0x00, 0x00, 0x00, 0x00, 0x00, 0x00, 0x00, 0x00, 0x00, 0x00,
  0x00, 0x00, 0x00, 0x00, 0x00, 0x00, 0x00, 0x00, 0x00, 0x00, 0x00, 0x00, 0x00, 0x00, 0x00, 0x00,
  0x00, 0x00, 0x00, 0x00, 0x00, 0x00, 0x00, 0x00, 0x00, 0x00, 0x00, 0x00, 0x00, 0x00, 0x00, 0x00,
  0x00, 0x00, 0x01, 0xFF, 0x85, 0xBF, 0xB6, 0xDE, 0xDB, 0xEC, 0x25, 0x41, 0x20, 0x09, 0x08, 0x14,
  0x12, 0x02, 0x02, 0x00, 0xA2, 0x04, 0x02, 0x11, 0x49, 0x52, 0x0A, 0x4A, 0xD1, 0x55, 0xAA, 0xAB,
  0x5E, 0x44, 0x40, 0x08, 0x02, 0x00, 0x10, 0x20, 0x00, 0x0B, 0xDF, 0x6F, 0x55, 0x7A, 0xDF, 0xFD,
  0x5F, 0x80, 0x00, 0x00, 0x00, 0x00, 0x00, 0x00, 0x00, 0x00, 0x00, 0x00, 0x00, 0x00, 0x00, 0x00,
  0x00, 0x00, 0x00, 0x00, 0x00, 0x00, 0x00, 0x00, 0x00, 0x00, 0x00, 0x00, 0x00, 0x00, 0x00, 0x00,
  0x00, 0x00, 0x00, 0x00, 0x00, 0x00, 0x00, 0x00, 0x00, 0x00, 0x00, 0x00, 0x00, 0x00, 0x00, 0x00,
  0x00, 0x00, 0x00, 0x00, 0x00, 0x00, 0x01, 0xFF, 0xF2, 0xFE, 0xED, 0xAB, 0x6E, 0xB4, 0x10, 0x14,
  0x09, 0x20, 0x02, 0x40, 0x40, 0x20, 0x48, 0x12, 0x04, 0x11, 0x09, 0x4A, 0x24, 0x89, 0x6A, 0x91,
  0x0A, 0x55, 0x55, 0x7D, 0xEA, 0x00, 0x08, 0x20, 0x88, 0x20, 0x01, 0x00, 0x00, 0x27, 0xF5, 0xDB,
  0xFF, 0xAF, 0x77, 0xFF, 0xB7, 0x80, 0x00, 0x00, 0x00, 0x00, 0x00, 0x00, 0x00, 0x00, 0x00, 0x00,
  0x00, 0x00, 0x00, 0x00, 0x00, 0x00, 0x00, 0x00, 0x00, 0x00, 0x00, 0x00, 0x00, 0x00, 0x00, 0x00,
  0x00, 0x00, 0x00, 0x00, 0x00, 0x00, 0x00, 0x00, 0x00, 0x00, 0x00, 0x00, 0x00, 0x00, 0x00, 0x00,
  0x00, 0x00, 0x00, 0x00, 0x00, 0x00, 0x00, 0x00, 0x00, 0x00, 0x01, 0xDF, 0xF8, 0xEF, 0xF6, 0xF5,
  0xB5, 0xD8, 0x85, 0x01, 0x20, 0x04, 0x40, 0x01, 0x01, 0x04, 0x00, 0x40, 0x28, 0x80, 0xA2, 0x21,
  0x4A, 0x54, 0xA5, 0x4A, 0x52, 0xAA, 0xA9, 0xAE, 0xBE, 0x91, 0x00, 0x80, 0x00, 0x00, 0x40, 0x00,
  0x81, 0x01, 0xDB, 0x7D, 0x55, 0xF5, 0xDD, 0xFF, 0xDB, 0x80, 0x00, 0x00, 0x00, 0x00, 0x00, 0x00,
  0x00, 0x00, 0x00, 0x00, 0x00, 0x00, 0x00, 0x00, 0x00, 0x00, 0x00, 0x00, 0x00, 0x00, 0x00, 0x00,
  0x00, 0x00, 0x00, 0x00, 0x00, 0x00, 0x00, 0x00, 0x00, 0x00, 0x00, 0x00, 0x00, 0x00, 0x00, 0x00,
  0x00, 0x00, 0x00, 0x00, 0x00, 0x00, 0x00, 0x00, 0x00, 0x00, 0x00, 0x00, 0x00, 0x00, 0x01, 0xB7,
  0xFD, 0x3F, 0xFB, 0x5E, 0xDE, 0xB4, 0x20, 0x50, 0x04, 0x90, 0x11, 0x08, 0x08, 0x10, 0x00, 0x14,
  0x84, 0x12, 0x01, 0x0A, 0x29, 0x02, 0x90, 0x51, 0x29, 0x57, 0xAA, 0xF7, 0xEB, 0x40, 0x00, 0x00,
  0x00, 0x84, 0x00, 0x02, 0x08, 0x03, 0xFE, 0xD7, 0xEE, 0xBE, 0xF7, 0xBD, 0xF5, 0x00, 0x00, 0x00,
  0x00, 0x00, 0x00, 0x00, 0x00, 0x00, 0x00, 0x00, 0x00, 0x00, 0x00, 0x00, 0x00, 0x00, 0x00, 0x00,
  0x00, 0x00, 0x00, 0x00, 0x00, 0x00, 0x00, 0x00, 0x00, 0x00, 0x00, 0x00, 0x00, 0x00, 0x00, 0x00,
  0x00, 0x00, 0x00, 0x00, 0x00, 0x00, 0x00, 0x00, 0x00, 0x00, 0x00, 0x00, 0x00, 0x00, 0x00, 0x00,
  0x00, 0x00, 0x01, 0x6D, 0xDE, 0x8B, 0xBE, 0xD5, 0x6B, 0xD0, 0x4A, 0x05, 0x40, 0x02, 0x00, 0x20,
  0x20, 0x40, 0x92, 0x40, 0x28, 0x80, 0x14, 0x41, 0x10, 0xA9, 0x4A, 0xAA, 0x44, 0xAA, 0xD5, 0x5A,
  0xBD, 0x00, 0x24, 0x12, 0x22, 0x00, 0x02, 0x00, 0x00, 0x00, 0xFF, 0xBA, 0xBB, 0xD7, 0x5D, 0xF7,
  0xFE, 0x80, 0x00, 0x00, 0x00, 0x00, 0x00, 0x00, 0x00, 0x00, 0x00, 0x00, 0x00, 0x00, 0x00, 0x00,
  0x00, 0x00, 0x00, 0x00, 0x00, 0x00, 0x00, 0x00, 0x00, 0x00, 0x00, 0x00, 0x00, 0x00, 0x00, 0x00,
  0x00, 0x00, 0x00, 0x00, 0x00, 0x00, 0x00, 0x00, 0x00, 0x00, 0x00, 0x00, 0x00, 0x00, 0x00, 0x00,
  0x00, 0x00, 0x00, 0x00, 0x00, 0x00, 0x01, 0xBB, 0x7F, 0xA6, 0xFF, 0xBB, 0xBD, 0x71, 0x11, 0x50,
  0x12, 0x20, 0x88, 0x81, 0x02, 0x00, 0x00, 0x29, 0x02, 0x08, 0x80, 0x14, 0xA5, 0x04, 0x91, 0x24,
  0x2A, 0xAB, 0x6A, 0xB6, 0xD7, 0xC4, 0x00, 0x80, 0x00, 0x01, 0x10, 0x20, 0x00, 0x08, 0xFF, 0xEF,
  0xDD, 0x7B, 0xF6, 0xBF, 0xFF, 0x80, 0x00, 0x00, 0x00, 0x00, 0x00, 0x00, 0x00, 0x00, 0x00, 0x00,
  0x00, 0x00, 0x00, 0x00, 0x00, 0x00, 0x00, 0x00, 0x00, 0x00, 0x00, 0x00, 0x00, 0x00, 0x00, 0x00,
  0x00, 0x00, 0x00, 0x00, 0x00, 0x00, 0x00, 0x00, 0x00, 0x00, 0x00, 0x00, 0x00, 0x00, 0x00, 0x00,
  0x00, 0x00, 0x00, 0x00, 0x00, 0x00, 0x00, 0x00, 0x00, 0x00, 0x01, 0x6D, 0xB7, 0xE9, 0xFF, 0xED,
  0xD6, 0xC0, 0x44, 0x02, 0x40, 0x88, 0x02, 0x04, 0x00, 0x04, 0x40, 0x80, 0x28, 0x20, 0x11, 0x00,
  0x08, 0x52, 0x44, 0x91, 0x41, 0x2A, 0xB5, 0x6D, 0xBA, 0xA0, 0x80, 0x00, 0x00, 0x10, 0x00, 0x00,
  0x00, 0x80, 0x7F, 0xFA, 0xB7, 0xAD, 0x5F, 0xDB, 0xFF, 0x80, 0x00, 0x00, 0x00, 0x00, 0x00, 0x00,
  0x00, 0x00, 0x00, 0x00, 0x00, 0x00, 0x00, 0x00, 0x00, 0x00, 0x00, 0x00, 0x00, 0x00, 0x00, 0x00,
  0x00, 0x00, 0x00, 0x00, 0x00, 0x00, 0x00, 0x00, 0x00, 0x00, 0x00, 0x00, 0x00, 0x00, 0x00, 0x00,
  0x00, 0x00, 0x00, 0x00, 0x00, 0x00, 0x00, 0x00, 0x00, 0x00, 0x00, 0x00, 0x00, 0x00, 0x01, 0xB6,
  0xDF, 0xF4, 0x5B, 0xF6, 0xB5, 0xA5, 0x20, 0x90, 0x08, 0x00, 0x48, 0x10, 0x48, 0x20, 0x04, 0x28,
  0x90, 0x82, 0x40, 0x55, 0x42, 0x09, 0x55, 0x4A, 0x2A, 0xAA, 0xD5, 0x5E, 0xDF, 0xC0, 0x08, 0x22,
  0x48, 0x40, 0x00, 0x84, 0x48, 0x01, 0x3F, 0xFF, 0xED, 0xF7, 0xEA, 0xEE, 0xFF, 0x80, 0x00, 0x00,
  0x00, 0x00, 0x00, 0x00, 0x00, 0x00, 0x00, 0x00, 0x00, 0x00, 0x00, 0x00, 0x00, 0x00, 0x00, 0x00,
  0x00, 0x00, 0x00, 0x00, 0x00, 0x00, 0x00, 0x00, 0x00, 0x00, 0x00, 0x00, 0x00, 0x00, 0x00, 0x00,
  0x00, 0x00, 0x00, 0x00, 0x00, 0x00, 0x00, 0x00, 0x00, 0x00, 0x00, 0x00, 0x00, 0x00, 0x00, 0x00,
  0x00, 0x00, 0x00, 0xDB, 0x6B, 0x7D, 0x3F, 0xBB, 0x6E, 0xE0, 0x4A, 0x04, 0x82, 0x44, 0x00, 0x40,
  0x01, 0x01, 0x02, 0x82, 0x22, 0x08, 0x0A, 0x00, 0x29, 0x50, 0x29, 0x21, 0x48, 0x52, 0xAA, 0xB5,
  0xB4, 0xA8, 0x21, 0x00, 0x01, 0x02, 0x44, 0x00, 0x00, 0x00, 0x7F, 0xFD, 0x5B, 0x5D, 0x7F, 0x7B,
  0xB7, 0x80, 0x00, 0x00, 0x00, 0x00, 0x00, 0x00, 0x00, 0x00, 0x00, 0x00, 0x00, 0x00, 0x00, 0x00,
  0x00, 0x00, 0x00, 0x00, 0x00, 0x00, 0x00, 0x00, 0x00, 0x00, 0x00, 0x00, 0x00, 0x00, 0x00, 0x00,
  0x00, 0x00, 0x00, 0x00, 0x00, 0x00, 0x00, 0x00, 0x00, 0x00, 0x00, 0x00, 0x00, 0x00, 0x00, 0x00,
  0x00, 0x00, 0x00, 0x00, 0x00, 0x00, 0x01, 0x6D, 0xBD, 0xFF, 0x07, 0xFF, 0xB5, 0x81, 0x00, 0xA0,
  0x20, 0x11, 0x11, 0x02, 0x20, 0x04, 0x14, 0x50, 0x48, 0x21, 0x20, 0x92, 0x00, 0x25, 0x04, 0x4A,
  0x25, 0x4A, 0xD5, 0x5E, 0xEF, 0x62, 0x00, 0x00, 0x00, 0x00, 0x00, 0x00, 0x00, 0x20, 0x1F, 0xFF,
  0xF6, 0xEF, 0xAA, 0xD6, 0xDF, 0x80, 0x00, 0x00, 0x00, 0x00, 0x00, 0x00, 0x00, 0x00, 0x00, 0x00,
  0x00, 0x00, 0x00, 0x00, 0x00, 0x00, 0x00, 0x00, 0x00, 0x00, 0x00, 0x00, 0x00, 0x00, 0x00, 0x00,
  0x00, 0x00, 0x00, 0x00, 0x00, 0x00, 0x00, 0x00, 0x00, 0x00, 0x00, 0x00, 0x00, 0x00, 0x00, 0x00,
  0x00, 0x00, 0x00, 0x00, 0x00, 0x00, 0x00, 0x00, 0x00, 0x00, 0x01, 0xB6, 0xD6, 0xDF, 0xC9, 0xFE,
  0xDE, 0xC4, 0xAA, 0x0A, 0x09, 0x00, 0x00, 0x00, 0x04, 0x40, 0x02, 0x20, 0x20, 0x00, 0x40, 0x00,
  0xAA, 0x88, 0xA2, 0x24, 0x92, 0x2B, 0x55, 0x2B, 0xB5, 0xD0, 0x00, 0x12, 0x44, 0x08, 0x00, 0x21,
  0x02, 0x02, 0x1F, 0xFF, 0xFD, 0xB5, 0x7F, 0xBF, 0x75, 0x80, 0x00, 0x00, 0x00, 0x00, 0x00, 0x00,
  0x00, 0x00, 0x00, 0x00, 0x00, 0x00, 0x00, 0x00, 0x00, 0x00, 0x00, 0x00, 0x00, 0x00, 0x00, 0x00,
  0x00, 0x00, 0x00, 0x00, 0x00, 0x00, 0x00, 0x00, 0x00, 0x00, 0x00, 0x00, 0x00, 0x00, 0x00, 0x00,
  0x00, 0x00, 0x00, 0x00, 0x00, 0x00, 0x00, 0x00, 0x00, 0x00, 0x00, 0x00, 0x00, 0x00, 0x00, 0xDB,
  0x6B, 0x7B, 0xF0, 0xDF, 0xEB, 0x02, 0x00, 0x40, 0x80, 0x44, 0x44, 0x24, 0x80, 0x00, 0x54, 0x82,
  0x05, 0x09, 0x09, 0x28, 0x00, 0x42, 0x14, 0x92, 0x4A, 0xAA, 0xAA, 0xD6, 0xDD, 0x74, 0x89, 0x00,
  0x00, 0x20, 0x10, 0x80, 0x20, 0x00, 0x4F, 0xFF, 0xF7, 0xDF, 0xD5, 0x6B, 0xDF, 0x80, 0x00, 0x00,
  0x00, 0x00, 0x00, 0x00, 0x00, 0x00, 0x00, 0x00, 0x00, 0x00, 0x00, 0x00, 0x00, 0x00, 0x00, 0x00,
  0x00, 0x00, 0x00, 0x00, 0x00, 0x00, 0x00, 0x00, 0x00, 0x00, 0x00, 0x00, 0x00, 0x00, 0x00, 0x00,
  0x00, 0x00, 0x00, 0x00, 0x00, 0x00, 0x00, 0x00, 0x00, 0x00, 0x00, 0x00, 0x00, 0x00, 0x00, 0x00,
  0x00, 0x00, 0x01, 0x6D, 0xBD, 0xAF, 0xF8, 0x7F, 0xF5, 0x88, 0xA9, 0x12, 0x24, 0x00, 0x00, 0x80,
  0x11, 0x10, 0x01, 0x10, 0x90, 0x40, 0x20, 0x02, 0x95, 0x11, 0x41, 0x09, 0x2A, 0xAA, 0xD5, 0x5B,
  0x77, 0xA8, 0x20, 0x00, 0x00, 0x80, 0x40, 0x04, 0x00, 0x20, 0x0F, 0xFF, 0xFE, 0xB5, 0x7B, 0xFD,
  0x75, 0x00, 0x00, 0x00, 0x00, 0x00, 0x00, 0x00, 0x00, 0x00, 0x00, 0x00, 0x00, 0x00, 0x00, 0x00,
  0x00, 0x00, 0x00, 0x00, 0x00, 0x00, 0x00, 0x00, 0x00, 0x00, 0x00, 0x00, 0x00, 0x00, 0x00, 0x00,
  0x00, 0x00, 0x00, 0x00, 0x00, 0x00, 0x00, 0x00, 0x00, 0x00, 0x00, 0x00, 0x00, 0x00, 0x00, 0x00,
  0x00, 0x00, 0x00, 0x00, 0x00, 0x00, 0x01, 0xB6, 0xD6, 0xDB, 0x7E, 0x17, 0x7F, 0x02, 0x04, 0x00,
  0x01, 0x22, 0x42, 0x00, 0x40, 0x02, 0x48, 0x00, 0x05, 0x09, 0x09, 0x20, 0x00, 0x4A, 0x2A, 0x52,
  0x95, 0x4B, 0x6B, 0xD6, 0xDA, 0xFA, 0x00, 0x22, 0x24, 0x01, 0x00, 0x00, 0x04, 0x80, 0x27, 0xFF,
  0xFF, 0xFE, 0xD6, 0xAB, 0xBF, 0x80, 0x00, 0x00, 0x00, 0x00, 0x00, 0x00, 0x00, 0x00, 0x00, 0x00,
  0x00, 0x00, 0x00, 0x00, 0x00, 0x00, 0x00, 0x00, 0x00, 0x00, 0x00, 0x00, 0x00, 0x00, 0x00, 0x00,
  0x00, 0x00, 0x00, 0x00, 0x00, 0x00, 0x00, 0x00, 0x00, 0x00, 0x00, 0x00, 0x00, 0x00, 0x00, 0x00,
  0x00, 0x00, 0x00, 0x00, 0x00, 0x00, 0x00, 0x00, 0x00, 0x00, 0x00, 0xDB, 0x5B, 0x6D, 0xEF, 0x8D,
  0xFD, 0x11, 0x50, 0xA9, 0x28, 0x00, 0x08, 0x12, 0x00, 0x01, 0x14, 0x49, 0x12, 0x20, 0x40, 0x09,
  0x25, 0x09, 0x40, 0x24, 0x55, 0x55, 0x56, 0xAD, 0xEF, 0x54, 0x09, 0x00, 0x00, 0x04, 0x02, 0x00,
  0x20, 0x02, 0x07, 0xFF, 0xFF, 0xD5, 0xFF, 0xDE, 0xD5, 0x00, 0x00, 0x00, 0x00, 0x00, 0x00, 0x00,
  0x00, 0x00, 0x00, 0x00, 0x00, 0x00, 0x00, 0x00, 0x00, 0x00, 0x00, 0x00, 0x00, 0x00, 0x00, 0x00,
  0x00, 0x00, 0x00, 0x00, 0x00, 0x00, 0x00, 0x00, 0x00, 0x00, 0x00, 0x00, 0x00, 0x00, 0x00, 0x00,
  0x00, 0x00, 0x00, 0x00, 0x00, 0x00, 0x00, 0x00, 0x00, 0x00, 0x00, 0x00, 0x00, 0x00, 0x01, 0x6D,
  0xB5, 0xB6, 0xBF, 0xC3, 0xFF, 0x04, 0x04, 0x00, 0x02, 0x49, 0x20, 0x40, 0x09, 0x24, 0x40, 0x00,
  0x08, 0x84, 0x05, 0x40, 0x40, 0xA4, 0x15, 0x42, 0x4A, 0x92, 0xAA, 0xF7, 0x5A, 0xFA, 0x40, 0x00,
  0x80, 0x90, 0x00, 0x10, 0x80, 0x00, 0x13, 0xFF, 0xFF, 0xFF, 0x55, 0x75, 0xFF, 0x80, 0x00, 0x00,
  0x00, 0x00, 0x00, 0x00, 0x00, 0x00, 0x00, 0x00, 0x00, 0x00, 0x00, 0x00, 0x00, 0x00, 0x00, 0x00,
  0x00, 0x00, 0x00, 0x00, 0x00, 0x00, 0x00, 0x00, 0x00, 0x00, 0x00, 0x00, 0x00, 0x00, 0x00, 0x00,
  0x00, 0x00, 0x00, 0x00, 0x00, 0x00, 0x00, 0x00, 0x00, 0x00, 0x00, 0x00, 0x00, 0x00, 0x00, 0x00,
  0x00, 0x00, 0x01, 0xB6, 0xDE, 0xDB, 0xFE, 0xF0, 0xB6, 0x12, 0xA1, 0x25, 0x40, 0x00, 0x00, 0x04,
  0x40, 0x02, 0x54, 0x88, 0xA4, 0x00, 0x90, 0x15, 0x15, 0x11, 0x40, 0x29, 0x29, 0x4A, 0xAA, 0xAA,
  0xEF, 0xAC, 0x04, 0x48, 0x08, 0x00, 0x08, 0x00, 0x00, 0x08, 0x01, 0xFF, 0xFF, 0xFD, 0xDB, 0xBF,
  0x55, 0x00, 0x00, 0x00, 0x00, 0x00, 0x00, 0x00, 0x00, 0x00, 0x00, 0x00, 0x00, 0x00, 0x00, 0x00,
  0x00, 0x00, 0x00, 0x00, 0x00, 0x00, 0x00, 0x00, 0x00, 0x00, 0x00, 0x00, 0x00, 0x00, 0x00, 0x00,
  0x00, 0x00, 0x00, 0x00, 0x00, 0x00, 0x00, 0x00, 0x00, 0x00, 0x00, 0x00, 0x00, 0x00, 0x00, 0x00,
  0x00, 0x00, 0x00, 0x00, 0x00, 0x00, 0x00, 0xDB, 0x6A, 0xAD, 0x2B, 0xF8, 0x7E, 0x08, 0x08, 0x40,
  0x12, 0x11, 0x08, 0x00, 0x00, 0x01, 0x00, 0x22, 0x09, 0x24, 0x00, 0x80, 0x40, 0x44, 0x2A, 0x95,
  0x55, 0x29, 0x52, 0xDF, 0x5A, 0xF6, 0x20, 0x00, 0x00, 0x00, 0x20, 0x40, 0x01, 0x00, 0x0A, 0xFF,
  0xFF, 0xFF, 0xEE, 0xD5, 0xEF, 0x80, 0x00, 0x00, 0x00, 0x00, 0x00, 0x00, 0x00, 0x00, 0x00, 0x00,
  0x00, 0x00, 0x00, 0x00, 0x00, 0x00, 0x00, 0x00, 0x00, 0x00, 0x00, 0x00, 0x00, 0x00, 0x00, 0x00,
  0x00, 0x00, 0x00, 0x00, 0x00, 0x00, 0x00, 0x00, 0x00, 0x00, 0x00, 0x00, 0x00, 0x00, 0x00, 0x00,
  0x00, 0x00, 0x00, 0x00, 0x00, 0x00, 0x00, 0x00, 0x00, 0x00, 0x01, 0x6D, 0xB7, 0x76, 0xDF, 0xFE,
  0x0E, 0x45, 0x45, 0x09, 0x00, 0x80, 0x21, 0x21, 0x11, 0x10, 0x90, 0x88, 0x10, 0x00, 0x44, 0x24,
  0x95, 0x11, 0x00, 0x54, 0x0A, 0x45, 0x55, 0x52, 0xF7, 0x5A, 0x81, 0x02, 0x22, 0x20, 0x80, 0x02,
  0x04, 0x00, 0x81, 0xFF, 0xFF, 0xFF, 0xBB, 0x7B, 0x5A, 0x80, 0x00, 0x00, 0x00, 0x00, 0x00, 0x00,
  0x00, 0x00, 0x00, 0x00, 0x00, 0x00, 0x00, 0x00, 0x00, 0x00, 0x00, 0x00, 0x00, 0x00, 0x00, 0x00,
  0x00, 0x00, 0x00, 0x00, 0x00, 0x00, 0x00, 0x00, 0x00, 0x00, 0x00, 0x00, 0x00, 0x00, 0x00, 0x00,
  0x00, 0x00, 0x00, 0x00, 0x00, 0x00, 0x00, 0x00, 0x00, 0x00, 0x00, 0x00, 0x00, 0x00, 0x01, 0xB6,
  0xDA, 0xDB, 0x6A, 0xEF, 0x84, 0x10, 0x10, 0x20, 0x44, 0x08, 0x80, 0x08, 0x00, 0x00, 0x02, 0x20,
  0x8A, 0x49, 0x00, 0x80, 0x00, 0x44, 0xAA, 0x92, 0xA1, 0x2A, 0xD5, 0x57, 0x5B, 0xB6, 0x08, 0x20,
  0x00, 0x02, 0x00, 0x08, 0x10, 0x10, 0x00, 0xBF, 0xFF, 0xFF, 0xFD, 0xD6, 0xFF, 0x00, 0x00, 0x00,
  0x00, 0x00, 0x00, 0x00, 0x00, 0x00, 0x00, 0x00, 0x00, 0x00, 0x00, 0x00, 0x00, 0x00, 0x00, 0x00,
  0x00, 0x00, 0x00, 0x00, 0x00, 0x00, 0x00, 0x00, 0x00, 0x00, 0x00, 0x00, 0x00, 0x00, 0x00, 0x00,
  0x00, 0x00, 0x00, 0x00, 0x00, 0x00, 0x00, 0x00, 0x00, 0x00, 0x00, 0x00, 0x00, 0x00, 0x00, 0x00,
  0x00, 0x00, 0x01, 0x6B, 0x6D, 0xAD, 0xB6, 0xBF, 0xD2, 0x05, 0x44, 0x84, 0x10, 0x42, 0x04, 0x40,
  0x04, 0x01, 0x08, 0x14, 0x20, 0x00, 0x12, 0x12, 0x49, 0x10, 0x00, 0x4A, 0x4A, 0x45, 0x5A, 0xA9,
  0xED, 0x7B, 0x80, 0x84, 0x00, 0x80, 0x01, 0x00, 0x00, 0x00, 0x04, 0xD7, 0xFF, 0xFD, 0xFF, 0x7F,
  0xAA, 0x80, 0x00, 0x00, 0x00, 0x00, 0x00, 0x00, 0x00, 0x00, 0x00, 0x00, 0x00, 0x00, 0x00, 0x00,
  0x00, 0x00, 0x00, 0x00, 0x00, 0x00, 0x00, 0x00, 0x00, 0x00, 0x00, 0x00, 0x00, 0x00, 0x00, 0x00,
  0x00, 0x00, 0x00, 0x00, 0x00, 0x00, 0x00, 0x00, 0x00, 0x00, 0x00, 0x00, 0x00, 0x00, 0x00, 0x00,
  0x00, 0x00, 0x00, 0x00, 0x00, 0x00, 0x01, 0xBD, 0xB6, 0xF6, 0xDB, 0xDE, 0xE8, 0x28, 0x10, 0x21,
  0x01, 0x00, 0x10, 0x01, 0x10, 0x40, 0x40, 0x80, 0x8A, 0x88, 0x40, 0x00, 0x00, 0x45, 0x55, 0x54,
  0x24, 0x95, 0x6A, 0xAA, 0xB7, 0xDD, 0x42, 0x00, 0x92, 0x00, 0x04, 0x00, 0x40, 0x02, 0x20, 0x7D,
  0xFF, 0xFF, 0xFF, 0xD5, 0x77, 0x80, 0x00, 0x00, 0x00, 0x00, 0x00, 0x00, 0x00, 0x00, 0x00, 0x00,
  0x00, 0x00, 0x00, 0x00, 0x00, 0x00, 0x00, 0x00, 0x00, 0x00, 0x00, 0x00, 0x00, 0x00, 0x00, 0x00,
  0x00, 0x00, 0x00, 0x00, 0x00, 0x00, 0x00, 0x00, 0x00, 0x00, 0x00, 0x00, 0x00, 0x00, 0x00, 0x00,
  0x00, 0x00, 0x00, 0x00, 0x00, 0x00, 0x00, 0x00, 0x00, 0x00, 0x01, 0xD6, 0xDB, 0x55, 0x6D, 0x6B,
  0xF8, 0x12, 0x85, 0x04, 0x44, 0x10, 0x41, 0x04, 0x00, 0x04, 0x00, 0x52, 0x00, 0x41, 0x00, 0x92,
  0x4A, 0x00, 0x01, 0x29, 0x49, 0x22, 0xA9, 0x55, 0xDD, 0x6B, 0x10, 0x08, 0x00, 0x10, 0x10, 0x21,
  0x00, 0x88, 0x01, 0x2B, 0xFF, 0xFF, 0x6F, 0xFB, 0xDD, 0x00, 0x00, 0x00, 0x00, 0x00, 0x00, 0x00,
  0x00, 0x00, 0x00, 0x00, 0x00, 0x00, 0x00, 0x00, 0x00, 0x00, 0x00, 0x00, 0x00, 0x00, 0x00, 0x00,
  0x00, 0x00, 0x00, 0x00, 0x00, 0x00, 0x00, 0x00, 0x00, 0x00, 0x00, 0x00, 0x00, 0x00, 0x00, 0x00,
  0x00, 0x00, 0x00, 0x00, 0x00, 0x00, 0x00, 0x00, 0x00, 0x00, 0x00, 0x00, 0x00, 0x00, 0x01, 0xEB,
  0x6D, 0xBB, 0xB6, 0xBF, 0xFC, 0x40, 0x50, 0x40, 0x00, 0x42, 0x00, 0x10, 0x40, 0x00, 0x04, 0x20,
  0x25, 0x10, 0x0A, 0x00, 0x00, 0x95, 0x54, 0xA4, 0x14, 0x94, 0xAD, 0x54, 0xB7, 0xBE, 0xC0, 0x20,
  0x40, 0x01, 0x00, 0x00, 0x02, 0x00, 0x00, 0x7E, 0xBF, 0xFF, 0xBE, 0xFE, 0xB7, 0x80, 0x00, 0x00,
  0x00, 0x00, 0x00, 0x00, 0x00, 0x00, 0x00, 0x00, 0x00, 0x00, 0x00, 0x00, 0x00, 0x00, 0x00, 0x00,
  0x00, 0x00, 0x00, 0x00, 0x00, 0x00, 0x00, 0x00, 0x00, 0x00, 0x00, 0x00, 0x00, 0x00, 0x00, 0x00,
  0x00, 0x00, 0x00, 0x00, 0x00, 0x00, 0x00, 0x00, 0x00, 0x00, 0x00, 0x00, 0x00, 0x00, 0x00, 0x00,
  0x00, 0x00, 0x01, 0xFD, 0xB5, 0x56, 0xDB, 0xD5, 0x6C, 0x2A, 0x04, 0x12, 0x29, 0x00, 0x08, 0x40,
  0x01, 0x20, 0x20, 0x84, 0x04, 0x82, 0x40, 0x24, 0xA4, 0x01, 0x2A, 0x51, 0x45, 0x49, 0x2A, 0xAA,
  0xED, 0xEB, 0x84, 0x81, 0x09, 0x04, 0x00, 0x00, 0x00, 0x00, 0x08, 0x15, 0xDF, 0xFF, 0x57, 0xFF,
  0xDA, 0x80, 0x00, 0x00, 0x00, 0x00, 0x00, 0x00, 0x00, 0x00, 0x00, 0x00, 0x00, 0x00, 0x00, 0x00,
  0x00, 0x00, 0x00, 0x00, 0x00, 0x00, 0x00, 0x00, 0x00, 0x00, 0x00, 0x00, 0x00, 0x00, 0x00, 0x00,
  0x00, 0x00, 0x00, 0x00, 0x00, 0x00, 0x00, 0x00, 0x00, 0x00, 0x00, 0x00, 0x00, 0x00, 0x00, 0x00,
  0x00, 0x00, 0x00, 0x00, 0x00, 0x00, 0x01, 0xFE, 0xDB, 0xED, 0x6D, 0x6D, 0xB8, 0x01, 0x51, 0x00,
  0x80, 0x08, 0x81, 0x01, 0x08, 0x00, 0x00, 0x50, 0x92, 0x10, 0x01, 0x00, 0x01, 0x54, 0x91, 0x0A,
  0x29, 0x24, 0xAB, 0x56, 0x5E, 0xBD, 0x60, 0x04, 0x00, 0x20, 0x00, 0x84, 0x10, 0x00, 0x80, 0xBE,
  0xEB, 0xFF, 0xEB, 0xDD, 0xF7, 0x80, 0x00, 0x00, 0x00, 0x00, 0x00, 0x00, 0x00, 0x00, 0x00, 0x00,
  0x00, 0x00, 0x00, 0x00, 0x00, 0x00, 0x00, 0x00, 0x00, 0x00, 0x00, 0x00, 0x00, 0x00, 0x00, 0x00,
  0x00, 0x00, 0x00, 0x00, 0x00, 0x00, 0x00, 0x00, 0x00, 0x00, 0x00, 0x00, 0x00, 0x00, 0x00, 0x00,
  0x00, 0x00, 0x00, 0x00, 0x00, 0x00, 0x00, 0x00, 0x00, 0x00, 0x01, 0xBB, 0x6D, 0x5B, 0xB6, 0xB6,
  0xF8, 0xA8, 0x00, 0x52, 0x04, 0x40, 0x20, 0x04, 0x00, 0x04, 0x05, 0x00, 0x04, 0x81, 0x14, 0x12,
  0x24, 0x02, 0x48, 0x50, 0x94, 0x92, 0x5A, 0x95, 0x6B, 0xD7, 0xA0, 0x10, 0x20, 0x00, 0x22, 0x00,
  0x00, 0x48, 0x00, 0x0B, 0x5D, 0xFF, 0xFA, 0xFF, 0xDD, 0x00, 0x00, 0x00, 0x00, 0x00, 0x00, 0x00,
  0x00, 0x00, 0x00, 0x00, 0x00, 0x00, 0x00, 0x00, 0x00, 0x00, 0x00, 0x00, 0x00, 0x00, 0x00, 0x00,
  0x00, 0x00, 0x00, 0x00, 0x00, 0x00, 0x00, 0x00, 0x00, 0x00, 0x00, 0x00, 0x00, 0x00, 0x00, 0x00,
  0x00, 0x00, 0x00, 0x00, 0x00, 0x00, 0x00, 0x00, 0x00, 0x00, 0x00, 0x00, 0x00, 0x00, 0x01, 0xFF,
  0xD6, 0xD6, 0xDB, 0xDB, 0x50, 0x12, 0xA9, 0x00, 0x20, 0x04, 0x84, 0x10, 0x20, 0x20, 0x80, 0x4A,
  0x22, 0x10, 0x00, 0x40, 0x80, 0xA5, 0x52, 0x05, 0x52, 0x49, 0x55, 0x55, 0x5D, 0x7A, 0xD4, 0x80,
  0x81, 0x04, 0x80, 0x00, 0x41, 0x00, 0x00, 0x5D, 0xF6, 0xBF, 0xFD, 0x5F, 0xFF, 0x80, 0x00, 0x00,
  0x00, 0x00, 0x00, 0x00, 0x00, 0x00, 0x00, 0x00, 0x00, 0x00, 0x00, 0x00, 0x00, 0x00, 0x00, 0x00,
  0x00, 0x00, 0x00, 0x00, 0x00, 0x00, 0x00, 0x00, 0x00, 0x00, 0x00, 0x00, 0x00, 0x00, 0x00, 0x00,
  0x00, 0x00, 0x00, 0x00, 0x00, 0x00, 0x00, 0x00, 0x00, 0x00, 0x00, 0x00, 0x00, 0x00, 0x00, 0x00,
  0x00, 0x00, 0x00, 0xFF, 0xFB, 0x7B, 0x6D, 0x6D, 0xB8, 0x88, 0x00, 0x12, 0x09, 0x20, 0x00, 0x40,
  0x02, 0x00, 0x00, 0x00, 0x09, 0x04, 0x91, 0x04, 0x0A, 0x01, 0x21, 0x50, 0x25, 0x04, 0x8A, 0xAB,
  0x6B, 0xAF, 0xE8, 0x02, 0x00, 0x10, 0x00, 0x08, 0x00, 0x00, 0x48, 0x07, 0x5B, 0xDF, 0xFF, 0x5B,
  0xFA, 0x80, 0x00, 0x00, 0x00, 0x00, 0x00, 0x00, 0x00, 0x00, 0x00, 0x00, 0x00, 0x00, 0x00, 0x00,
  0x00, 0x00, 0x00, 0x00, 0x00, 0x00, 0x00, 0x00, 0x00, 0x00, 0x00, 0x00, 0x00, 0x00, 0x00, 0x00,
  0x00, 0x00, 0x00, 0x00, 0x00, 0x00, 0x00, 0x00, 0x00, 0x00, 0x00, 0x00, 0x00, 0x00, 0x00, 0x00,
  0x00, 0x00, 0x00, 0x00, 0x00, 0x00, 0x00, 0x1F, 0xED, 0xAD, 0x56, 0xDB, 0x60, 0x45, 0x52, 0x80,
  0x80, 0x02, 0x10, 0x00, 0x80, 0x00, 0x14, 0x94, 0x94, 0x40, 0x00, 0x10, 0x40, 0x2A, 0x44, 0x25,
  0x54, 0x52, 0x55, 0x55, 0x3D, 0x75, 0x74, 0x10, 0x08, 0x40, 0x04, 0x20, 0x04, 0x01, 0x00, 0x4D,
  0xEE, 0xB7, 0xFF, 0xEB, 0x7F, 0x80, 0x00, 0x00, 0x00, 0x00, 0x00, 0x00, 0x00, 0x00, 0x00, 0x00,
  0x00, 0x00, 0x00, 0x00, 0x00, 0x00, 0x00, 0x00, 0x00, 0x00, 0x00, 0x00, 0x00, 0x00, 0x00, 0x00,
  0x00, 0x00, 0x00, 0x00, 0x00, 0x00, 0x00, 0x00, 0x00, 0x00, 0x00, 0x00, 0x00, 0x00, 0x00, 0x00,
  0x00, 0x00, 0x00, 0x00, 0x00, 0x00, 0x00, 0x00, 0x00, 0x00, 0x01, 0x16, 0xFE, 0xD6, 0xFB, 0xB6,
  0xD8, 0x20, 0x00, 0x24, 0x24, 0x88, 0x41, 0x02, 0x08, 0x02, 0x02, 0x08, 0x01, 0x12, 0x48, 0x81,
  0x08, 0x85, 0x11, 0x54, 0x89, 0x09, 0x25, 0xA9, 0x97, 0xBF, 0x59, 0x00, 0x41, 0x00, 0x20, 0x01,
  0x10, 0x00, 0x01, 0x0B, 0x5B, 0xED, 0xFF, 0xF5, 0xFF, 0x80, 0x00, 0x00, 0x00, 0x00, 0x00, 0x00,
  0x00, 0x00, 0x00, 0x00, 0x00, 0x00, 0x00, 0x00, 0x00, 0x00, 0x00, 0x00, 0x00, 0x00, 0x00, 0x00,
  0x00, 0x00, 0x00, 0x00, 0x00, 0x00, 0x00, 0x00, 0x00, 0x00, 0x00, 0x00, 0x00, 0x00, 0x00, 0x00,
  0x00, 0x00, 0x00, 0x00, 0x00, 0x00, 0x00, 0x00, 0x00, 0x00, 0x00, 0x00, 0x00, 0x00, 0x01, 0x87,
  0xFF, 0x7B, 0x56, 0xDB, 0x71, 0x15, 0x49, 0x01, 0x00, 0x00, 0x00, 0x20, 0x00, 0x90, 0x00, 0x10,
  0x48, 0x00, 0x02, 0x04, 0x22, 0x24, 0x84, 0x24, 0x24, 0x52, 0x95, 0x6C, 0xAD, 0xD5, 0xEC, 0x49,
  0x00, 0x01, 0x00, 0x00, 0x00, 0x10, 0x00, 0x07, 0x76, 0xBA, 0xBF, 0xBE, 0xAF, 0x80, 0x00, 0x00,
  0x00, 0x00, 0x00, 0x00, 0x00, 0x00, 0x00, 0x00, 0x00, 0x00, 0x00, 0x00, 0x00, 0x00, 0x00, 0x00,
  0x00, 0x00, 0x00, 0x00, 0x00, 0x00, 0x00, 0x00, 0x00, 0x00, 0x00, 0x00, 0x00, 0x00, 0x00, 0x00,
  0x00, 0x00, 0x00, 0x00, 0x00, 0x00, 0x00, 0x00, 0x00, 0x00, 0x00, 0x00, 0x00, 0x00, 0x00, 0x00,
  0x00, 0x00, 0x01, 0xE1, 0xDF, 0xD5, 0xDD, 0xB6, 0xD0, 0x44, 0x20, 0x24, 0x24, 0x49, 0x04, 0x00,
  0x20, 0x00, 0x02, 0x04, 0x02, 0xA4, 0x90, 0x20, 0x81, 0x40, 0x51, 0x52, 0x92, 0x88, 0x49, 0x56,
  0xAD, 0x7B, 0x5F, 0x00, 0x08, 0x04, 0x02, 0x00, 0x00, 0x00, 0x00, 0x15, 0xDD, 0xD7, 0xDF, 0xFF,
  0x5F, 0x80, 0x00, 0x00, 0x00, 0x00, 0x00, 0x00, 0x00, 0x00, 0x00, 0x00, 0x00, 0x00, 0x00, 0x00,
  0x00, 0x00, 0x00, 0x00, 0x00, 0x00, 0x00, 0x00, 0x00, 0x00, 0x00, 0x00, 0x00, 0x00, 0x00, 0x00,
  0x00, 0x00, 0x00, 0x00, 0x00, 0x00, 0x00, 0x00, 0x00, 0x00, 0x00, 0x00, 0x00, 0x00, 0x00, 0x00,
  0x00, 0x00, 0x00, 0x00, 0x00, 0x00, 0x01, 0xF8, 0x7F, 0xEE, 0xB6, 0xED, 0xB0, 0x29, 0x0A, 0x80,
  0x80, 0x00, 0x10, 0x88, 0x82, 0x00, 0x40, 0x28, 0x80, 0x40, 0x00, 0x82, 0x0A, 0x12, 0x00, 0x88,
  0x45, 0x52, 0xAA, 0xD5, 0x57, 0xAE, 0xEA, 0x80, 0x20, 0x40, 0x08, 0x48, 0x00, 0x81, 0x10, 0x03,
  0x6B, 0x7D, 0x6B, 0xFD, 0xEA, 0x80, 0x00, 0x00, 0x00, 0x00, 0x00, 0x00, 0x00, 0x00, 0x00, 0x00,
  0x00, 0x00, 0x00, 0x00, 0x00, 0x00, 0x00, 0x00, 0x00, 0x00, 0x00, 0x00, 0x00, 0x00, 0x00, 0x00,
  0x00, 0x00, 0x00, 0x00, 0x00, 0x00, 0x00, 0x00, 0x00, 0x00, 0x00, 0x00, 0x00, 0x00, 0x00, 0x00,
  0x00, 0x00, 0x00, 0x00, 0x00, 0x00, 0x00, 0x00, 0x00, 0x00, 0x01, 0xFC, 0x2D, 0xFB, 0x6D, 0xB6,
  0xD0, 0x84, 0x40, 0x12, 0x12, 0x44, 0x00, 0x00, 0x00, 0x02, 0x00, 0x80, 0x12, 0x89, 0x24, 0x10,
  0x21, 0x40, 0xAA, 0x52, 0x14, 0x25, 0x55, 0x56, 0xAA, 0xF7, 0x7B, 0x49, 0x01, 0x00, 0x20, 0x00,
  0x90, 0x00, 0x00, 0x8B, 0xBE, 0xD7, 0xBD, 0xFF, 0xF5, 0x80, 0x00, 0x00, 0x00, 0x00, 0x00, 0x00,
  0x00, 0x00, 0x00, 0x00, 0x00, 0x00, 0x00, 0x00, 0x00, 0x00, 0x00, 0x00, 0x00, 0x00, 0x00, 0x00,
  0x00, 0x00, 0x00, 0x00, 0x00, 0x00, 0x00, 0x00, 0x00, 0x00, 0x00, 0x00, 0x00, 0x00, 0x00, 0x00,
  0x00, 0x00, 0x00, 0x00, 0x00, 0x00, 0x00, 0x00, 0x00, 0x00, 0x00, 0x00, 0x00, 0x00, 0x01, 0xBF,
  0x17, 0xFE, 0xDB, 0x5B, 0x60, 0x51, 0x12, 0x40, 0x00, 0x10, 0x42, 0x20, 0x00, 0x20, 0x08, 0x14,
  0x40, 0x20, 0x01, 0x01, 0x04, 0x12, 0x01, 0x24, 0x89, 0xA2, 0x16, 0xAB, 0x57, 0x5B, 0xAD, 0xA0,
  0x00, 0x08, 0x80, 0x00, 0x00, 0x08, 0x02, 0x02, 0xEB, 0xBA, 0xEE, 0xBF, 0xFF, 0x00, 0x00, 0x00,
  0x00, 0x00, 0x00, 0x00, 0x00, 0x00, 0x00, 0x00, 0x00, 0x00, 0x00, 0x00, 0x00, 0x00, 0x00, 0x00,
  0x00, 0x00, 0x00, 0x00, 0x00, 0x00, 0x00, 0x00, 0x00, 0x00, 0x00, 0x00, 0x00, 0x00, 0x00, 0x00,
  0x00, 0x00, 0x00, 0x00, 0x00, 0x00, 0x00, 0x00, 0x00, 0x00, 0x00, 0x00, 0x00, 0x00, 0x00, 0x00,
  0x00, 0x00, 0x01, 0x7B, 0xC7, 0x7F, 0xB6, 0xED, 0xB1, 0x08, 0x40, 0x09, 0x24, 0x80, 0x08, 0x04,
  0x90, 0x80, 0x00, 0x08, 0x05, 0x42, 0x48, 0x48, 0x25, 0x40, 0x49, 0x48, 0x55, 0x48, 0xBB, 0xD3,
  0xAB, 0xED, 0x76, 0xC0, 0x24, 0x00, 0x00, 0x02, 0x01, 0x00, 0x00, 0x01, 0xB6, 0xDD, 0xB5, 0xD7,
  0xFF, 0x80, 0x00, 0x00, 0x00, 0x00, 0x00, 0x00, 0x00, 0x00, 0x00, 0x00, 0x00, 0x00, 0x00, 0x00,
  0x00, 0x00, 0x00, 0x00, 0x00, 0x00, 0x00, 0x00, 0x00, 0x00, 0x00, 0x00, 0x00, 0x00, 0x00, 0x00,
  0x00, 0x00, 0x00, 0x00, 0x00, 0x00, 0x00, 0x00, 0x00, 0x00, 0x00, 0x00, 0x00, 0x00, 0x00, 0x00,
  0x00, 0x00, 0x00, 0x00, 0x00, 0x00, 0x01, 0xDF, 0xE0, 0xEF, 0xED, 0xB6, 0xE0, 0x52, 0x15, 0x20,
  0x00, 0x02, 0x00, 0x80, 0x02, 0x01, 0x11, 0x41, 0x01, 0x00, 0x01, 0x02, 0x08, 0x8A, 0x84, 0x22,
  0x25, 0x04, 0xFE, 0xA7, 0x6A, 0xBF, 0xDF, 0x68, 0x80, 0x42, 0x02, 0x48, 0x00, 0x00, 0x90, 0x0A,
  0xDD, 0xB7, 0x6F, 0x7D, 0xDD, 0x80, 0x00, 0x00, 0x00, 0x00, 0x00, 0x00, 0x00, 0x00, 0x00, 0x00,
  0x00, 0x00, 0x00, 0x00, 0x00, 0x00, 0x00, 0x00, 0x00, 0x00, 0x00, 0x00, 0x00, 0x00, 0x00, 0x00,
  0x00, 0x00, 0x00, 0x00, 0x00, 0x00, 0x00, 0x00, 0x00, 0x00, 0x00, 0x00, 0x00, 0x00, 0x00, 0x00,
  0x00, 0x00, 0x00, 0x00, 0x00, 0x00, 0x00, 0x00, 0x00, 0x00, 0x00, 0xBF, 0xB8, 0x7F, 0xF6, 0xDB,
  0x50, 0x81, 0x40, 0x04, 0x92, 0x48, 0x40, 0x10, 0x00, 0x04, 0x00, 0x88, 0x48, 0x92, 0x48, 0x10,
  0x45, 0x00, 0x52, 0x88, 0x94, 0x51, 0x92, 0x91, 0xAB, 0x6A, 0xB5, 0xB2, 0x00, 0x08, 0x08, 0x00,
  0x00, 0x02, 0x00, 0x01, 0x76, 0xED, 0xBA, 0xD7, 0x7F, 0x80, 0x00, 0x00, 0x00, 0x00, 0x00, 0x00,
  0x00, 0x00, 0x00, 0x00, 0x00, 0x00, 0x00, 0x00, 0x00, 0x00, 0x00, 0x00, 0x00, 0x00, 0x00, 0x00,
  0x00, 0x00, 0x00, 0x00, 0x00, 0x00, 0x00, 0x00, 0x00, 0x00, 0x00, 0x00, 0x00, 0x00, 0x00, 0x00,
  0x00, 0x00, 0x00, 0x00, 0x00, 0x00, 0x00, 0x00, 0x00, 0x00, 0x00, 0x00, 0x00, 0x00, 0x01, 0xD5,
  0xFD, 0x1D, 0xFD, 0xB6, 0xF0, 0x28, 0x09, 0x40, 0x00, 0x00, 0x12, 0x00, 0x00, 0x00, 0x00, 0x22,
  0x85, 0x00, 0x00, 0x81, 0x10, 0x25, 0x28, 0x20, 0xA2, 0x09, 0x49, 0x22, 0xD5, 0xF7, 0xDE, 0xE8,
  0x04, 0x20, 0x20, 0x00, 0x22, 0x20, 0x00, 0x40, 0xDB, 0xB6, 0xEF, 0x7B, 0xFF, 0x80, 0x00, 0x00,
  0x00, 0x00, 0x00, 0x00, 0x00, 0x00, 0x00, 0x00, 0x00, 0x00, 0x00, 0x00, 0x00, 0x00, 0x00, 0x00,
  0x00, 0x00, 0x00, 0x00, 0x00, 0x00, 0x00, 0x00, 0x00, 0x00, 0x00, 0x00, 0x00, 0x00, 0x00, 0x00,
  0x00, 0x00, 0x00, 0x00, 0x00, 0x00, 0x00, 0x00, 0x00, 0x00, 0x00, 0x00, 0x00, 0x00, 0x00, 0x00,
  0x00, 0x00, 0x01, 0x6F, 0xFF, 0x07, 0xBF, 0x6D, 0xA1, 0x05, 0x40, 0x15, 0x24, 0x41, 0x00, 0x42,
  0x48, 0x20, 0x00, 0x01, 0x00, 0x09, 0x24, 0x04, 0x0A, 0x82, 0x81, 0x05, 0x49, 0x49, 0x24, 0x89,
  0x65, 0x5D, 0x77, 0xBA, 0x21, 0x00, 0x00, 0x00, 0x80, 0x00, 0x00, 0x02, 0xEE, 0xDB, 0xB5, 0xAD,
  0x5F, 0x80, 0x00, 0x00, 0x00, 0x00, 0x00, 0x00, 0x00, 0x00, 0x00, 0x00, 0x00, 0x00, 0x00, 0x00,
  0x00, 0x00, 0x00, 0x00, 0x00, 0x00, 0x00, 0x00, 0x00, 0x00, 0x00, 0x00, 0x00, 0x00, 0x00, 0x00,
  0x00, 0x00, 0x00, 0x00, 0x00, 0x00, 0x00, 0x00, 0x00, 0x00, 0x00, 0x00, 0x00, 0x00, 0x00, 0x00,
  0x00, 0x00, 0x00, 0x00, 0x00, 0x00, 0x01, 0x75, 0x6F, 0xC3, 0xFF, 0xB6, 0xD0, 0x50, 0x15, 0x00,
  0x00, 0x08, 0x08, 0x00, 0x00, 0x80, 0x92, 0x02, 0x15, 0x40, 0x01, 0x20, 0xA0, 0x08, 0x54, 0x4A,
  0x90, 0x25, 0x48, 0x25, 0xB2, 0xEF, 0xBA, 0xDA, 0x00, 0x00, 0x80, 0x44, 0x00, 0x00, 0x04, 0x00,
  0xB5, 0xB6, 0xDE, 0xF7, 0xEB, 0x80, 0x00, 0x00, 0x00, 0x00, 0x00, 0x00, 0x00, 0x00, 0x00, 0x00,
  0x00, 0x00, 0x00, 0x00, 0x00, 0x00, 0x00, 0x00, 0x00, 0x00, 0x00, 0x00, 0x00, 0x00, 0x00, 0x00,
  0x00, 0x00, 0x00, 0x00, 0x00, 0x00, 0x00, 0x00, 0x00, 0x00, 0x00, 0x00, 0x00, 0x00, 0x00, 0x00,
  0x00, 0x00, 0x00, 0x00, 0x00, 0x00, 0x00, 0x00, 0x00, 0x00, 0x01, 0xAE, 0xFE, 0xE0, 0xF7, 0xDB,
  0x70, 0x8A, 0x80, 0x48, 0x91, 0x20, 0x42, 0x10, 0x02, 0x02, 0x00, 0x08, 0x40, 0x29, 0x24, 0x0A,
  0x04, 0x42, 0x80, 0x10, 0x45, 0x51, 0x22, 0x82, 0xAA, 0x5A, 0xD7, 0x6D, 0x10, 0x02, 0x02, 0x00,
  0x00, 0x08, 0x80, 0x04, 0xFE, 0xEF, 0x6B, 0xAD, 0x7F, 0x80, 0x00, 0x00, 0x00, 0x00, 0x00, 0x00,
  0x00, 0x00, 0x00, 0x00, 0x00, 0x00, 0x00, 0x00, 0x00, 0x00, 0x00, 0x00, 0x00, 0x00, 0x00, 0x00,
  0x00, 0x00, 0x00, 0x00, 0x00, 0x00, 0x00, 0x00, 0x00, 0x00, 0x00, 0x00, 0x00, 0x00, 0x00, 0x00,
  0x00, 0x00, 0x00, 0x00, 0x00, 0x00, 0x00, 0x00, 0x00, 0x00, 0x00, 0x00, 0x00, 0x00, 0x01, 0x75,
  0x9B, 0xF8, 0x3F, 0xF5, 0xA8, 0x40, 0x29, 0x02, 0x04, 0x02, 0x00, 0x81, 0x20, 0x00, 0x00, 0x01,
  0x00, 0x80, 0x00, 0x45, 0x21, 0x0A, 0x52, 0xD5, 0x11, 0x84, 0x92, 0x53, 0x7A, 0xB7, 0x7D, 0xFA,
  0x82, 0x48, 0x08, 0x00, 0x10, 0x80, 0x00, 0x20, 0x7F, 0x5A, 0xFD, 0xFF, 0xAD, 0x80, 0x00, 0x00,
  0x00, 0x00, 0x00, 0x00, 0x00, 0x00, 0x00, 0x00, 0x00, 0x00, 0x00, 0x00, 0x00, 0x00, 0x00, 0x00,
  0x00, 0x00, 0x00, 0x00, 0x00, 0x00, 0x00, 0x00, 0x00, 0x00, 0x00, 0x00, 0x00, 0x00, 0x00, 0x00,
  0x00, 0x00, 0x00, 0x00, 0x00, 0x00, 0x00, 0x00, 0x00, 0x00, 0x00, 0x00, 0x00, 0x00, 0x00, 0x00,
  0x00, 0x00, 0x01, 0xAE, 0xEF, 0xFE, 0x1D, 0xFE, 0xD0, 0x2A, 0x80, 0x50, 0x40, 0x00, 0x24, 0x00,
  0x00, 0x10, 0x04, 0x40, 0x02, 0x29, 0x11, 0x10, 0x80, 0x04, 0x81, 0x40, 0x86, 0x28, 0x24, 0x89,
  0xAD, 0x1D, 0xD7, 0x5F, 0x40, 0x00, 0x00, 0x00, 0x40, 0x00, 0x10, 0x80, 0x7F, 0xF7, 0xAE, 0xAA,
  0xFF, 0x80, 0x00, 0x00, 0x00, 0x00, 0x00, 0x00, 0x00, 0x00, 0x00, 0x00, 0x00, 0x00, 0x00, 0x00,
  0x00, 0x00, 0x00, 0x00, 0x00, 0x00, 0x00, 0x00, 0x00, 0x00, 0x00, 0x00, 0x00, 0x00, 0x00, 0x00,
  0x00, 0x00, 0x00, 0x00, 0x00, 0x00, 0x00, 0x00, 0x00, 0x00, 0x00, 0x00, 0x00, 0x00, 0x00, 0x00,
  0x00, 0x00, 0x00, 0x00, 0x00, 0x00, 0x00, 0xDB, 0x5A, 0xFF, 0x87, 0xFF, 0x70, 0x80, 0x4A, 0x04,
  0x91, 0x24, 0x80, 0x04, 0x08, 0x80, 0x40, 0x02, 0x90, 0x90, 0x04, 0x0A, 0x12, 0x29, 0x0F, 0x2A,
  0x56, 0x02, 0x8A, 0x45, 0x6B, 0xA7, 0x7D, 0xEA, 0xA4, 0x00, 0x20, 0x49, 0x02, 0x00, 0x00, 0x01,
  0x3F, 0xDD, 0xF7, 0xFF, 0xF6, 0x80, 0x00, 0x00, 0x00, 0x00, 0x00, 0x00, 0x00, 0x00, 0x00, 0x00,
  0x00, 0x00, 0x00, 0x00, 0x00, 0x00, 0x00, 0x00, 0x00, 0x00, 0x00, 0x00, 0x00, 0x00, 0x00, 0x00,
  0x00, 0x00, 0x00, 0x00, 0x00, 0x00, 0x00, 0x00, 0x00, 0x00, 0x00, 0x00, 0x00, 0x00, 0x00, 0x00,
  0x00, 0x00, 0x00, 0x00, 0x00, 0x00, 0x00, 0x00, 0x00, 0x00, 0x01, 0x6D, 0xB7, 0x6F, 0xC3, 0x7F,
  0xA8, 0x2A, 0x20, 0x40, 0x00, 0x00, 0x08, 0x90, 0x20, 0x02, 0x00, 0x01, 0x00, 0x40, 0x90, 0x49,
  0x00, 0x82, 0x2C, 0x89, 0x1C, 0xA8, 0x22, 0xA3, 0x5D, 0x51, 0xD7, 0x77, 0x80, 0x80, 0x81, 0x00,
  0x00, 0x04, 0x80, 0x00, 0x7F, 0xF7, 0x5D, 0xBF, 0xDF, 0x80, 0x00, 0x00, 0x00, 0x00, 0x00, 0x00,
  0x00, 0x00, 0x00, 0x00, 0x00, 0x00, 0x00, 0x00, 0x00, 0x00, 0x00, 0x00, 0x00, 0x00, 0x00, 0x00,
  0x00, 0x00, 0x00, 0x00, 0x00, 0x00, 0x00, 0x00, 0x00, 0x00, 0x00, 0x00, 0x00, 0x00, 0x00, 0x00,
  0x00, 0x00, 0x00, 0x00, 0x00, 0x00, 0x00, 0x00, 0x00, 0x00, 0x00, 0x00, 0x00, 0x00, 0x01, 0xB6,
  0xDA, 0xBE, 0xF0, 0xF7, 0xF0, 0x81, 0x09, 0x09, 0x44, 0x90, 0x00, 0x00, 0x80, 0x08, 0x01, 0x08,
  0x04, 0x88, 0x01, 0x12, 0x4A, 0x24, 0x54, 0xA4, 0x70, 0x42, 0x94, 0x15, 0x6A, 0xAA, 0x7D, 0xAD,
  0xE8, 0x08, 0x00, 0x00, 0x00, 0x00, 0x02, 0x01, 0x3F, 0xFF, 0xFF, 0xF7, 0x7F, 0x80, 0x00, 0x00,
  0x00, 0x00, 0x00, 0x00, 0x00, 0x00, 0x00, 0x00, 0x00, 0x00, 0x00, 0x00, 0x00, 0x00, 0x00, 0x00,
  0x00, 0x00, 0x00, 0x00, 0x00, 0x00, 0x00, 0x00, 0x00, 0x00, 0x00, 0x00, 0x00, 0x00, 0x00, 0x00,
  0x00, 0x00, 0x00, 0x00, 0x00, 0x00, 0x00, 0x00, 0x00, 0x00, 0x00, 0x00, 0x00, 0x00, 0x00, 0x00,
  0x00, 0x00, 0x01, 0x6D, 0x6D, 0xDB, 0xF8, 0x3E, 0xF8, 0x2A, 0x44, 0x20, 0x10, 0x02, 0x44, 0x00,
  0x02, 0x20, 0x10, 0x00, 0xA0, 0x42, 0x44, 0x24, 0x02, 0x81, 0x4A, 0x49, 0xE5, 0x10, 0x42, 0xA2,
  0xAD, 0x92, 0x97, 0x7E, 0xA2, 0x20, 0x04, 0x00, 0x00, 0x20, 0x08, 0x10, 0x3F, 0xFF, 0x77, 0xFF,
  0xFF, 0x80, 0x00, 0x00, 0x00, 0x00, 0x00, 0x00, 0x00, 0x00, 0x00, 0x00, 0x00, 0x00, 0x00, 0x00,
  0x00, 0x00, 0x00, 0x00, 0x00, 0x00, 0x00, 0x00, 0x00, 0x00, 0x00, 0x00, 0x00, 0x00, 0x00, 0x00,
  0x00, 0x00, 0x00, 0x00, 0x00, 0x00, 0x00, 0x00, 0x00, 0x00, 0x00, 0x00, 0x00, 0x00, 0x00, 0x00,
  0x00, 0x00, 0x00, 0x00, 0x00, 0x00, 0x01, 0xB7, 0xB6, 0xAF, 0xDE, 0x0F, 0xF0, 0x08, 0x21, 0x05,
  0x01, 0x08, 0x10, 0x84, 0x00, 0x00, 0x80, 0x00, 0x11, 0x20, 0x00, 0x11, 0x28, 0x92, 0x95, 0x23,
  0xC0, 0x85, 0x14, 0x4B, 0xF6, 0xD4, 0x4D, 0xD7, 0xF8, 0x01, 0x10, 0x08, 0x24, 0x80, 0x00, 0x00,
  0x3F, 0xFF, 0xFF, 0x7F, 0xFF, 0x80, 0x00, 0x00, 0x00, 0x00, 0x00, 0x00, 0x00, 0x00, 0x00, 0x00,
  0x00, 0x00, 0x00, 0x00, 0x00, 0x00, 0x00, 0x00, 0x00, 0x00, 0x00, 0x00, 0x00, 0x00, 0x00, 0x00,
  0x00, 0x00, 0x00, 0x00, 0x00, 0x00, 0x00, 0x00, 0x00, 0x00, 0x00, 0x00, 0x00, 0x00, 0x00, 0x00,
  0x00, 0x00, 0x00, 0x00, 0x00, 0x00, 0x00, 0x00, 0x00, 0x00, 0x00, 0xDA, 0xDB, 0xF5, 0x7F, 0x87,
  0xBC, 0x52, 0x88, 0x40, 0x44, 0x20, 0x80, 0x10, 0x20, 0x02, 0x00, 0x80, 0x40, 0x80, 0x21, 0x48,
  0x05, 0x0D, 0x28, 0x8F, 0x15, 0x10, 0x49, 0x0D, 0x55, 0x4B, 0x27, 0x7A, 0xA9, 0x00, 0x00, 0x20,
  0x80, 0x00, 0x40, 0x00, 0x9F, 0xFF, 0xFF, 0xFF, 0xFF, 0x80, 0x00, 0x00, 0x00, 0x00, 0x00, 0x00,
  0x00, 0x00, 0x00, 0x00, 0x00, 0x00, 0x00, 0x00, 0x00, 0x00, 0x00, 0x00, 0x00, 0x00, 0x00, 0x00,
  0x00, 0x00, 0x00, 0x00, 0x00, 0x00, 0x00, 0x00, 0x00, 0x00, 0x00, 0x00, 0x00, 0x00, 0x00, 0x00,
  0x00, 0x00, 0x00, 0x00, 0x00, 0x00, 0x00, 0x00, 0x00, 0x00, 0x00, 0x00, 0x00, 0x00, 0x01, 0xB7,
  0x6D, 0x2D, 0xFF, 0xC1, 0xF8, 0x00, 0x22, 0x12, 0x10, 0x00, 0x00, 0x00, 0x84, 0x90, 0x04, 0x08,
  0x12, 0x12, 0x08, 0x04, 0x92, 0x2A, 0x25, 0x2D, 0x08, 0x42, 0x10, 0xA7, 0x6F, 0x54, 0x91, 0xDF,
  0xF4, 0x48, 0x00, 0x00, 0x00, 0x02, 0x00, 0x84, 0x1F, 0xFF, 0xFF, 0xFF, 0xFF, 0x80, 0x00, 0x00,
  0x00, 0x00, 0x00, 0x00, 0x00, 0x00, 0x00, 0x00, 0x00, 0x00, 0x00, 0x00, 0x00, 0x00, 0x00, 0x00,
  0x00, 0x00, 0x00, 0x00, 0x00, 0x00, 0x00, 0x00, 0x00, 0x00, 0x00, 0x00, 0x00, 0x00, 0x00, 0x00,
  0x00, 0x00, 0x00, 0x00, 0x00, 0x00, 0x00, 0x00, 0x00, 0x00, 0x00, 0x00, 0x00, 0x00, 0x00, 0x00,
  0x00, 0x00, 0x01, 0x6D, 0xB6, 0xEB, 0x5B, 0x70, 0x7C, 0x55, 0x08, 0x88, 0x01, 0x12, 0x12, 0x42,
  0x00, 0x00, 0x00, 0x00, 0x20, 0x44, 0x45, 0x20, 0x08, 0xB9, 0x50, 0xB8, 0x52, 0x14, 0x85, 0x0D,
  0xB5, 0x52, 0xAA, 0x75, 0x5E, 0x00, 0x41, 0x00, 0x00, 0x00, 0x00, 0x00, 0x2F, 0xFF, 0xFF, 0xFF,
  0xFF, 0x80, 0x00, 0x00, 0x00, 0x00, 0x00, 0x00, 0x00, 0x00, 0x00, 0x00, 0x00, 0x00, 0x00, 0x00,
  0x00, 0x00, 0x00, 0x00, 0x00, 0x00, 0x00, 0x00, 0x00, 0x00, 0x00, 0x00, 0x00, 0x00, 0x00, 0x00,
  0x00, 0x00, 0x00, 0x00, 0x00, 0x00, 0x00, 0x00, 0x00, 0x00, 0x00, 0x00, 0x00, 0x00, 0x00, 0x00,
  0x00, 0x00, 0x00, 0x00, 0x00, 0x00, 0x01, 0xB6, 0xDB, 0x5D, 0xAF, 0xFC, 0x3C, 0x08, 0xA2, 0x21,
  0x24, 0x40, 0x40, 0x00, 0x00, 0x00, 0x20, 0x20, 0x81, 0x10, 0x12, 0x02, 0x52, 0xE4, 0x24, 0xF2,
  0x01, 0x41, 0x28, 0x2A, 0xDA, 0xA9, 0x45, 0x5E, 0xF5, 0x11, 0x04, 0x02, 0x01, 0x08, 0x04, 0x00,
  0x1F, 0xFF, 0xFF, 0xFF, 0xFF, 0x80, 0x00, 0x00, 0x00, 0x00, 0x00, 0x00, 0x00, 0x00, 0x00, 0x00,
  0x00, 0x00, 0x00, 0x00, 0x00, 0x00, 0x00, 0x00, 0x00, 0x00, 0x00, 0x00, 0x00, 0x00, 0x00, 0x00,
  0x00, 0x00, 0x00, 0x00, 0x00, 0x00, 0x00, 0x00, 0x00, 0x00, 0x00, 0x00, 0x00, 0x00, 0x00, 0x00,
  0x00, 0x00, 0x00, 0x00, 0x00, 0x00, 0x00, 0x00, 0x00, 0x00, 0x00, 0xDB, 0x6D, 0xB6, 0xF5, 0xFE,
  0x0C, 0x22, 0x08, 0x88, 0x00, 0x04, 0x01, 0x10, 0x49, 0x11, 0x00, 0x80, 0x10, 0x09, 0x08, 0x48,
  0x05, 0x4A, 0x93, 0xC0, 0xA8, 0x14, 0x45, 0x16, 0xAD, 0x45, 0x2A, 0x6B, 0xAE, 0x80, 0x00, 0x10,
  0x08, 0x00, 0x10, 0x10, 0x8F, 0xFF, 0xFF, 0xFF, 0xFF, 0x80, 0x00, 0x00, 0x00, 0x00, 0x00, 0x00,
  0x00, 0x00, 0x00, 0x00, 0x00, 0x00, 0x00, 0x00, 0x00, 0x00, 0x00, 0x00, 0x00, 0x00, 0x00, 0x00,
  0x00, 0x00, 0x00, 0x00, 0x00, 0x00, 0x00, 0x00, 0x00, 0x00, 0x00, 0x00, 0x00, 0x00, 0x00, 0x00,
  0x00, 0x00, 0x00, 0x00, 0x00, 0x00, 0x00, 0x00, 0x00, 0x00, 0x00, 0x00, 0x00, 0x00, 0x01, 0x6D,
  0xB6, 0xDB, 0x5E, 0xEF, 0x82, 0x08, 0xA2, 0x21, 0x22, 0x10, 0x08, 0x02, 0x00, 0x00, 0x02, 0x00,
  0x04, 0x20, 0x25, 0x00, 0x2A, 0xC2, 0x47, 0x89, 0x05, 0x42, 0x90, 0x95, 0xD4, 0xAA, 0x52, 0xBE,
  0xFB, 0x44, 0x00, 0x00, 0x20, 0x00, 0x00, 0x00, 0x1F, 0xFF, 0xFF, 0xFF, 0xFF, 0x80, 0x00, 0x00,
  0x00, 0x00, 0x00, 0x00, 0x00, 0x00, 0x00, 0x00, 0x00, 0x00, 0x00, 0x00, 0x00, 0x00, 0x00, 0x00,
  0x00, 0x00, 0x00, 0x00, 0x00, 0x00, 0x00, 0x00, 0x00, 0x00, 0x00, 0x00, 0x00, 0x00, 0x00, 0x00,
  0x00, 0x00, 0x00, 0x00, 0x00, 0x00, 0x00, 0x00, 0x00, 0x00, 0x00, 0x00, 0x00, 0x00, 0x00, 0x00,
  0x00, 0x00, 0x01, 0xB6, 0xDB, 0x6D, 0xAB, 0x7F, 0xC0, 0x04, 0x08, 0x04, 0x08, 0x81, 0x20, 0x00,
  0x00, 0x00, 0x08, 0x04, 0x10, 0x14, 0x90, 0x02, 0x8B, 0x54, 0x8E, 0x20, 0x20, 0x14, 0x24, 0x2B,
  0x6A, 0x49, 0x48, 0x8B, 0xAE, 0x80, 0x20, 0x80, 0x00, 0x20, 0x40, 0x40, 0x0F, 0xFF, 0xFF, 0xFF,
  0xFF, 0x80, 0x00, 0x00, 0x00, 0x00, 0x00, 0x00, 0x00, 0x00, 0x00, 0x00, 0x00, 0x00, 0x00, 0x00,
  0x00, 0x00, 0x00, 0x00, 0x00, 0x00, 0x00, 0x00, 0x00, 0x00, 0x00, 0x00, 0x00, 0x00, 0x00, 0x00,
  0x00, 0x00, 0x00, 0x00, 0x00, 0x00, 0x00, 0x00, 0x00, 0x00, 0x00, 0x00, 0x00, 0x00, 0x00, 0x00,
  0x00, 0x00, 0x00, 0x00, 0x00, 0x00, 0x01, 0x5B, 0x6D, 0xB6, 0xF5, 0xB7, 0xF4, 0x22, 0xA1, 0x50,
  0x40, 0x00, 0x02, 0x48, 0x49, 0x22, 0x20, 0x00, 0x41, 0x09, 0x0A, 0x20, 0x15, 0x08, 0x5D, 0x05,
  0x0A, 0xA1, 0x02, 0x9A, 0x91, 0x24, 0xA6, 0x6E, 0xFB, 0xD1, 0x02, 0x01, 0x00, 0x01, 0x00, 0x01,
  0x27, 0xFF, 0xFF, 0xFF, 0xFF, 0x80, 0x00, 0x00, 0x00, 0x00, 0x00, 0x00, 0x00, 0x00, 0x00, 0x00,
  0x00, 0x00, 0x00, 0x00, 0x00, 0x00, 0x00, 0x00, 0x00, 0x00, 0x00, 0x00, 0x00, 0x00, 0x00, 0x00,
  0x00, 0x00, 0x00, 0x00, 0x00, 0x00, 0x00, 0x00, 0x00, 0x00, 0x00, 0x00, 0x00, 0x00, 0x00, 0x00,
  0x00, 0x00, 0x00, 0x00, 0x00, 0x00, 0x00, 0x00, 0x00, 0x00, 0x01, 0xED, 0xB6, 0xDB, 0x5E, 0xDD,
  0xFA, 0x08, 0x08, 0x01, 0x04, 0x50, 0x10, 0x00, 0x00, 0x00, 0x00, 0x00, 0x00, 0x22, 0x50, 0x08,
  0x66, 0x92, 0xB0, 0x20, 0x40, 0x08, 0xA8, 0x2A, 0x44, 0x92, 0x11, 0x53, 0xAE, 0xC0, 0x00, 0x04,
  0x01, 0x00, 0x00, 0x00, 0x0F, 0xFF, 0xFF, 0xFF, 0xF6, 0x80, 0x00, 0x00, 0x00, 0x00, 0x00, 0x00,
  0x00, 0x00, 0x00, 0x00, 0x00, 0x00, 0x00, 0x00, 0x00, 0x00, 0x00, 0x00, 0x00, 0x00, 0x00, 0x00,
  0x00, 0x00, 0x00, 0x00, 0x00, 0x00, 0x00, 0x00, 0x00, 0x00, 0x00, 0x00, 0x00, 0x00, 0x00, 0x00,
  0x00, 0x00, 0x00, 0x00, 0x00, 0x00, 0x00, 0x00, 0x00, 0x00, 0x00, 0x00, 0x00, 0x00, 0x01, 0xB6,
  0xDA, 0xAD, 0x6B, 0x6B, 0xFE, 0x02, 0xA5, 0x48, 0x21, 0x04, 0x80, 0x01, 0x00, 0x04, 0x00, 0x48,
  0x00, 0x94, 0x24, 0x81, 0x1A, 0x08, 0xE4, 0x89, 0x15, 0x52, 0x02, 0xA9, 0x2A, 0xA9, 0x55, 0x2A,
  0xF7, 0x70, 0x40, 0x10, 0x04, 0x04, 0x02, 0x04, 0x07, 0xFF, 0xFF, 0xFF, 0xFF, 0x80, 0x00, 0x00,
  0x00, 0x00, 0x00, 0x00, 0x00, 0x00, 0x00, 0x00, 0x00, 0x00, 0x00, 0x00, 0x00, 0x00, 0x00, 0x00,
  0x00, 0x00, 0x00, 0x00, 0x00, 0x00, 0x00, 0x00, 0x00, 0x00, 0x00, 0x00, 0x00, 0x00, 0x00, 0x00,
  0x00, 0x00, 0x00, 0x00, 0x00, 0x00, 0x00, 0x00, 0x00, 0x00, 0x00, 0x00, 0x00, 0x00, 0x00, 0x00,
  0x00, 0x00, 0x01, 0xFB, 0x6D, 0xF6, 0xD5, 0xB6, 0xBB, 0x08, 0x10, 0x02, 0x08, 0x00, 0x02, 0x90,
  0x24, 0x10, 0x41, 0x01, 0x04, 0x01, 0x48, 0x12, 0xBA, 0x42, 0x80, 0x10, 0x40, 0x04, 0xA8, 0x7F,
  0xFD, 0x44, 0x8A, 0x95, 0xBA, 0xD4, 0x08, 0x40, 0x10, 0x10, 0x00, 0x20, 0x17, 0xFF, 0xFF, 0xFF,
  0xFF, 0x80, 0x00, 0x00, 0x00, 0x00, 0x00, 0x00, 0x00, 0x00, 0x00, 0x00, 0x00, 0x00, 0x00, 0x00,
  0x00, 0x00, 0x00, 0x00, 0x00, 0x00, 0x00, 0x00, 0x00, 0x00, 0x00, 0x00, 0x00, 0x00, 0x00, 0x00,
  0x00, 0x00, 0x00, 0x00, 0x00, 0x00, 0x00, 0x00, 0x00, 0x00, 0x00, 0x00, 0x00, 0x00, 0x00, 0x00,
  0x00, 0x00, 0x00, 0x00, 0x00, 0x00, 0x01, 0xFD, 0xB6, 0xAB, 0x7E, 0xDB, 0x6F, 0x05, 0x45, 0x50,
  0x82, 0x48, 0x20, 0x00, 0x00, 0x40, 0x04, 0x00, 0x00, 0x15, 0x10, 0x44, 0xD4, 0x11, 0x44, 0x85,
  0x12, 0xA9, 0x02, 0xF6, 0xEB, 0xB5, 0x52, 0xA5, 0xEF, 0xFA, 0x20, 0x00, 0x00, 0x00, 0x10, 0x00,
  0x07, 0x6F, 0xFF, 0xFF, 0xFF, 0x80, 0x00, 0x00, 0x00, 0x00, 0x00, 0x00, 0x00, 0x00, 0x00, 0x00,
  0x00, 0x00, 0x00, 0x00, 0x00, 0x00, 0x00, 0x00, 0x00, 0x00, 0x00, 0x00, 0x00, 0x00, 0x00, 0x00,
  0x00, 0x00, 0x00, 0x00, 0x00, 0x00, 0x00, 0x00, 0x00, 0x00, 0x00, 0x00, 0x00, 0x00, 0x00, 0x00,
  0x00, 0x00, 0x00, 0x00, 0x00, 0x00, 0x00, 0x00, 0x00, 0x00, 0x01, 0xFE, 0xDB, 0xBD, 0xAB, 0x6D,
  0xBF, 0x10, 0x10, 0x04, 0x28, 0x00, 0x84, 0x04, 0x80, 0x00, 0x00, 0x00, 0x00, 0x44, 0x41, 0x09,
  0x6A, 0x8A, 0x00, 0x20, 0x40, 0x02, 0x51, 0xFF, 0xBE, 0xFA, 0xA4, 0x52, 0x75, 0x5D, 0x80, 0x00,
  0x40, 0x00, 0x00, 0x00, 0x25, 0xFD, 0xFF, 0xFF, 0xF6, 0x80, 0x00, 0x00, 0x00, 0x00, 0x00, 0x00,
  0x00, 0x00, 0x00, 0x00, 0x00, 0x00, 0x00, 0x00, 0x00, 0x00, 0x00, 0x00, 0x00, 0x00, 0x00, 0x00,
  0x00, 0x00, 0x00, 0x00, 0x00, 0x00, 0x00, 0x00, 0x00, 0x00, 0x00, 0x00, 0x00, 0x00, 0x00, 0x00,
  0x00, 0x00, 0x00, 0x00, 0x00, 0x00, 0x00, 0x00, 0x00, 0x00, 0x00, 0x00, 0x00, 0x00, 0x01, 0xDF,
  0x6D, 0x6B, 0x6D, 0xB6, 0xD7, 0x02, 0xA4, 0x81, 0x00, 0x42, 0x00, 0x40, 0x09, 0x01, 0x10, 0x12,
  0x21, 0x02, 0x04, 0x13, 0xAA, 0x42, 0x22, 0x8A, 0x0A, 0xA8, 0x85, 0xFF, 0xF5, 0xAD, 0x52, 0x09,
  0x5F, 0xEB, 0x41, 0x01, 0x00, 0x00, 0x00, 0x80, 0x83, 0xEF, 0x7F, 0xFF, 0xFF, 0x80, 0x00, 0x00,
  0x00, 0x00, 0x00, 0x00, 0x00, 0x00, 0x00, 0x00, 0x00, 0x00, 0x00, 0x00, 0x00, 0x00, 0x00, 0x00,
  0x00, 0x00, 0x00, 0x00, 0x00, 0x00, 0x00, 0x00, 0x00, 0x00, 0x00, 0x00, 0x00, 0x00, 0x00, 0x00,
  0x00, 0x00, 0x00, 0x00, 0x00, 0x00, 0x00, 0x00, 0x00, 0x00, 0x00, 0x00, 0x00, 0x00, 0x00, 0x00,
  0x00, 0x00, 0x00, 0xFF, 0xD7, 0xB6, 0xD6, 0xDB, 0x7B, 0x80, 0x01, 0x28, 0x92, 0x10, 0x10, 0x00,
  0x20, 0x08, 0x00, 0x80, 0x00, 0x11, 0x00, 0x4B, 0x69, 0x14, 0x08, 0x00, 0x80, 0x04, 0x23, 0xFF,
  0x6F, 0xEB, 0xA9, 0x54, 0xB5, 0x7F, 0xD0, 0x10, 0x01, 0x11, 0x00, 0x04, 0x07, 0x7B, 0xAF, 0xFF,
  0xFF, 0x80, 0x00, 0x00, 0x00, 0x00, 0x00, 0x00, 0x00, 0x00, 0x00, 0x00, 0x00, 0x00, 0x00, 0x00,
  0x00, 0x00, 0x00, 0x00, 0x00, 0x00, 0x00, 0x00, 0x00, 0x00, 0x00, 0x00, 0x00, 0x00, 0x00, 0x00,
  0x00, 0x00, 0x00, 0x00, 0x00, 0x00, 0x00, 0x00, 0x00, 0x00, 0x00, 0x00, 0x00, 0x00, 0x00, 0x00,
  0x00, 0x00, 0x00, 0x00, 0x00, 0x00, 0x00, 0x77, 0xFA, 0xDB, 0x7B, 0x55, 0xAD, 0x05, 0x54, 0x42,
  0x00, 0x80, 0x82, 0x24, 0x80, 0x00, 0x00, 0x00, 0x00, 0x04, 0x48, 0xAE, 0xAA, 0x00, 0x40, 0x92,
  0x29, 0x22, 0x8B, 0xBB, 0xF7, 0xBD, 0xF4, 0x80, 0x5F, 0xAA, 0xE8, 0x00, 0x00, 0x00, 0x08, 0x00,
  0x03, 0xDD, 0xF5, 0xFF, 0xFD, 0x80, 0x00, 0x00, 0x00, 0x00, 0x00, 0x00, 0x00, 0x00, 0x00, 0x00,
  0x00, 0x00, 0x00, 0x00, 0x00, 0x00, 0x00, 0x00, 0x00, 0x00, 0x00, 0x00, 0x00, 0x00, 0x00, 0x00,
  0x00, 0x00, 0x00, 0x00, 0x00, 0x00, 0x00, 0x00, 0x00, 0x00, 0x00, 0x00, 0x00, 0x00, 0x00, 0x00,
  0x00, 0x00, 0x00, 0x00, 0x00, 0x00, 0x00, 0x00, 0x00, 0x00, 0x00, 0x1F, 0xFD, 0x6D, 0xAD, 0x7E,
  0xD6, 0xC0, 0x01, 0x08, 0x4A, 0x04, 0x08, 0x00, 0x00, 0x40, 0x84, 0x08, 0x08, 0x41, 0x01, 0x1B,
  0xA8, 0xA8, 0x04, 0x00, 0x04, 0x48, 0x23, 0xFF, 0x5A, 0xEB, 0x5B, 0x54, 0x02, 0xFF, 0x54, 0x40,
  0x04, 0x00, 0x00, 0x10, 0x12, 0xEE, 0xAF, 0xFF, 0xFE, 0x80, 0x00, 0x00, 0x00, 0x00, 0x00, 0x00,
  0x00, 0x00, 0x00, 0x00, 0x00, 0x00, 0x00, 0x00, 0x00, 0x00, 0x00, 0x00, 0x00, 0x00, 0x00, 0x00,
  0x00, 0x00, 0x00, 0x00, 0x00, 0x00, 0x00, 0x00, 0x00, 0x00, 0x00, 0x00, 0x00, 0x00, 0x00, 0x00,
  0x00, 0x00, 0x00, 0x00, 0x00, 0x00, 0x00, 0x00, 0x00, 0x00, 0x00, 0x00, 0x00, 0x00, 0x01, 0x8E,
  0xFF, 0xB6, 0xD6, 0xD5, 0x7B, 0x42, 0xAA, 0x21, 0x00, 0x40, 0x20, 0x90, 0x02, 0x02, 0x00, 0x20,
  0x80, 0x04, 0x12, 0xED, 0x52, 0x02, 0x90, 0x44, 0x92, 0x12, 0x8F, 0xFF, 0xFD, 0x5D, 0xB6, 0xE1,
  0x25, 0xAB, 0xFA, 0x02, 0x20, 0x00, 0x40, 0x80, 0x03, 0xB5, 0xDA, 0xBF, 0xFF, 0x00, 0x00, 0x00,
  0x00, 0x00, 0x00, 0x00, 0x00, 0x00, 0x00, 0x00, 0x00, 0x00, 0x00, 0x00, 0x00, 0x00, 0x00, 0x00,
  0x00, 0x00, 0x00, 0x00, 0x00, 0x00, 0x00, 0x00, 0x00, 0x00, 0x00, 0x00, 0x00, 0x00, 0x00, 0x00,
  0x00, 0x00, 0x00, 0x00, 0x00, 0x00, 0x00, 0x00, 0x00, 0x00, 0x00, 0x00, 0x00, 0x00, 0x00, 0x00,
  0x00, 0x00, 0x01, 0xE3, 0xFE, 0xDB, 0x7B, 0x6B, 0xAD, 0xA0, 0x00, 0x84, 0x29, 0x09, 0x00, 0x01,
  0x08, 0x08, 0x10, 0x80, 0x01, 0x10, 0x84, 0xB6, 0x89, 0x28, 0x01, 0x00, 0x21, 0x44, 0x2F, 0xFF,
  0xD7, 0xB6, 0xED, 0xB8, 0x88, 0xFD, 0x5F, 0x40, 0x00, 0x49, 0x02, 0x00, 0x0A, 0xDE, 0xF7, 0x6F,
  0xFF, 0x80, 0x00, 0x00, 0x00, 0x00, 0x00, 0x00, 0x00, 0x00, 0x00, 0x00, 0x00, 0x00, 0x00, 0x00,
  0x00, 0x00, 0x00, 0x00, 0x00, 0x00, 0x00, 0x00, 0x00, 0x00, 0x00, 0x00, 0x00, 0x00, 0x00, 0x00,
  0x00, 0x00, 0x00, 0x00, 0x00, 0x00, 0x00, 0x00, 0x00, 0x00, 0x00, 0x00, 0x00, 0x00, 0x00, 0x00,
  0x00, 0x00, 0x00, 0x00, 0x00, 0x00, 0x01, 0xE1, 0xDB, 0xED, 0xAA, 0xBD, 0x6A, 0xC1, 0x55, 0x10,
  0x80, 0x20, 0x02, 0x20, 0x00, 0x20, 0x00, 0x00, 0x08, 0x00, 0x0A, 0xDA, 0xA4, 0x11, 0x24, 0x12,
  0x08, 0x29, 0x1F, 0xFF, 0x7A, 0xEF, 0xB7, 0x5C, 0x22, 0x6B, 0xF5, 0xA0, 0x00, 0x00, 0x00, 0x01,
  0x01, 0xB5, 0xAD, 0xB5, 0xFF, 0x80, 0x00, 0x00, 0x00, 0x00, 0x00, 0x00, 0x00, 0x00, 0x00, 0x00,
  0x00, 0x00, 0x00, 0x00, 0x00, 0x00, 0x00, 0x00, 0x00, 0x00, 0x00, 0x00, 0x00, 0x00, 0x00, 0x00,
  0x00, 0x00, 0x00, 0x00, 0x00, 0x00, 0x00, 0x00, 0x00, 0x00, 0x00, 0x00, 0x00, 0x00, 0x00, 0x00,
  0x00, 0x00, 0x00, 0x00, 0x00, 0x00, 0x00, 0x00, 0x00, 0x00, 0x01, 0xBC, 0x7F, 0xF6, 0xDD, 0xD6,
  0xDF, 0x60, 0x08, 0x42, 0x25, 0x01, 0x20, 0x84, 0x20, 0x00, 0x02, 0x00, 0x20, 0x04, 0x49, 0xB5,
  0x48, 0x84, 0x00, 0x40, 0x92, 0x84, 0xBF, 0xFF, 0xD7, 0x71, 0xDD, 0x6F, 0x09, 0x3E, 0xDF, 0xE8,
  0x80, 0x00, 0x00, 0x04, 0x03, 0xDE, 0xDB, 0xDF, 0xFF, 0x80, 0x00, 0x00, 0x00, 0x00, 0x00, 0x00,
  0x00, 0x00, 0x00, 0x00, 0x00, 0x00, 0x00, 0x00, 0x00, 0x00, 0x00, 0x00, 0x00, 0x00, 0x00, 0x00,
  0x00, 0x00, 0x00, 0x00, 0x00, 0x00, 0x00, 0x00, 0x00, 0x00, 0x00, 0x00, 0x00, 0x00, 0x00, 0x00,
  0x00, 0x00, 0x00, 0x00, 0x00, 0x00, 0x00, 0x00, 0x00, 0x00, 0x00, 0x00, 0x00, 0x00, 0x01, 0xFE,
  0x1F, 0xFB, 0x6B, 0x6B, 0x6A, 0xC1, 0x52, 0x08, 0x00, 0x44, 0x02, 0x00, 0x01, 0x00, 0x90, 0x09,
  0x00, 0x10, 0x11, 0xD5, 0x02, 0x30, 0x89, 0x14, 0x20, 0x28, 0x3F, 0xFF, 0xDD, 0x82, 0xB7, 0x11,
  0x82, 0x0D, 0xF5, 0x68, 0x09, 0x00, 0x00, 0x00, 0x11, 0x6B, 0x76, 0xB5, 0x7F, 0x80, 0x00, 0x00,
  0x00, 0x00, 0x00, 0x00, 0x00, 0x00, 0x00, 0x00, 0x00, 0x00, 0x00, 0x00, 0x00, 0x00, 0x00, 0x00,
  0x00, 0x00, 0x00, 0x00, 0x00, 0x00, 0x00, 0x00, 0x00, 0x00, 0x00, 0x00, 0x00, 0x00, 0x00, 0x00,
  0x00, 0x00, 0x00, 0x00, 0x00, 0x00, 0x00, 0x00, 0x00, 0x00, 0x00, 0x00, 0x00, 0x00, 0x00, 0x00,
  0x00, 0x00, 0x01, 0xF7, 0x0B, 0xBE, 0xB6, 0xBD, 0xB6, 0xB0, 0x01, 0x42, 0xA9, 0x00, 0x10, 0x11,
  0x04, 0x08, 0x00, 0x20, 0x00, 0x41, 0x02, 0xAA, 0xA0, 0x82, 0x00, 0x01, 0x0A, 0x92, 0xBF, 0xFF,
  0xEB, 0x14, 0xDA, 0x00, 0x50, 0xA7, 0x5F, 0xB4, 0x00, 0x04, 0x11, 0x10, 0x03, 0xBD, 0xDD, 0xDF,
  0xAF, 0x80, 0x00, 0x00, 0x00, 0x00, 0x00, 0x00, 0x00, 0x00, 0x00, 0x00, 0x00, 0x00, 0x00, 0x00,
  0x00, 0x00, 0x00, 0x00, 0x00, 0x00, 0x00, 0x00, 0x00, 0x00, 0x00, 0x00, 0x00, 0x00, 0x00, 0x00,
  0x00, 0x00, 0x00, 0x00, 0x00, 0x00, 0x00, 0x00, 0x00, 0x00, 0x00, 0x00, 0x00, 0x00, 0x00, 0x00,
  0x00, 0x00, 0x00, 0x00, 0x00, 0x00, 0x00, 0xBF, 0xC3, 0xFF, 0xDB, 0xD6, 0xDB, 0xE0, 0x54, 0x10,
  0x02, 0x11, 0x00, 0x80, 0x00, 0x20, 0x00, 0x80, 0x04, 0x00, 0x49, 0xB5, 0x08, 0x28, 0x24, 0x90,
  0xA0, 0x44, 0x7F, 0xFF, 0xFE, 0x0A, 0x2C, 0x40, 0x02, 0x49, 0xF5, 0xF8, 0x00, 0x10, 0x40, 0x00,
  0x01, 0x6B, 0x6E, 0xEA, 0xF7, 0x80, 0x00, 0x00, 0x00, 0x00, 0x00, 0x00, 0x00, 0x00, 0x00, 0x00,
  0x00, 0x00, 0x00, 0x00, 0x00, 0x00, 0x00, 0x00, 0x00, 0x00, 0x00, 0x00, 0x00, 0x00, 0x00, 0x00,
  0x00, 0x00, 0x00, 0x00, 0x00, 0x00, 0x00, 0x00, 0x00, 0x00, 0x00, 0x00, 0x00, 0x00, 0x00, 0x00,
  0x00, 0x00, 0x00, 0x00, 0x00, 0x00, 0x00, 0x00, 0x00, 0x00, 0x01, 0xFF, 0xF1, 0x7F, 0xD5, 0x5B,
  0x6D, 0x38, 0x02, 0x84, 0xA0, 0x44, 0x22, 0x04, 0x20, 0x00, 0x84, 0x00, 0x00, 0x08, 0x21, 0x56,
  0xA2, 0x81, 0x00, 0x04, 0x15, 0x09, 0x7F, 0xFF, 0xD7, 0x2C, 0x02, 0x02, 0x12, 0x84, 0x7E, 0xA8,
  0x80, 0x00, 0x00, 0x00, 0x11, 0xDE, 0xDB, 0x5D, 0xAD, 0x80, 0x00, 0x00, 0x00, 0x00, 0x00, 0x00,
  0x00, 0x00, 0x00, 0x00, 0x00, 0x00, 0x00, 0x00, 0x00, 0x00, 0x00, 0x00, 0x00, 0x00, 0x00, 0x00,
  0x00, 0x00, 0x00, 0x00, 0x00, 0x00, 0x00, 0x00, 0x00, 0x00, 0x00, 0x00, 0x00, 0x00, 0x00, 0x00,
  0x00, 0x00, 0x00, 0x00, 0x00, 0x00, 0x00, 0x00, 0x00, 0x00, 0x00, 0x00, 0x00, 0x00, 0x00, 0x97,
  0x7C, 0x77, 0xFE, 0xEA, 0xB5, 0xD0, 0x54, 0x50, 0x0A, 0x00, 0x00, 0x40, 0x80, 0x82, 0x10, 0x00,
  0x40, 0x42, 0x22, 0xAA, 0x04, 0x50, 0x49, 0x22, 0x82, 0x44, 0xFF, 0xFF, 0xFE, 0x96, 0x81, 0x00,
  0x08, 0x29, 0x2B, 0xFE, 0x08, 0x00, 0x00, 0x00, 0x82, 0xEB, 0xB6, 0xF6, 0xDB, 0x00, 0x00, 0x00,
  0x00, 0x00, 0x00, 0x00, 0x00, 0x00, 0x00, 0x00, 0x00, 0x00, 0x00, 0x00, 0x00, 0x00, 0x00, 0x00,
  0x00, 0x00, 0x00, 0x00, 0x00, 0x00, 0x00, 0x00, 0x00, 0x00, 0x00, 0x00, 0x00, 0x00, 0x00, 0x00,
  0x00, 0x00, 0x00, 0x00, 0x00, 0x00, 0x00, 0x00, 0x00, 0x00, 0x00, 0x00, 0x00, 0x00, 0x00, 0x00,
  0x00, 0x00, 0x01, 0xED, 0xFC, 0x1F, 0x75, 0x5D, 0xDB, 0x78, 0x09, 0x05, 0x20, 0x91, 0x10, 0x12,
  0x02, 0x00, 0x00, 0x02, 0x04, 0x10, 0x91, 0x55, 0x40, 0x05, 0x00, 0x10, 0x50, 0x29, 0xFF, 0xFF,
  0xFF, 0xFB, 0x00, 0x44, 0x98, 0x91, 0x4E, 0xD5, 0x00, 0x81, 0x04, 0x44, 0x01, 0x5D, 0x7B, 0xAF,
  0x7D, 0x80, 0x00, 0x00, 0x00, 0x00, 0x00, 0x00, 0x00, 0x00, 0x00, 0x00, 0x00, 0x00, 0x00, 0x00,
  0x00, 0x00, 0x00, 0x00, 0x00, 0x00, 0x00, 0x00, 0x00, 0x00, 0x00, 0x00, 0x00, 0x00, 0x00, 0x00,
  0x00, 0x00, 0x00, 0x00, 0x00, 0x00, 0x00, 0x00, 0x00, 0x00, 0x00, 0x00, 0x00, 0x00, 0x00, 0x00,
  0x00, 0x00, 0x00, 0x00, 0x00, 0x00, 0x01, 0x37, 0xF7, 0x8D, 0xFF, 0xAB, 0x56, 0xAC, 0x20, 0x50,
  0x04, 0x04, 0x02, 0x40, 0x00, 0x08, 0x00, 0x80, 0x00, 0x84, 0x14, 0xAA, 0x12, 0x90, 0x24, 0x84,
  0x0A, 0x85, 0xFF, 0xFF, 0xFF, 0xD4, 0x20, 0x10, 0x04, 0x0A, 0x27, 0x7E, 0x80, 0x04, 0x00, 0x00,
  0x05, 0xEF, 0xAD, 0x75, 0xAB, 0x00, 0x00, 0x00, 0x00, 0x00, 0x00, 0x00, 0x00, 0x00, 0x00, 0x00,
  0x00, 0x00, 0x00, 0x00, 0x00, 0x00, 0x00, 0x00, 0x00, 0x00, 0x00, 0x00, 0x00, 0x00, 0x00, 0x00,
  0x00, 0x00, 0x00, 0x00, 0x00, 0x00, 0x00, 0x00, 0x00, 0x00, 0x00, 0x00, 0x00, 0x00, 0x00, 0x00,
  0x00, 0x00, 0x00, 0x00, 0x00, 0x00, 0x00, 0x00, 0x00, 0x00, 0x01, 0xDA, 0xBF, 0xC3, 0xFE, 0xED,
  0x6D, 0xD4, 0x0A, 0x05, 0x51, 0x20, 0x48, 0x08, 0x00, 0x00, 0x44, 0x08, 0x01, 0x02, 0x45, 0x54,
  0x40, 0x42, 0x00, 0x21, 0x40, 0x57, 0xFF, 0xFF, 0xFF, 0x6A, 0x04, 0x05, 0x40, 0x28, 0x93, 0xDB,
  0x82, 0x00, 0x00, 0x00, 0x00, 0xF5, 0x77, 0xBE, 0xF7, 0x80, 0x00, 0x00, 0x00, 0x00, 0x00, 0x00,
  0x00, 0x00, 0x00, 0x00, 0x00, 0x00, 0x00, 0x00, 0x00, 0x00, 0x00, 0x00, 0x00, 0x00, 0x00, 0x00,
  0x00, 0x00, 0x00, 0x00, 0x00, 0x00, 0x00, 0x00, 0x00, 0x00, 0x00, 0x00, 0x00, 0x00, 0x00, 0x00,
  0x00, 0x00, 0x00, 0x00, 0x00, 0x00, 0x00, 0x00, 0x00, 0x00, 0x00, 0x00, 0x00, 0x00, 0x00, 0xAD,
  0x7F, 0x71, 0xEF, 0xB6, 0xDB, 0x7E, 0x01, 0x50, 0x00, 0x02, 0x00, 0x80, 0x90, 0x20, 0x00, 0x00,
  0x20, 0x48, 0x10, 0xA2, 0xAA, 0x00, 0x4A, 0x88, 0x0A, 0x27, 0xFF, 0xFF, 0xFF, 0xD0, 0x20, 0x00,
  0x00, 0x14, 0x28, 0xFE, 0xC8, 0x00, 0x10, 0x00, 0x01, 0xFE, 0xDD, 0x6B, 0x5D, 0x00, 0x00, 0x00,
  0x00, 0x00, 0x00, 0x00, 0x00, 0x00, 0x00, 0x00, 0x00, 0x00, 0x00, 0x00, 0x00, 0x00, 0x00, 0x00,
  0x00, 0x00, 0x00, 0x00, 0x00, 0x00, 0x00, 0x00, 0x00, 0x00, 0x00, 0x00, 0x00, 0x00, 0x00, 0x00,
  0x00, 0x00, 0x00, 0x00, 0x00, 0x00, 0x00, 0x00, 0x00, 0x00, 0x00, 0x00, 0x00, 0x00, 0x00, 0x00,
  0x00, 0x00, 0x01, 0x76, 0xD7, 0xF8, 0x3F, 0xF5, 0xB5, 0xA4, 0x0A, 0x05, 0x55, 0x50, 0x20, 0x24,
  0x02, 0x00, 0x00, 0x20, 0x85, 0x01, 0x0A, 0x14, 0x81, 0x29, 0x00, 0x02, 0x41, 0x4F, 0xFF, 0xFF,
  0xFF, 0xD4, 0x02, 0x40, 0x00, 0x90, 0x85, 0x57, 0xA0, 0x10, 0x40, 0x88, 0x88, 0xFF, 0x6B, 0xDD,
  0xEB, 0x80, 0x00, 0x00, 0x00, 0x00, 0x00, 0x00, 0x00, 0x00, 0x00, 0x00, 0x00, 0x00, 0x00, 0x00,
  0x00, 0x00, 0x00, 0x00, 0x00, 0x00, 0x00, 0x00, 0x00, 0x00, 0x00, 0x00, 0x00, 0x00, 0x00, 0x00,
  0x00, 0x00, 0x00, 0x00, 0x00, 0x00, 0x00, 0x00, 0x00, 0x00, 0x00, 0x00, 0x00, 0x00, 0x00, 0x00,
  0x00, 0x00, 0x00, 0x00, 0x00, 0x00, 0x01, 0xAB, 0x6D, 0xFE, 0x3F, 0xFE, 0xDE, 0xBB, 0x00, 0xA0,
  0x00, 0x04, 0x84, 0x80, 0x00, 0x09, 0x24, 0x80, 0x00, 0x24, 0x40, 0x42, 0x54, 0x00, 0x11, 0x20,
  0x14, 0x1F, 0xFF, 0xFF, 0xFF, 0xB0, 0x82, 0x00, 0x02, 0x0C, 0x32, 0x7D, 0xD0, 0x00, 0x00, 0x00,
  0x02, 0xFF, 0xFD, 0x6B, 0x5E, 0x80, 0x00, 0x00, 0x00, 0x00, 0x00, 0x00, 0x00, 0x00, 0x00, 0x00,
  0x00, 0x00, 0x00, 0x00, 0x00, 0x00, 0x00, 0x00, 0x00, 0x00, 0x00, 0x00, 0x00, 0x00, 0x00, 0x00,
  0x00, 0x00, 0x00, 0x00, 0x00, 0x00, 0x00, 0x00, 0x00, 0x00, 0x00, 0x00, 0x00, 0x00, 0x00, 0x00,
  0x00, 0x00, 0x00, 0x00, 0x00, 0x00, 0x00, 0x00, 0x00, 0x00, 0x00, 0xDD, 0xB7, 0x6F, 0x87, 0xFD,
  0x6A, 0xD7, 0x0A, 0x15, 0x54, 0x90, 0x10, 0x02, 0x20, 0x80, 0x00, 0x00, 0x00, 0x80, 0xAA, 0x15,
  0x20, 0x80, 0x44, 0x15, 0x41, 0x5F, 0xFF, 0xFF, 0xFF, 0xE1, 0x45, 0x08, 0x20, 0x20, 0x89, 0x2E,
  0xE8, 0x01, 0x00, 0x00, 0x00, 0xFF, 0xD7, 0xBD, 0xEB, 0x00, 0x00, 0x00, 0x00, 0x00, 0x00, 0x00,
  0x00, 0x00, 0x00, 0x00, 0x00, 0x00, 0x00, 0x00, 0x00, 0x00, 0x00, 0x00, 0x00, 0x00, 0x00, 0x00,
  0x00, 0x00, 0x00, 0x00, 0x00, 0x00, 0x00, 0x00, 0x00, 0x00, 0x00, 0x00, 0x00, 0x00, 0x00, 0x00,
  0x00, 0x00, 0x00, 0x00, 0x00, 0x00, 0x00, 0x00, 0x00, 0x00, 0x00, 0x00, 0x00, 0x00, 0x01, 0x6A,
  0xDA, 0xFD, 0xC2, 0xDF, 0xAB, 0x6D, 0x81, 0x40, 0x08, 0x42, 0x42, 0x10, 0x04, 0x00, 0x00, 0x02,
  0x02, 0x29, 0x10, 0xA2, 0x94, 0x25, 0x00, 0x80, 0x11, 0x3B, 0xFF, 0xFF, 0xFD, 0xBB, 0xF0, 0x00,
  0x80, 0x0A, 0x85, 0xBB, 0xBD, 0x08, 0x02, 0x00, 0x04, 0xFF, 0xFD, 0x6E, 0xBD, 0x80, 0x00, 0x00,
  0x00, 0x00, 0x00, 0x00, 0x00, 0x00, 0x00, 0x00, 0x00, 0x00, 0x00, 0x00, 0x00, 0x00, 0x00, 0x00,
  0x00, 0x00, 0x00, 0x00, 0x00, 0x00, 0x00, 0x00, 0x00, 0x00, 0x00, 0x00, 0x00, 0x00, 0x00, 0x00,
  0x00, 0x00, 0x00, 0x00, 0x00, 0x00, 0x00, 0x00, 0x00, 0x00, 0x00, 0x00, 0x00, 0x00, 0x00, 0x00,
  0x00, 0x00, 0x01, 0xB7, 0x6D, 0xBF, 0xF1, 0xFF, 0xF6, 0xB6, 0x80, 0x2A, 0xA0, 0x00, 0x00, 0x41,
  0x00, 0x11, 0x22, 0x00, 0x10, 0x80, 0x8A, 0x0D, 0x01, 0x00, 0x12, 0x29, 0x44, 0x7F, 0xFF, 0xFF,
  0xF6, 0xEA, 0xB4, 0x40, 0x00, 0x0A, 0x9A, 0x8E, 0xEE, 0x20, 0x00, 0x12, 0x11, 0xFF, 0xFF, 0xB5,
  0xD7, 0x00, 0x00, 0x00, 0x00, 0x00, 0x00, 0x00, 0x00, 0x00, 0x00, 0x00, 0x00, 0x00, 0x00, 0x00,
  0x00, 0x00, 0x00, 0x00, 0x00, 0x00, 0x00, 0x00, 0x00, 0x00, 0x00, 0x00, 0x00, 0x00, 0x00, 0x00,
  0x00, 0x00, 0x00, 0x00, 0x00, 0x00, 0x00, 0x00, 0x00, 0x00, 0x00, 0x00, 0x00, 0x00, 0x00, 0x00,
  0x00, 0x00, 0x00, 0x00, 0x00, 0x00, 0x00, 0xDA, 0xB6, 0xD7, 0x74, 0x7F, 0xDB, 0xDB, 0xC1, 0x40,
  0x0A, 0x95, 0x24, 0x08, 0x20, 0x00, 0x00, 0x08, 0x02, 0x12, 0x50, 0x8A, 0x50, 0x24, 0x40, 0x82,
  0x12, 0xFF, 0xFF, 0xFF, 0xFF, 0xB7, 0xEA, 0x08, 0x00, 0x41, 0x01, 0x6F, 0xBB, 0x80, 0x00, 0x00,
  0x00, 0xFF, 0xFE, 0xDE, 0xFB, 0x80, 0x00, 0x00, 0x00, 0x00, 0x00, 0x00, 0x00, 0x00, 0x00, 0x00,
  0x00, 0x00, 0x00, 0x00, 0x00, 0x00, 0x00, 0x00, 0x00, 0x00, 0x00, 0x00, 0x00, 0x00, 0x00, 0x00,
  0x00, 0x00, 0x00, 0x00, 0x00, 0x00, 0x00, 0x00, 0x00, 0x00, 0x00, 0x00, 0x00, 0x00, 0x00, 0x00,
  0x00, 0x00, 0x00, 0x00, 0x00, 0x00, 0x00, 0x00, 0x00, 0x00, 0x01, 0x6D, 0xDB, 0x5D, 0xFC, 0x17,
  0xFD, 0x6D, 0x40, 0x15, 0x50, 0x00, 0x00, 0x02, 0x04, 0x40, 0x08, 0x20, 0x40, 0x82, 0x4A, 0x28,
  0x04, 0x81, 0x08, 0x10, 0x88, 0xFF, 0xFF, 0xFF, 0xFD, 0xEF, 0xF6, 0x04, 0x00, 0x08, 0x55, 0x25,
  0xEE, 0xC0, 0x20, 0x80, 0x00, 0xFF, 0xFF, 0xF5, 0xAD, 0x00, 0x00, 0x00, 0x00, 0x00, 0x00, 0x00,
  0x00, 0x00, 0x00, 0x00, 0x00, 0x00, 0x00, 0x00, 0x00, 0x00, 0x00, 0x00, 0x00, 0x00, 0x00, 0x00,
  0x00, 0x00, 0x00, 0x00, 0x00, 0x00, 0x00, 0x00, 0x00, 0x00, 0x00, 0x00, 0x00, 0x00, 0x00, 0x00,
  0x00, 0x00, 0x00, 0x00, 0x00, 0x00, 0x00, 0x00, 0x00, 0x00, 0x00, 0x00, 0x00, 0x00, 0x01, 0xB6,
  0xAD, 0x6B, 0xEF, 0x8E, 0xFE, 0xB6, 0xE1, 0x40, 0x02, 0x91, 0x25, 0x20, 0x00, 0x04, 0x40, 0x80,
  0x04, 0x09, 0x20, 0x35, 0x22, 0x10, 0x22, 0x44, 0x45, 0xFF, 0xFF, 0xFF, 0xF7, 0x7F, 0x77, 0x00,
  0x01, 0x05, 0x08, 0xAB, 0x77, 0xD0, 0x02, 0x00, 0x04, 0xFF, 0xFF, 0xFE, 0xDB, 0x80, 0x00, 0x00,
  0x00, 0x00, 0x00, 0x00, 0x00, 0x00, 0x00, 0x00, 0x00, 0x00, 0x00, 0x00, 0x00, 0x00, 0x00, 0x00,
  0x00, 0x00, 0x00, 0x00, 0x00, 0x00, 0x00, 0x00, 0x00, 0x00, 0x00, 0x00, 0x00, 0x00, 0x00, 0x00,
  0x00, 0x00, 0x00, 0x00, 0x00, 0x00, 0x00, 0x00, 0x00, 0x00, 0x00, 0x00, 0x00, 0x00, 0x00, 0x00,
  0x00, 0x00, 0x00, 0xDB, 0x75, 0xB6, 0xBF, 0xC3, 0xFF, 0xDB, 0x50, 0x15, 0x50, 0x04, 0x00, 0x04,
  0x91, 0x00, 0x00, 0x00, 0x01, 0x20, 0x44, 0xA0, 0x08, 0x42, 0x00, 0x12, 0x13, 0xFF, 0xFF, 0xFF,
  0xDE, 0xEF, 0xD9, 0x40, 0x84, 0x10, 0x42, 0x0B, 0xDD, 0x60, 0x80, 0x02, 0x21, 0xFF, 0xFF, 0xFF,
  0x76, 0x80, 0x00, 0x00, 0x00, 0x00, 0x00, 0x00, 0x00, 0x00, 0x00, 0x00, 0x00, 0x00, 0x00, 0x00,
  0x00, 0x00, 0x00, 0x00, 0x00, 0x00, 0x00, 0x00, 0x00, 0x00, 0x00, 0x00, 0x00, 0x00, 0x00, 0x00,
  0x00, 0x00, 0x00, 0x00, 0x00, 0x00, 0x00, 0x00, 0x00, 0x00, 0x00, 0x00, 0x00, 0x00, 0x00, 0x00,
  0x00, 0x00, 0x00, 0x00, 0x00, 0x00, 0x01, 0x6D, 0xAE, 0xDA, 0xFE, 0xF0, 0xDF, 0xD5, 0xB0, 0x40,
  0x0A, 0x90, 0x91, 0x00, 0x00, 0x01, 0x04, 0x01, 0x00, 0x01, 0x11, 0x55, 0x22, 0x00, 0x92, 0x81,
  0x4B, 0xFF, 0xFF, 0xFF, 0xBF, 0xFF, 0xEF, 0x02, 0x00, 0x02, 0x10, 0x40, 0xB7, 0xD0, 0x00, 0x08,
  0x00, 0xFF, 0xFF, 0xFF, 0xBD, 0x80, 0x00, 0x00, 0x00, 0x00, 0x00, 0x00, 0x00, 0x00, 0x00, 0x00,
  0x00, 0x00, 0x00, 0x00, 0x00, 0x00, 0x00, 0x00, 0x00, 0x00, 0x00, 0x00, 0x00, 0x00, 0x00, 0x00,
  0x00, 0x00, 0x00, 0x00, 0x00, 0x00, 0x00, 0x00, 0x00, 0x00, 0x00, 0x00, 0x00, 0x00, 0x00, 0x00,
  0x00, 0x00, 0x00, 0x00, 0x00, 0x00, 0x00, 0x00, 0x00, 0x00, 0x01, 0xB6, 0xDB, 0x6D, 0x57, 0xF8,
  0x7B, 0xFA, 0xD8, 0x15, 0x41, 0x02, 0x04, 0x49, 0x08, 0x20, 0x10, 0x80, 0x10, 0x04, 0x25, 0x54,
  0x08, 0x48, 0x20, 0x24, 0x27, 0xFF, 0xFF, 0xFF, 0xFA, 0xAE, 0xBA, 0xC8, 0x20, 0x49, 0x00, 0x14,
  0x0D, 0x6A, 0x00, 0x00, 0x02, 0x7F, 0xFF, 0xFF, 0xEB, 0x00, 0x00, 0x00, 0x00, 0x00, 0x00, 0x00,
  0x00, 0x00, 0x00, 0x00, 0x00, 0x00, 0x00, 0x00, 0x00, 0x00, 0x00, 0x00, 0x00, 0x00, 0x00, 0x00,
  0x00, 0x00, 0x00, 0x00, 0x00, 0x00, 0x00, 0x00, 0x00, 0x00, 0x00, 0x00, 0x00, 0x00, 0x00, 0x00,
  0x00, 0x00, 0x00, 0x00, 0x00, 0x00, 0x00, 0x00, 0x00, 0x00, 0x00, 0x00, 0x00, 0x00, 0x00, 0xD5,
  0x6D, 0xB7, 0xAF, 0xDE, 0x1F, 0xFF, 0x68, 0x10, 0x28, 0x88, 0x50, 0x00, 0x01, 0x04, 0x40, 0x04,
  0x00, 0x90, 0x4A, 0xC8, 0x41, 0x02, 0x85, 0x01, 0x1F, 0xFF, 0xFF, 0xFE, 0xAE, 0xBF, 0xF7, 0x60,
  0x01, 0x02, 0x04, 0x03, 0x43, 0xFF, 0xF2, 0x20, 0x00, 0xFF, 0xFF, 0xFF, 0xFE, 0x80, 0x00, 0x00,
  0x00, 0x00, 0x00, 0x00, 0x00, 0x00, 0x00, 0x00, 0x00, 0x00, 0x00, 0x00, 0x00, 0x00, 0x00, 0x00,
  0x00, 0x00, 0x00, 0x00, 0x00, 0x00, 0x00, 0x00, 0x00, 0x00, 0x00, 0x00, 0x00, 0x00, 0x00, 0x00,
  0x00, 0x00, 0x00, 0x00, 0x00, 0x00, 0x00, 0x00, 0x00, 0x00, 0x00, 0x00, 0x00, 0x00, 0x00, 0x00,
  0x00, 0x00, 0x01, 0x6F, 0xB5, 0x54, 0xD9, 0x7F, 0x87, 0x7A, 0xB4, 0x05, 0x44, 0x41, 0x01, 0x12,
  0x90, 0x00, 0x00, 0x00, 0x02, 0x00, 0x15, 0x10, 0x50, 0x28, 0x10, 0x54, 0x8F, 0xFF, 0xFF, 0xFF,
  0xFB, 0xDF, 0xDD, 0xA8, 0x08, 0x10, 0x20, 0x05, 0x51, 0x55, 0xA8, 0x00, 0x22, 0x6F, 0xFF, 0xFF,
  0xFB, 0x80, 0x00, 0x00, 0x00, 0x00, 0x00, 0x00, 0x00, 0x00, 0x00, 0x00, 0x00, 0x00, 0x00, 0x00,
  0x00, 0x00, 0x00, 0x00, 0x00, 0x00, 0x00, 0x00, 0x00, 0x00, 0x00, 0x00, 0x00, 0x00, 0x00, 0x00,
  0x00, 0x00, 0x00, 0x00, 0x00, 0x00, 0x00, 0x00, 0x00, 0x00, 0x00, 0x00, 0x00, 0x00, 0x00, 0x00,
  0x00, 0x00, 0x00, 0x00, 0x00, 0x00, 0x01, 0xB4, 0xDB, 0xBB, 0x6E, 0xFB, 0xC3, 0xEF, 0xDE, 0x08,
  0x12, 0x88, 0x24, 0x40, 0x02, 0x10, 0x02, 0x10, 0x20, 0x02, 0x4A, 0x84, 0xE9, 0x01, 0x44, 0x01,
  0x3F, 0xFF, 0xFF, 0xFA, 0xAF, 0x7F, 0xEE, 0xB1, 0x20, 0x44, 0x80, 0x91, 0x57, 0xFF, 0x7C, 0x00,
  0x80, 0xBF, 0xFF, 0xFF, 0xFF, 0x00, 0x00, 0x00, 0x00, 0x00, 0x00, 0x00, 0x00, 0x00, 0x00, 0x00,
  0x00, 0x00, 0x00, 0x00, 0x00, 0x00, 0x00, 0x00, 0x00, 0x00, 0x00, 0x00, 0x00, 0x00, 0x00, 0x00,
  0x00, 0x00, 0x00, 0x00, 0x00, 0x00, 0x00, 0x00, 0x00, 0x00, 0x00, 0x00, 0x00, 0x00, 0x00, 0x00,
  0x00, 0x00, 0x00, 0x00, 0x00, 0x00, 0x00, 0x00, 0x00, 0x00, 0x00, 0xDB, 0x6D, 0x6D, 0xB5, 0xBF,
  0x70, 0xFF, 0xD4, 0x25, 0x48, 0x42, 0x80, 0x01, 0x00, 0x00, 0x80, 0x40, 0x80, 0x08, 0x0D, 0x20,
  0x60, 0x48, 0x02, 0xA8, 0xBF, 0xFF, 0xFF, 0xFB, 0x7D, 0xFF, 0x7F, 0x68, 0x00, 0x10, 0x00, 0x02,
  0xAB, 0x55, 0xD5, 0x00, 0x02, 0xD5, 0xFF, 0xFF, 0xFF, 0x80, 0x00, 0x00, 0x00, 0x00, 0x00, 0x00,
  0x00, 0x00, 0x00, 0x00, 0x00, 0x00, 0x00, 0x00, 0x00, 0x00, 0x00, 0x00, 0x00, 0x00, 0x00, 0x00,
  0x00, 0x00, 0x00, 0x00, 0x00, 0x00, 0x00, 0x00, 0x00, 0x00, 0x00, 0x00, 0x00, 0x00, 0x00, 0x00,
  0x00, 0x00, 0x00, 0x00, 0x00, 0x00, 0x00, 0x00, 0x00, 0x00, 0x00, 0x00, 0x00, 0x00, 0x01, 0x6D,
  0xAB, 0xAA, 0xD6, 0xD7, 0xF8, 0x7F, 0xF7, 0x01, 0x22, 0x90, 0x12, 0x48, 0x48, 0x82, 0x08, 0x00,
  0x00, 0x80, 0x06, 0x09, 0x64, 0x22, 0x51, 0x02, 0x7F, 0xFF, 0xFF, 0xFD, 0xFF, 0xFF, 0xEF, 0xB4,
  0x12, 0x44, 0x02, 0x02, 0x47, 0xFF, 0x7E, 0x04, 0x00, 0x7B, 0xFF, 0xFF, 0xFF, 0x80, 0x00, 0x00,
  0x00, 0x00, 0x00, 0x00, 0x00, 0x00, 0x00, 0x00, 0x00, 0x00, 0x00, 0x00, 0x00, 0x00, 0x00, 0x00,
  0x00, 0x00, 0x00, 0x00, 0x00, 0x00, 0x00, 0x00, 0x00, 0x00, 0x00, 0x00, 0x00, 0x00, 0x00, 0x00,
  0x00, 0x00, 0x00, 0x00, 0x00, 0x00, 0x00, 0x00, 0x00, 0x00, 0x00, 0x00, 0x00, 0x00, 0x00, 0x00,
  0x00, 0x00, 0x01, 0x56, 0xDD, 0x6E, 0xAD, 0x5B, 0xDE, 0x1D, 0xFD, 0x00, 0x88, 0x09, 0x48, 0x02,
  0x00, 0x10, 0x00, 0x80, 0x02, 0x00, 0x20, 0x40, 0xC1, 0x00, 0x84, 0x48, 0xFF, 0xFF, 0xFF, 0xFB,
  0xDB, 0xFF, 0xFF, 0xE8, 0x80, 0x95, 0x48, 0x11, 0x5D, 0x55, 0xD6, 0x10, 0x01, 0x56, 0xBF, 0xFF,
  0xFF, 0x80, 0x00, 0x00, 0x00, 0x00, 0x00, 0x00, 0x00, 0x00, 0x00, 0x00, 0x00, 0x00, 0x00, 0x00,
  0x00, 0x00, 0x00, 0x00, 0x00, 0x00, 0x00, 0x00, 0x00, 0x00, 0x00, 0x00, 0x00, 0x00, 0x00, 0x00,
  0x00, 0x00, 0x00, 0x00, 0x00, 0x00, 0x00, 0x00, 0x00, 0x00, 0x00, 0x00, 0x00, 0x00, 0x00, 0x00,
  0x00, 0x00, 0x00, 0x00, 0x00, 0x00, 0x01, 0xBB, 0x6A, 0xB5, 0xB6, 0xED, 0xFF, 0x87, 0xFF, 0x82,
  0x25, 0x50, 0x02, 0x48, 0x02, 0x00, 0x20, 0x01, 0x08, 0x10, 0x02, 0x05, 0x10, 0x4A, 0x11, 0x12,
  0xFF, 0xFF, 0xFF, 0xFF, 0x7F, 0xFF, 0xF7, 0xE2, 0x02, 0x2D, 0x00, 0x45, 0x57, 0xFF, 0x7A, 0x00,
  0x08, 0xFD, 0xD7, 0xFF, 0xFF, 0x80, 0x00, 0x00, 0x00, 0x00, 0x00, 0x00, 0x00, 0x00, 0x00, 0x00,
  0x00, 0x00, 0x00, 0x00, 0x00, 0x00, 0x00, 0x00, 0x00, 0x00, 0x00, 0x00, 0x00, 0x00, 0x00, 0x00,
  0x00, 0x00, 0x00, 0x00, 0x00, 0x00, 0x00, 0x00, 0x00, 0x00, 0x00, 0x00, 0x00, 0x00, 0x00, 0x00,
  0x00, 0x00, 0x00, 0x00, 0x00, 0x00, 0x00, 0x00, 0x00, 0x00, 0x01, 0xD5, 0xB7, 0xD6, 0xDB, 0x56,
  0x7D, 0xC3, 0xBE, 0xC0, 0x90, 0x04, 0xA0, 0x01, 0x20, 0x84, 0x00, 0x04, 0x00, 0x01, 0x08, 0x20,
  0x84, 0x10, 0x48, 0x40, 0xF7, 0xFF, 0xFF, 0xFF, 0xFF, 0xFF, 0xBB, 0xB0, 0x28, 0x91, 0x40, 0x09,
  0x4D, 0x55, 0xDC, 0x00, 0x40, 0xAB, 0x7F, 0xFF, 0xFF, 0x80, 0x00, 0x00, 0x00, 0x00, 0x00, 0x00,
  0x00, 0x00, 0x00, 0x00, 0x00, 0x00, 0x00, 0x00, 0x00, 0x00, 0x00, 0x00, 0x00, 0x00, 0x00, 0x00,
  0x00, 0x00, 0x00, 0x00, 0x00, 0x00, 0x00, 0x00, 0x00, 0x00, 0x00, 0x00, 0x00, 0x00, 0x00, 0x00,
  0x00, 0x00, 0x00, 0x00, 0x00, 0x00, 0x00, 0x00, 0x00, 0x00, 0x00, 0x00, 0x00, 0x00, 0x01, 0xF6,
  0xDA, 0x5A, 0xAD, 0xBB, 0xB7, 0xF0, 0xF7, 0xE0, 0x45, 0x50, 0x0A, 0xA4, 0x02, 0x10, 0x89, 0x10,
  0x00, 0x00, 0x00, 0x88, 0x21, 0x42, 0x22, 0x15, 0xFF, 0xFF, 0xFF, 0xFF, 0xFF, 0xEF, 0x5B, 0xE0,
  0x80, 0x54, 0x54, 0x45, 0x37, 0xFF, 0x74, 0x00, 0x02, 0x7D, 0xAA, 0xFF, 0xFF, 0x80, 0x00, 0x00,
  0x00, 0x00, 0x00, 0x00, 0x00, 0x00, 0x00, 0x00, 0x00, 0x00, 0x00, 0x00, 0x00, 0x00, 0x00, 0x00,
  0x00, 0x00, 0x00, 0x00, 0x00, 0x00, 0x00, 0x00, 0x00, 0x00, 0x00, 0x00, 0x00, 0x00, 0x00, 0x00,
  0x00, 0x00, 0x00, 0x00, 0x00, 0x00, 0x00, 0x00, 0x00, 0x00, 0x00, 0x00, 0x00, 0x00, 0x00, 0x00,
  0x00, 0x00, 0x01, 0xFB, 0x57, 0xB7, 0x75, 0x55, 0x5F, 0x78, 0x7F, 0xE0, 0x28, 0x8A, 0xA0, 0x00,
  0x90, 0x00, 0x00, 0x00, 0x10, 0x00, 0x00, 0x02, 0x00, 0x08, 0x89, 0x43, 0xFF, 0xFF, 0xFF, 0xFF,
  0xF7, 0xBF, 0x6D, 0xB4, 0x02, 0x09, 0x09, 0x12, 0xD3, 0x6B, 0xD8, 0x00, 0x00, 0xD6, 0xED, 0xBF,
  0xFF, 0x80, 0x00, 0x00, 0x00, 0x00, 0x00, 0x00, 0x00, 0x00, 0x00, 0x00, 0x00, 0x00, 0x00, 0x00,
  0x00, 0x00, 0x00, 0x00, 0x00, 0x00, 0x00, 0x00, 0x00, 0x00, 0x00, 0x00, 0x00, 0x00, 0x00, 0x00,
  0x00, 0x00, 0x00, 0x00, 0x00, 0x00, 0x00, 0x00, 0x00, 0x00, 0x00, 0x00, 0x00, 0x00, 0x00, 0x00,
  0x00, 0x00, 0x00, 0x00, 0x00, 0x00, 0x01, 0xFE, 0xEC, 0xDA, 0xAD, 0xDB, 0x6B, 0xEE, 0x1D, 0xF8,
  0x05, 0x20, 0x09, 0x14, 0x00, 0x42, 0x00, 0x00, 0x40, 0x88, 0x02, 0x48, 0x8A, 0xA2, 0xA0, 0x17,
  0xFF, 0xFF, 0xFF, 0xFF, 0xDE, 0xFF, 0x6F, 0xC1, 0x10, 0xA2, 0x42, 0xD5, 0x6D, 0xDE, 0xF0, 0x12,
  0x00, 0xBB, 0xB7, 0x6F, 0xFF, 0x80, 0x00, 0x00, 0x00, 0x00, 0x00, 0x00, 0x00, 0x00, 0x00, 0x00,
  0x00, 0x00, 0x00, 0x00, 0x00, 0x00, 0x00, 0x00, 0x00, 0x00, 0x00, 0x00, 0x00, 0x00, 0x00, 0x00,
  0x00, 0x00, 0x00, 0x00, 0x00, 0x00, 0x00, 0x00, 0x00, 0x00, 0x00, 0x00, 0x00, 0x00, 0x00, 0x00,
  0x00, 0x00, 0x00, 0x00, 0x00, 0x00, 0x00, 0x00, 0x00, 0x00, 0x01, 0xFF, 0x5B, 0x6B, 0x6A, 0xAD,
  0xB5, 0xFF, 0x87, 0xF8, 0x50, 0x8A, 0x40, 0x40, 0xA2, 0x08, 0x48, 0x80, 0x00, 0x00, 0x48, 0x00,
  0x00, 0x0A, 0x0A, 0x4F, 0xBF, 0xFF, 0xFF, 0xFF, 0xFF, 0xFE, 0xB7, 0x60, 0x02, 0x14, 0x10, 0xAA,
  0xAA, 0xF7, 0x5A, 0x00, 0x08, 0xED, 0x6D, 0xBB, 0xFF, 0x80, 0x00, 0x00, 0x00, 0x00, 0x00, 0x00,
  0x00, 0x00, 0x00, 0x00, 0x00, 0x00, 0x00, 0x00, 0x00, 0x00, 0x00, 0x00, 0x00, 0x00, 0x00, 0x00,
  0x00, 0x00, 0x00, 0x00, 0x00, 0x00, 0x00, 0x00, 0x00, 0x00, 0x00, 0x00, 0x00, 0x00, 0x00, 0x00,
  0x00, 0x00, 0x00, 0x00, 0x00, 0x00, 0x00, 0x00, 0x00, 0x00, 0x00, 0x00, 0x00, 0x00, 0x01, 0xBF,
  0xED, 0xAD, 0xB7, 0x76, 0xAD, 0x7F, 0xC3, 0xBC, 0x05, 0x21, 0x14, 0x8A, 0x08, 0x00, 0x00, 0x12,
  0x00, 0x00, 0x00, 0x44, 0x55, 0x4A, 0xA0, 0x1F, 0xFF, 0xFF, 0xFF, 0xFF, 0xBB, 0xDF, 0x6F, 0x84,
  0x40, 0xA2, 0x85, 0x55, 0x2A, 0xBD, 0xEF, 0xD0, 0x41, 0x5B, 0xDE, 0xEE, 0xFF, 0x80, 0x00, 0x00,
  0x00, 0x00, 0x00, 0x00, 0x00, 0x00, 0x00, 0x00, 0x00, 0x00, 0x00, 0x00, 0x00, 0x00, 0x00, 0x00,
  0x00, 0x00, 0x00, 0x00, 0x00, 0x00, 0x00, 0x00, 0x00, 0x00, 0x00, 0x00, 0x00, 0x00, 0x00, 0x00,
  0x00, 0x00, 0x00, 0x00, 0x00, 0x00, 0x00, 0x00, 0x00, 0x00, 0x00, 0x00, 0x00, 0x00, 0x00, 0x00,
  0x00, 0x00, 0x00, 0xF7, 0xD6, 0xB6, 0xDA, 0xD5, 0xD6, 0xAE, 0xF0, 0xFE, 0x04, 0x4A, 0x02, 0x00,
  0x20, 0x41, 0x02, 0x00, 0x04, 0x00, 0x00, 0x11, 0x00, 0x2C, 0x09, 0x5F, 0xFF, 0xFF, 0xFF, 0xFE,
  0xFF, 0x6F, 0x57, 0xA1, 0x12, 0x14, 0x20, 0x89, 0x4A, 0xEB, 0x7A, 0xBE, 0x00, 0xEE, 0xB5, 0xB5,
  0xFF, 0x80, 0x00, 0x00, 0x00, 0x00, 0x00, 0x00, 0x00, 0x00, 0x00, 0x00, 0x00, 0x00, 0x00, 0x00,
  0x00, 0x00, 0x00, 0x00, 0x00, 0x00, 0x00, 0x00, 0x00, 0x00, 0x00, 0x00, 0x00, 0x00, 0x00, 0x00,
  0x00, 0x00, 0x00, 0x00, 0x00, 0x00, 0x00, 0x00, 0x00, 0x00, 0x00, 0x00, 0x00, 0x00, 0x00, 0x00,
  0x00, 0x00, 0x00, 0x00, 0x00, 0x00, 0x00, 0x3F, 0xFB, 0x6A, 0xAD, 0xB6, 0xBB, 0x77, 0xF8, 0x5E,
  0x02, 0x90, 0xA8, 0x52, 0x02, 0x08, 0x20, 0x00, 0x00, 0x44, 0x00, 0x80, 0x22, 0xB1, 0x20, 0x3F,
  0xFF, 0xFF, 0xFF, 0xFB, 0xEF, 0x7E, 0xBB, 0x0A, 0x89, 0x4A, 0x84, 0x50, 0x81, 0x7F, 0xAF, 0xEB,
  0x02, 0x77, 0xEE, 0xDE, 0xAF, 0x80, 0x00, 0x00, 0x00, 0x00, 0x00, 0x00, 0x00, 0x00, 0x00, 0x00,
  0x00, 0x00, 0x00, 0x00, 0x00, 0x00, 0x00, 0x00, 0x00, 0x00, 0x00, 0x00, 0x00, 0x00, 0x00, 0x00,
  0x00, 0x00, 0x00, 0x00, 0x00, 0x00, 0x00, 0x00, 0x00, 0x00, 0x00, 0x00, 0x00, 0x00, 0x00, 0x00,
  0x00, 0x00, 0x00, 0x00, 0x00, 0x00, 0x00, 0x00, 0x00, 0x00, 0x01, 0x0F, 0x7D, 0xBB, 0x76, 0xDA,
  0xD5, 0xAD, 0xDE, 0x1B, 0x81, 0x24, 0x02, 0x01, 0x48, 0x00, 0x04, 0x90, 0x80, 0x00, 0x40, 0x24,
  0x88, 0x28, 0x45, 0x7F, 0xFF, 0xFF, 0xFF, 0xFF, 0xBD, 0xFE, 0xD5, 0xC2, 0xC0, 0xA8, 0x12, 0xA2,
  0x28, 0x15, 0xFA, 0xBF, 0x00, 0xAD, 0x5B, 0x6B, 0xDF, 0x80, 0x00, 0x00, 0x00, 0x00, 0x00, 0x00,
  0x00, 0x00, 0x00, 0x00, 0x00, 0x00, 0x00, 0x00, 0x00, 0x00, 0x00, 0x00, 0x00, 0x00, 0x00, 0x00,
  0x00, 0x00, 0x00, 0x00, 0x00, 0x00, 0x00, 0x00, 0x00, 0x00, 0x00, 0x00, 0x00, 0x00, 0x00, 0x00,
  0x00, 0x00, 0x00, 0x00, 0x00, 0x00, 0x00, 0x00, 0x00, 0x00, 0x00, 0x00, 0x00, 0x00, 0x01, 0x87,
  0xFF, 0x56, 0xD5, 0x6D, 0x6D, 0x6B, 0xFF, 0x87, 0x84, 0x49, 0x51, 0x28, 0x00, 0x44, 0x40, 0x02,
  0x08, 0x00, 0x00, 0x80, 0x00, 0xA2, 0x00, 0xFF, 0xFF, 0xFF, 0xFF, 0xF6, 0xDA, 0x5B, 0x6F, 0x89,
  0x74, 0xA2, 0x91, 0x41, 0x05, 0x0B, 0x57, 0xEA, 0x04, 0xFB, 0x76, 0xFD, 0x75, 0x80, 0x00, 0x00,
  0x00, 0x00, 0x00, 0x00, 0x00, 0x00, 0x00, 0x00, 0x00, 0x00, 0x00, 0x00, 0x00, 0x00, 0x00, 0x00,
  0x00, 0x00, 0x00, 0x00, 0x00, 0x00, 0x00, 0x00, 0x00, 0x00, 0x00, 0x00, 0x00, 0x00, 0x00, 0x00,
  0x00, 0x00, 0x00, 0x00, 0x00, 0x00, 0x00, 0x00, 0x00, 0x00, 0x00, 0x00, 0x00, 0x00, 0x00, 0x00,
  0x00, 0x00, 0x01, 0xE1, 0xFF, 0xDB, 0x5F, 0xAB, 0xB6, 0xDD, 0x7F, 0xC3, 0xC0, 0x84, 0x04, 0x04,
  0x95, 0x00, 0x00, 0x40, 0x00, 0x80, 0x02, 0x0A, 0x4A, 0x00, 0x94, 0xFF, 0xFF, 0xFF, 0xFF, 0xE7,
  0x57, 0xFD, 0xDE, 0xC0, 0xB5, 0xFA, 0x4A, 0x88, 0x22, 0x43, 0xFD, 0x7C, 0x10, 0xAD, 0xAD, 0xAB,
  0xAE, 0x80, 0x00, 0x00, 0x00, 0x00, 0x00, 0x00, 0x00, 0x00, 0x00, 0x00, 0x00, 0x00, 0x00, 0x00,
  0x00, 0x00, 0x00, 0x00, 0x00, 0x00, 0x00, 0x00, 0x00, 0x00, 0x00, 0x00, 0x00, 0x00, 0x00, 0x00,
  0x00, 0x00, 0x00, 0x00, 0x00, 0x00, 0x00, 0x00, 0x00, 0x00, 0x00, 0x00, 0x00, 0x00, 0x00, 0x00,
  0x00, 0x00, 0x00, 0x00, 0x00, 0x00, 0x01, 0xF0, 0xDF, 0xEA, 0xE9, 0x6D, 0x5B, 0x6B, 0x5B, 0x70,
  0xE0, 0x52, 0xA1, 0x20, 0x00, 0x12, 0x12, 0x00, 0x20, 0x08, 0x00, 0x20, 0x00, 0xAA, 0x03, 0xF7,
  0xFF, 0xFF, 0xF1, 0x5D, 0xD5, 0x57, 0x7F, 0xD4, 0x5A, 0xAD, 0x04, 0xA0, 0x88, 0x10, 0x57, 0xA8,
  0x01, 0x76, 0xF7, 0x6D, 0x77, 0x00, 0x00, 0x00, 0x00, 0x00, 0x00, 0x00, 0x00, 0x00, 0x00, 0x00,
  0x00, 0x00, 0x00, 0x00, 0x00, 0x00, 0x00, 0x00, 0x00, 0x00, 0x00, 0x00, 0x00, 0x00, 0x00, 0x00,
  0x00, 0x00, 0x00, 0x00, 0x00, 0x00, 0x00, 0x00, 0x00, 0x00, 0x00, 0x00, 0x00, 0x00, 0x00, 0x00,
  0x00, 0x00, 0x00, 0x00, 0x00, 0x00, 0x00, 0x00, 0x00, 0x00, 0x01, 0xFC, 0x3F, 0xFD, 0x56, 0xB6,
  0xEA, 0xB6, 0xDF, 0xF8, 0x30, 0x10, 0x28, 0x12, 0xA4, 0x80, 0x40, 0x10, 0x00, 0x00, 0x88, 0x09,
  0x24, 0x00, 0x53, 0xFF, 0xFD, 0xFF, 0xAE, 0xBF, 0xEA, 0xED, 0xB7, 0xE1, 0x4F, 0x25, 0x72, 0x84,
  0x05, 0x45, 0x5D, 0xF0, 0x00, 0xDB, 0x5A, 0xDF, 0xBA, 0x80, 0x00, 0x00, 0x00, 0x00, 0x00, 0x00,
  0x00, 0x00, 0x00, 0x00, 0x00, 0x00, 0x00, 0x00, 0x00, 0x00, 0x00, 0x00, 0x00, 0x00, 0x00, 0x00,
  0x00, 0x00, 0x00, 0x00, 0x00, 0x00, 0x00, 0x00, 0x00, 0x00, 0x00, 0x00, 0x00, 0x00, 0x00, 0x00,
  0x00, 0x00, 0x00, 0x00, 0x00, 0x00, 0x00, 0x00, 0x00, 0x00, 0x00, 0x00, 0x00, 0x00, 0x01, 0xDF,
  0x16, 0xFE, 0xDB, 0xD5, 0x57, 0xDB, 0x6B, 0xFE, 0x10, 0x4A, 0x85, 0x48, 0x10, 0x01, 0x01, 0x02,
  0x02, 0x00, 0x00, 0x84, 0x01, 0x22, 0x03, 0xFB, 0xFF, 0xFF, 0x95, 0x3E, 0xAB, 0x7F, 0x7B, 0x40,
  0x05, 0x55, 0x2F, 0xD1, 0x20, 0x10, 0x17, 0x40, 0x42, 0xED, 0xEF, 0x75, 0x6F, 0x80, 0x00, 0x00,
  0x00, 0x00, 0x00, 0x00, 0x00, 0x00, 0x00, 0x00, 0x00, 0x00, 0x00, 0x00, 0x00, 0x00, 0x00, 0x00,
  0x00, 0x00, 0x00, 0x00, 0x00, 0x00, 0x00, 0x00, 0x00, 0x00, 0x00, 0x00, 0x00, 0x00, 0x00, 0x00,
  0x00, 0x00, 0x00, 0x00, 0x00, 0x00, 0x00, 0x00, 0x00, 0x00, 0x00, 0x00, 0x00, 0x00, 0x00, 0x00,
  0x00, 0x00, 0x01, 0x7F, 0x87, 0xFF, 0x6D, 0x5B, 0xBA, 0x6D, 0xB5, 0xBF, 0x88, 0x04, 0xA8, 0x02,
  0x82, 0x50, 0x08, 0x08, 0x08, 0x02, 0x00, 0x10, 0xA8, 0x08, 0xA7, 0xFF, 0xFF, 0xFF, 0xEB, 0xFF,
  0xD7, 0xB6, 0xF9, 0xF2, 0x51, 0x54, 0x96, 0xD2, 0x09, 0x25, 0x4D, 0xC2, 0x00, 0xF6, 0xB5, 0xAD,
  0xB5, 0x00, 0x00, 0x00, 0x00, 0x00, 0x00, 0x00, 0x00, 0x00, 0x00, 0x00, 0x00, 0x00, 0x00, 0x00,
  0x00, 0x00, 0x00, 0x00, 0x00, 0x00, 0x00, 0x00, 0x00, 0x00, 0x00, 0x00, 0x00, 0x00, 0x00, 0x00,
  0x00, 0x00, 0x00, 0x00, 0x00, 0x00, 0x00, 0x00, 0x00, 0x00, 0x00, 0x00, 0x00, 0x00, 0x00, 0x00,
  0x00, 0x00, 0x00, 0x00, 0x00, 0x00, 0x01, 0x7E, 0xE3, 0xEF, 0xB6, 0xED, 0x55, 0xB6, 0xAE, 0xF7,
  0xC2, 0x09, 0x02, 0x48, 0x20, 0x04, 0x40, 0x40, 0x40, 0x20, 0x00, 0x00, 0x02, 0x40, 0x0F, 0xFF,
  0xFF, 0xFF, 0xD6, 0xFF, 0x6D, 0xFF, 0xAD, 0xD0, 0x04, 0x55, 0x57, 0xE8, 0xA0, 0x40, 0x2E, 0x88,
  0x01, 0xFD, 0xAE, 0xF6, 0xDB, 0x80, 0x00, 0x00, 0x00, 0x00, 0x00, 0x00, 0x00, 0x00, 0x00, 0x00,
  0x00, 0x00, 0x00, 0x00, 0x00, 0x00, 0x00, 0x00, 0x00, 0x00, 0x00, 0x00, 0x00, 0x00, 0x00, 0x00,
  0x00, 0x00, 0x00, 0x00, 0x00, 0x00, 0x00, 0x00, 0x00, 0x00, 0x00, 0x00, 0x00, 0x00, 0x00, 0x00,
  0x00, 0x00, 0x00, 0x00, 0x00, 0x00, 0x00, 0x00, 0x00, 0x00, 0x01, 0x5F, 0xF0, 0x7F, 0xED, 0xB6,
  0xEE, 0xDA, 0xD5, 0x5F, 0x70, 0x02, 0x50, 0x84, 0x8A, 0x90, 0x02, 0x01, 0x00, 0x00, 0x08, 0x05,
  0x20, 0x15, 0x4F, 0xBF, 0xFF, 0xFF, 0xEB, 0x7B, 0xB5, 0x6F, 0xFF, 0x61, 0x20, 0xAA, 0xAF, 0x6A,
  0x45, 0x15, 0x13, 0x80, 0x04, 0xFF, 0x75, 0x5B, 0xB6, 0x80, 0x00, 0x00, 0x00, 0x00, 0x00, 0x00,
  0x00, 0x00, 0x00, 0x00, 0x00, 0x00, 0x00, 0x00, 0x00, 0x00, 0x00, 0x00, 0x00, 0x00, 0x00, 0x00,
  0x00, 0x00, 0x00, 0x00, 0x00, 0x00, 0x00, 0x00, 0x00, 0x00, 0x00, 0x00, 0x00, 0x00, 0x00, 0x00,
  0x00, 0x00, 0x00, 0x00, 0x00, 0x00, 0x00, 0x00, 0x00, 0x00, 0x00, 0x00, 0x00, 0x00, 0x01, 0xAB,
  0xDC, 0x3F, 0xFB, 0x5B, 0x55, 0x57, 0x7B, 0x6F, 0xF8, 0x01, 0x0A, 0x21, 0x00, 0x01, 0x10, 0x10,
  0x00, 0x80, 0x00, 0x10, 0x0A, 0x80, 0x1D, 0xF7, 0xFF, 0xFF, 0xED, 0xEE, 0xDF, 0xFF, 0xFF, 0xF0,
  0x08, 0x55, 0x55, 0xF5, 0x10, 0x40, 0x4B, 0x60, 0x01, 0xFF, 0xDB, 0xAD, 0x6D, 0x80, 0x00, 0x00,
  0x00, 0x00, 0x00, 0x00, 0x00, 0x00, 0x00, 0x00, 0x00, 0x00, 0x00, 0x00, 0x00, 0x00, 0x00, 0x00,
  0x00, 0x00, 0x00, 0x00, 0x00, 0x00, 0x00, 0x00, 0x00, 0x00, 0x00, 0x00, 0x00, 0x00, 0x00, 0x00,
  0x00, 0x00, 0x00, 0x00, 0x00, 0x00, 0x00, 0x00, 0x00, 0x00, 0x00, 0x00, 0x00, 0x00, 0x00, 0x00,
  0x00, 0x00, 0x00, 0xEE, 0xFE, 0x1B, 0xFF, 0xED, 0x76, 0xEA, 0xAD, 0xB5, 0xFE, 0x04, 0xA1, 0x14,
  0x52, 0x48, 0x00, 0x40, 0x48, 0x04, 0x20, 0x42, 0x40, 0x14, 0x9F, 0xFF, 0xDF, 0xFF, 0xAB, 0xFF,
  0xEA, 0xBF, 0xDF, 0xC2, 0xA2, 0x55, 0x57, 0x5D, 0x4A, 0x09, 0x26, 0xFA, 0x10, 0xFF, 0xED, 0x77,
  0xBB, 0x00, 0x00, 0x00, 0x00, 0x00, 0x00, 0x00, 0x00, 0x00, 0x00, 0x00, 0x00, 0x00, 0x00, 0x00,
  0x00, 0x00, 0x00, 0x00, 0x00, 0x00, 0x00, 0x00, 0x00, 0x00, 0x00, 0x00, 0x00, 0x00, 0x00, 0x00,
  0x00, 0x00, 0x00, 0x00, 0x00, 0x00, 0x00, 0x00, 0x00, 0x00, 0x00, 0x00, 0x00, 0x00, 0x00, 0x00,
  0x00, 0x00, 0x00, 0x00, 0x00, 0x00, 0x01, 0x55, 0xFF, 0x87, 0x7E, 0xB5, 0xAB, 0x5B, 0x55, 0x5B,
  0xDF, 0x90, 0x14, 0x80, 0x01, 0x02, 0x12, 0x04, 0x00, 0x10, 0x00, 0x00, 0x12, 0x40, 0x37, 0x7D,
  0xFF, 0xFE, 0xD6, 0xBE, 0xBD, 0xBF, 0xFE, 0xB0, 0x04, 0x4A, 0xAD, 0xF6, 0xA5, 0x40, 0x2B, 0xAD,
  0x02, 0xFF, 0xFB, 0xBA, 0xD7, 0x80, 0x00, 0x00, 0x00, 0x00, 0x00, 0x00, 0x00, 0x00, 0x00, 0x00,
  0x00, 0x00, 0x00, 0x00, 0x00, 0x00, 0x00, 0x00, 0x00, 0x00, 0x00, 0x00, 0x00, 0x00, 0x00, 0x00,
  0x00, 0x00, 0x00, 0x00, 0x00, 0x00, 0x00, 0x00, 0x00, 0x00, 0x00, 0x00, 0x00, 0x00, 0x00, 0x00,
  0x00, 0x00, 0x00, 0x00, 0x00, 0x00, 0x00, 0x00, 0x00, 0x00, 0x01, 0x76, 0xBB, 0xC3, 0xFB, 0xD6,
  0xDD, 0xAD, 0xB6, 0xED, 0x7B, 0xC0, 0xA2, 0x52, 0x94, 0x50, 0x80, 0x00, 0x82, 0x00, 0x00, 0x05,
  0x01, 0x12, 0xBF, 0xEF, 0xFF, 0xFB, 0x6B, 0xED, 0xD5, 0xF7, 0xFE, 0xD5, 0x00, 0xAB, 0x6B, 0xFD,
  0x52, 0x25, 0x4B, 0x76, 0x81, 0xFF, 0xFE, 0xD7, 0x7A, 0x80, 0x00, 0x00, 0x00, 0x00, 0x00, 0x00,
  0x00, 0x00, 0x00, 0x00, 0x00, 0x00, 0x00, 0x00, 0x00, 0x00, 0x00, 0x00, 0x00, 0x00, 0x00, 0x00,
  0x00, 0x00, 0x00, 0x00, 0x00, 0x00, 0x00, 0x00, 0x00, 0x00, 0x00, 0x00, 0x00, 0x00, 0x00, 0x00,
  0x00, 0x00, 0x00, 0x00, 0x00, 0x00, 0x00, 0x00, 0x00, 0x00, 0x00, 0x00, 0x00, 0x00, 0x01, 0xAB,
  0x6F, 0xF0, 0xEF, 0xEB, 0x6A, 0xD6, 0xDB, 0x55, 0x5F, 0xE0, 0x08, 0x00, 0x00, 0x04, 0x01, 0x22,
  0x08, 0x40, 0x82, 0x00, 0x48, 0x00, 0x7F, 0xFE, 0xFF, 0xFD, 0xAD, 0x5B, 0x7E, 0xEF, 0xF9, 0x14,
  0x24, 0x55, 0xAA, 0x57, 0xA9, 0x80, 0x2B, 0xDD, 0xE5, 0xFF, 0xFF, 0xBA, 0xAF, 0x00, 0x00, 0x00,
  0x00, 0x00, 0x00, 0x00, 0x00, 0x00, 0x00, 0x00, 0x00, 0x00, 0x00, 0x00, 0x00, 0x00, 0x00, 0x00,
  0x00, 0x00, 0x00, 0x00, 0x00, 0x00, 0x00, 0x00, 0x00, 0x00, 0x00, 0x00, 0x00, 0x00, 0x00, 0x00,
  0x00, 0x00, 0x00, 0x00, 0x00, 0x00, 0x00, 0x00, 0x00, 0x00, 0x00, 0x00, 0x00, 0x00, 0x00, 0x00,
  0x00, 0x00, 0x00, 0xB5, 0xBF, 0xFC, 0x3F, 0xFD, 0x56, 0xBA, 0xAD, 0xB6, 0xEF, 0xB0, 0x25, 0x55,
  0x49, 0x42, 0x88, 0x00, 0x00, 0x00, 0x00, 0x01, 0x02, 0x49, 0xF6, 0xEF, 0xDF, 0xEA, 0xB5, 0x6B,
  0xB5, 0xB7, 0x6D, 0x50, 0x81, 0x2D, 0xD5, 0x6E, 0xEA, 0x55, 0x56, 0xEE, 0xC1, 0xFF, 0xFF, 0xED,
  0xEA, 0x80, 0x00, 0x00, 0x00, 0x00, 0x00, 0x00, 0x00, 0x00, 0x00, 0x00, 0x00, 0x00, 0x00, 0x00,
  0x00, 0x00, 0x00, 0x00, 0x00, 0x00, 0x00, 0x00, 0x00, 0x00, 0x00, 0x00, 0x00, 0x00, 0x00, 0x00,
  0x00, 0x00, 0x00, 0x00, 0x00, 0x00, 0x00, 0x00, 0x00, 0x00, 0x00, 0x00, 0x00, 0x00, 0x00, 0x00,
  0x00, 0x00, 0x00, 0x00, 0x00, 0x00, 0x01, 0xDE, 0xCB, 0x76, 0x1F, 0xFB, 0x6B, 0x56, 0xD6, 0xDB,
  0x55, 0xF8, 0x09, 0x08, 0x10, 0x90, 0x20, 0x88, 0x21, 0x02, 0x08, 0x04, 0x20, 0x10, 0xFF, 0xBD,
  0xFF, 0xBB, 0x55, 0xAC, 0xDA, 0xD3, 0xF0, 0x44, 0x68, 0xB6, 0x55, 0x2B, 0x55, 0x20, 0xAB, 0x77,
  0x41, 0xFF, 0xFF, 0xF6, 0xBD, 0x80, 0x00, 0x00, 0x00, 0x00, 0x00, 0x00, 0x00, 0x00, 0x00, 0x00,
  0x00, 0x00, 0x00, 0x00, 0x00, 0x00, 0x00, 0x00, 0x00, 0x00, 0x00, 0x00, 0x00, 0x00, 0x00, 0x00,
  0x00, 0x00, 0x00, 0x00, 0x00, 0x00, 0x00, 0x00, 0x00, 0x00, 0x00, 0x00, 0x00, 0x00, 0x00, 0x00,
  0x00, 0x00, 0x00, 0x00, 0x00, 0x00, 0x00, 0x00, 0x00, 0x00, 0x00, 0xAA, 0xB5, 0xFF, 0x86, 0xFE,
  0xBD, 0xDB, 0x7A, 0xAD, 0xBB, 0xFC, 0x02, 0x42, 0x45, 0x24, 0x82, 0x00, 0x00, 0x08, 0x00, 0x00,
  0x89, 0x42, 0xED, 0xFF, 0xFF, 0xED, 0xAA, 0xAB, 0x55, 0x5E, 0xA5, 0x01, 0x78, 0xAB, 0x6A, 0xB5,
  0xA5, 0x4A, 0x57, 0xAD, 0x85, 0xFF, 0xFF, 0xFF, 0x6B, 0x00, 0x00, 0x00, 0x00, 0x00, 0x00, 0x00,
  0x00, 0x00, 0x00, 0x00, 0x00, 0x00, 0x00, 0x00, 0x00, 0x00, 0x00, 0x00, 0x00, 0x00, 0x00, 0x00,
  0x00, 0x00, 0x00, 0x00, 0x00, 0x00, 0x00, 0x00, 0x00, 0x00, 0x00, 0x00, 0x00, 0x00, 0x00, 0x00,
  0x00, 0x00, 0x00, 0x00, 0x00, 0x00, 0x00, 0x00, 0x00, 0x00, 0x00, 0x00, 0x00, 0x00, 0x01, 0x6B,
  0x5A, 0xBE, 0xC3, 0xDF, 0xD5, 0x6A, 0xAB, 0x76, 0xD6, 0xBE, 0x01, 0x29, 0x24, 0x00, 0x10, 0x11,
  0x04, 0x20, 0x80, 0x00, 0x00, 0x09, 0xFF, 0xFF, 0xFE, 0xF6, 0xAD, 0xB5, 0x57, 0xFB, 0xF6, 0x2A,
  0xFF, 0x5A, 0xA9, 0x56, 0x89, 0x44, 0x9D, 0x76, 0xC1, 0xFF, 0xFF, 0xFF, 0xB7, 0x80, 0x00, 0x00,
  0x00, 0x00, 0x00, 0x00, 0x00, 0x00, 0x00, 0x00, 0x00, 0x00, 0x00, 0x00, 0x00, 0x00, 0x00, 0x00,
  0x00, 0x00, 0x00, 0x00, 0x00, 0x00, 0x00, 0x00, 0x00, 0x00, 0x00, 0x00, 0x00, 0x00, 0x00, 0x00,
  0x00, 0x00, 0x00, 0x00, 0x00, 0x00, 0x00, 0x00, 0x00, 0x00, 0x00, 0x00, 0x00, 0x00, 0x00, 0x00,
  0x00, 0x00, 0x01, 0xB5, 0xAE, 0xDF, 0xF0, 0xFF, 0xEB, 0x5B, 0xAD, 0xAB, 0x6D, 0x6F, 0x08, 0xA4,
  0x10, 0x92, 0x44, 0x40, 0x10, 0x00, 0x00, 0x42, 0x49, 0x03, 0xF7, 0x6A, 0xAB, 0xAA, 0xB6, 0xD5,
  0x7D, 0x6E, 0xFA, 0xFF, 0xFF, 0xAA, 0xD5, 0xDB, 0x60, 0x32, 0xAF, 0xDD, 0x83, 0xFF, 0xFF, 0xFF,
  0xDA, 0x80, 0x00, 0x00, 0x00, 0x00, 0x00, 0x00, 0x00, 0x00, 0x00, 0x00, 0x00, 0x00, 0x00, 0x00,
  0x00, 0x00, 0x00, 0x00, 0x00, 0x00, 0x00, 0x00, 0x00, 0x00, 0x00, 0x00, 0x00, 0x00, 0x00, 0x00,
  0x00, 0x00, 0x00, 0x00, 0x00, 0x00, 0x00, 0x00, 0x00, 0x00, 0x00, 0x00, 0x00, 0x00, 0x00, 0x00,
  0x00, 0x00, 0x00, 0x00, 0x00, 0x00, 0x00, 0xDA, 0xF5, 0x6B, 0xF8, 0x7F, 0xF5, 0xAD, 0x76, 0xDD,
  0xB7, 0xBB, 0x80, 0x91, 0x42, 0x04, 0x00, 0x04, 0x40, 0x44, 0x08, 0x00, 0x00, 0x27, 0x5D, 0xDE,
  0xAA, 0xD5, 0x55, 0x57, 0xDF, 0xBB, 0xEF, 0xFF, 0xFF, 0xED, 0x6B, 0x6A, 0xD2, 0x94, 0x5A, 0xB7,
  0x09, 0x7F, 0xFF, 0xFF, 0xF7, 0x80, 0x00, 0x00, 0x00, 0x00, 0x00, 0x00, 0x00, 0x00, 0x00, 0x00,
  0x00, 0x00, 0x00, 0x00, 0x00, 0x00, 0x00, 0x00, 0x00, 0x00, 0x00, 0x00, 0x00, 0x00, 0x00, 0x00,
  0x00, 0x00, 0x00, 0x00, 0x00, 0x00, 0x00, 0x00, 0x00, 0x00, 0x00, 0x00, 0x00, 0x00, 0x00, 0x00,
  0x00, 0x00, 0x00, 0x00, 0x00, 0x00, 0x00, 0x00, 0x00, 0x00, 0x01, 0x57, 0x56, 0xAF, 0xBE, 0x16,
  0xFE, 0xD6, 0xAB, 0x6A, 0xDA, 0xD7, 0xC0, 0x24, 0x10, 0x51, 0x29, 0x00, 0x01, 0x00, 0x21, 0x01,
  0x24, 0x8F, 0xF7, 0x72, 0xAD, 0x5F, 0xDB, 0xBD, 0x75, 0xDE, 0xFF, 0xFF, 0xFF, 0xF4, 0xB6, 0xDB,
  0x44, 0x2A, 0xBB, 0xED, 0x03, 0xBF, 0xFF, 0xFF, 0xFD, 0x00, 0x00, 0x00, 0x00, 0x00, 0x00, 0x00,
  0x00, 0x00, 0x00, 0x00, 0x00, 0x00, 0x00, 0x00, 0x00, 0x00, 0x00, 0x00, 0x00, 0x00, 0x00, 0x00,
  0x00, 0x00, 0x00, 0x00, 0x00, 0x00, 0x00, 0x00, 0x00, 0x00, 0x00, 0x00, 0x00, 0x00, 0x00, 0x00,
  0x00, 0x00, 0x00, 0x00, 0x00, 0x00, 0x00, 0x00, 0x00, 0x00, 0x00, 0x00, 0x00, 0x00, 0x01, 0xBA,
  0xAB, 0xB4, 0xFF, 0x8F, 0xFE, 0xBB, 0xDD, 0xB7, 0x55, 0x6D, 0xE0, 0x12, 0x8A, 0x00, 0x40, 0x42,
  0x04, 0x11, 0x00, 0x00, 0x00, 0x1D, 0x7D, 0xDD, 0x55, 0xB5, 0x7F, 0xEF, 0xDE, 0xFB, 0xFF, 0xF3,
  0xFF, 0xFD, 0xD7, 0x6E, 0xE0, 0x82, 0xAE, 0xB6, 0x02, 0xD7, 0xFF, 0xFF, 0xFF, 0x80, 0x00, 0x00,
  0x00, 0x00, 0x00, 0x00, 0x00, 0x00, 0x00, 0x00, 0x00, 0x00, 0x00, 0x00, 0x00, 0x00, 0x00, 0x00,
  0x00, 0x00, 0x00, 0x00, 0x00, 0x00, 0x00, 0x00, 0x00, 0x00, 0x00, 0x00, 0x00, 0x00, 0x00, 0x00,
  0x00, 0x00, 0x00, 0x00, 0x00, 0x00, 0x00, 0x00, 0x00, 0x00, 0x00, 0x00, 0x00, 0x00, 0x00, 0x00,
  0x00, 0x00, 0x00, 0xD5, 0xDD, 0x5B, 0xF7, 0x83, 0xBF, 0xD5, 0x6A, 0xDA, 0xEF, 0x5A, 0xB0, 0x88,
  0x40, 0x95, 0x05, 0x08, 0x40, 0x40, 0x00, 0x00, 0x92, 0x4F, 0xD7, 0x6B, 0xFB, 0x7F, 0xDA, 0xBA,
  0xEF, 0xFF, 0xFF, 0xFF, 0xFF, 0xFE, 0xBA, 0xD5, 0x48, 0x14, 0x4B, 0xF8, 0x0A, 0xEF, 0xFF, 0xFF,
  0xFF, 0x80, 0x00, 0x00, 0x00, 0x00, 0x00, 0x00, 0x00, 0x00, 0x00, 0x00, 0x00, 0x00, 0x00, 0x00,
  0x00, 0x00, 0x00, 0x00, 0x00, 0x00, 0x00, 0x00, 0x00, 0x00, 0x00, 0x00, 0x00, 0x00, 0x00, 0x00,
  0x00, 0x00, 0x00, 0x00, 0x00, 0x00, 0x00, 0x00, 0x00, 0x00, 0x00, 0x00, 0x00, 0x00, 0x00, 0x00,
  0x00, 0x00, 0x00, 0x00, 0x00, 0x00, 0x01, 0x5A, 0xAA, 0xED, 0x3E, 0xF0, 0xFF, 0xEE, 0xB7, 0x6D,
  0x5A, 0xEF, 0x78, 0x05, 0x29, 0x00, 0x20, 0x20, 0x12, 0x00, 0x02, 0x10, 0x00, 0x17, 0xFF, 0xDD,
  0x56, 0xD5, 0x7F, 0xEF, 0x7F, 0xF7, 0xFF, 0xFD, 0xBF, 0xEA, 0x56, 0xAF, 0x42, 0x89, 0x20, 0x28,
  0x03, 0x5A, 0xFF, 0xFF, 0xFF, 0x80, 0x00, 0x00, 0x00, 0x00, 0x00, 0x00, 0x00, 0x00, 0x00, 0x00,
  0x00, 0x00, 0x00, 0x00, 0x00, 0x00, 0x00, 0x00, 0x00, 0x00, 0x00, 0x00, 0x00, 0x00, 0x00, 0x00,
  0x00, 0x00, 0x00, 0x00, 0x00, 0x00, 0x00, 0x00, 0x00, 0x00, 0x00, 0x00, 0x00, 0x00, 0x00, 0x00,
  0x00, 0x00, 0x00, 0x00, 0x00, 0x00, 0x00, 0x00, 0x00, 0x00, 0x01, 0xAE, 0xED, 0x55, 0xAF, 0xF8,
  0x77, 0xF5, 0xDA, 0xB7, 0x6B, 0x55, 0xAC, 0x02, 0x84, 0x52, 0x08, 0x80, 0x40, 0x02, 0x48, 0x00,
  0x49, 0x4E, 0xFE, 0xF7, 0xEF, 0xFF, 0xD4, 0x75, 0xDF, 0xFD, 0xFF, 0xFF, 0xA7, 0xF4, 0x09, 0x55,
  0x10, 0x24, 0x54, 0x80, 0x0B, 0x77, 0x7F, 0xFF, 0xFF, 0x80, 0x00, 0x00, 0x00, 0x00, 0x00, 0x00,
  0x00, 0x00, 0x00, 0x00, 0x00, 0x00, 0x00, 0x00, 0x00, 0x00, 0x00, 0x00, 0x00, 0x00, 0x00, 0x00,
  0x00, 0x00, 0x00, 0x00, 0x00, 0x00, 0x00, 0x00, 0x00, 0x00, 0x00, 0x00, 0x00, 0x00, 0x00, 0x00,
  0x00, 0x00, 0x00, 0x00, 0x00, 0x00, 0x00, 0x00, 0x00, 0x00, 0x00, 0x00, 0x00, 0x00, 0x00, 0xF5,
  0x57, 0x6D, 0x6B, 0xDE, 0x1E, 0xFE, 0xAD, 0xD5, 0xB5, 0xBA, 0xF6, 0x00, 0x50, 0x04, 0x42, 0x12,
  0x08, 0x10, 0x00, 0x01, 0x00, 0x1F, 0xDB, 0xDD, 0x7D, 0x55, 0x7F, 0xDF, 0xFD, 0xEF, 0xFF, 0xFF,
  0xFB, 0xA2, 0x62, 0x6D, 0x24, 0x91, 0x00, 0x2C, 0x42, 0xDA, 0xAF, 0xFF, 0xFF, 0x80, 0x00, 0x00,
  0x00, 0x00, 0x00, 0x00, 0x00, 0x00, 0x00, 0x00, 0x00, 0x00, 0x00, 0x00, 0x00, 0x00, 0x00, 0x00,
  0x00, 0x00, 0x00, 0x00, 0x00, 0x00, 0x00, 0x00, 0x00, 0x00, 0x00, 0x00, 0x00, 0x00, 0x00, 0x00,
  0x00, 0x00, 0x00, 0x00, 0x00, 0x00, 0x00, 0x00, 0x00, 0x00, 0x00, 0x00, 0x00, 0x00, 0x00, 0x00,
  0x00, 0x00, 0x01, 0x56, 0xDA, 0xB6, 0xDD, 0xFB, 0x0F, 0xFE, 0xD6, 0xBA, 0xDE, 0xD7, 0x5B, 0x09,
  0x25, 0x48, 0x10, 0x88, 0x20, 0x80, 0x00, 0x40, 0x28, 0x9F, 0xFF, 0xFF, 0xAF, 0xFF, 0xFF, 0xFE,
  0xDF, 0xFB, 0xFE, 0xFF, 0xFD, 0xCA, 0x49, 0x3A, 0x82, 0x04, 0xAA, 0x46, 0x87, 0xB7, 0xF7, 0xFF,
  0xFF, 0x80, 0x00, 0x00, 0x00, 0x00, 0x00, 0x00, 0x00, 0x00, 0x00, 0x00, 0x00, 0x00, 0x00, 0x00,
  0x00, 0x00, 0x00, 0x00, 0x00, 0x00, 0x00, 0x00, 0x00, 0x00, 0x00, 0x00, 0x00, 0x00, 0x00, 0x00,
  0x00, 0x00, 0x00, 0x00, 0x00, 0x00, 0x00, 0x00, 0x00, 0x00, 0x00, 0x00, 0x00, 0x00, 0x00, 0x00,
  0x00, 0x00, 0x00, 0x00, 0x00, 0x00, 0x01, 0xAB, 0x6B, 0x5B, 0x6B, 0x7F, 0xC3, 0xDF, 0xBB, 0x57,
  0x6B, 0x6D, 0xAE, 0x80, 0x41, 0x02, 0x8A, 0x20, 0x82, 0x00, 0x20, 0x04, 0x02, 0x5D, 0x7F, 0xF0,
  0x17, 0xFF, 0xFF, 0xFF, 0xEF, 0xFF, 0xF7, 0xFF, 0xF7, 0xA1, 0x20, 0x9D, 0x28, 0xA2, 0x00, 0x17,
  0x12, 0xDD, 0x5B, 0xFF, 0xFF, 0x80, 0x00, 0x00, 0x00, 0x00, 0x00, 0x00, 0x00, 0x00, 0x00, 0x00,
  0x00, 0x00, 0x00, 0x00, 0x00, 0x00, 0x00, 0x00, 0x00, 0x00, 0x00, 0x00, 0x00, 0x00, 0x00, 0x00,
  0x00, 0x00, 0x00, 0x00, 0x00, 0x00, 0x00, 0x00, 0x00, 0x00, 0x00, 0x00, 0x00, 0x00, 0x00, 0x00,
  0x00, 0x00, 0x00, 0x00, 0x00, 0x00, 0x00, 0x00, 0x00, 0x00, 0x00, 0xDD, 0xB5, 0xEA, 0xAD, 0xBF,
  0xE0, 0xFF, 0xD5, 0xED, 0x55, 0xB6, 0xF5, 0xC0, 0x2C, 0x50, 0x20, 0x82, 0x00, 0x12, 0x04, 0x00,
  0x48, 0x1D, 0xDF, 0x78, 0x05, 0xFF, 0xFD, 0xF6, 0xBF, 0xEF, 0xFF, 0xBB, 0xF5, 0x48, 0x0A, 0xBF,
  0x84, 0x10, 0x95, 0x4A, 0xE7, 0x76, 0xDD, 0x7F, 0xFF, 0x80, 0x00, 0x00, 0x00, 0x00, 0x00, 0x00,
  0x00, 0x00, 0x00, 0x00, 0x00, 0x00, 0x00, 0x00, 0x00, 0x00, 0x00, 0x00, 0x00, 0x00, 0x00, 0x00,
  0x00, 0x00, 0x00, 0x00, 0x00, 0x00, 0x00, 0x00, 0x00, 0x00, 0x00, 0x00, 0x00, 0x00, 0x00, 0x00,
  0x00, 0x00, 0x00, 0x00, 0x00, 0x00, 0x00, 0x00, 0x00, 0x00, 0x00, 0x00, 0x00, 0x00, 0x01, 0x6A,
  0xAE, 0xAD, 0xB6, 0xD7, 0x78, 0x77, 0xFD, 0x56, 0xFA, 0xDB, 0x5E, 0xE0, 0x11, 0x05, 0x48, 0x10,
  0x20, 0x40, 0x00, 0x20, 0x00, 0x9E, 0xF5, 0xF8, 0x5C, 0xFD, 0x77, 0xFF, 0xDF, 0xFF, 0xBA, 0x9E,
  0xFB, 0xEA, 0xA2, 0x77, 0xF2, 0xCA, 0x20, 0x3F, 0x6A, 0xDB, 0x6B, 0xBF, 0xFF, 0x80, 0x00, 0x00,
  0x00, 0x00, 0x00, 0x00, 0x00, 0x00, 0x00, 0x00, 0x00, 0x00, 0x00, 0x00, 0x00, 0x00, 0x00, 0x00,
  0x00, 0x00, 0x00, 0x00, 0x00, 0x00, 0x00, 0x00, 0x00, 0x00, 0x00, 0x00, 0x00, 0x00, 0x00, 0x00,
  0x00, 0x00, 0x00, 0x00, 0x00, 0x00, 0x00, 0x00, 0x00, 0x00, 0x00, 0x00, 0x00, 0x00, 0x00, 0x00,
  0x00, 0x00, 0x01, 0xB6, 0xD5, 0x76, 0xDB, 0x6D, 0xFE, 0x1F, 0xFB, 0x7B, 0x4F, 0x6D, 0xAB, 0x58,
  0x04, 0xA8, 0x02, 0x41, 0x08, 0x00, 0x91, 0x02, 0x52, 0x55, 0xBF, 0xF2, 0xBE, 0xF7, 0x33, 0xDB,
  0x7F, 0xFB, 0xFD, 0x67, 0x3F, 0x74, 0x1B, 0xFD, 0xBD, 0x29, 0x15, 0x52, 0x87, 0x6D, 0xBD, 0xDF,
  0xFF, 0x80, 0x00, 0x00, 0x00, 0x00, 0x00, 0x00, 0x00, 0x00, 0x00, 0x00, 0x00, 0x00, 0x00, 0x00,
  0x00, 0x00, 0x00, 0x00, 0x00, 0x00, 0x00, 0x00, 0x00, 0x00, 0x00, 0x00, 0x00, 0x00, 0x00, 0x00,
  0x00, 0x00, 0x00, 0x00, 0x00, 0x00, 0x00, 0x00, 0x00, 0x00, 0x00, 0x00, 0x00, 0x00, 0x00, 0x00,
  0x00, 0x00, 0x00, 0x00, 0x00, 0x00, 0x00, 0xDB, 0x6E, 0xD5, 0x6D, 0xB7, 0xFB, 0x0E, 0xFE, 0xAA,
  0xF5, 0x56, 0xF5, 0xB4, 0x12, 0x02, 0x48, 0x14, 0x04, 0x08, 0x00, 0x00, 0x00, 0x9E, 0xEF, 0xBB,
  0x1F, 0xFC, 0x53, 0xF5, 0x2F, 0xDF, 0xD2, 0x94, 0x97, 0xBA, 0xAA, 0xDF, 0x74, 0x8A, 0x80, 0xED,
  0x0B, 0xB6, 0xD6, 0xEB, 0xFF, 0x80, 0x00, 0x00, 0x00, 0x00, 0x00, 0x00, 0x00, 0x00, 0x00, 0x00,
  0x00, 0x00, 0x00, 0x00, 0x00, 0x00, 0x00, 0x00, 0x00, 0x00, 0x00, 0x00, 0x00, 0x00, 0x00, 0x00,
  0x00, 0x00, 0x00, 0x00, 0x00, 0x00, 0x00, 0x00, 0x00, 0x00, 0x00, 0x00, 0x00, 0x00, 0x00, 0x00,
  0x00, 0x00, 0x00, 0x00, 0x00, 0x00, 0x00, 0x00, 0x00, 0x00, 0x01, 0x55, 0x55, 0xBB, 0xB6, 0xDA,
  0xBF, 0xC3, 0xFF, 0xDD, 0x9B, 0xBB, 0x5E, 0xDA, 0x01, 0x50, 0x21, 0x00, 0xA0, 0x81, 0x00, 0x10,
  0x48, 0x5B, 0xBD, 0xEA, 0xFD, 0xFE, 0x4B, 0x94, 0x9F, 0xFD, 0x25, 0x29, 0x2D, 0xDB, 0x57, 0xF5,
  0xDE, 0x60, 0x56, 0xB4, 0x16, 0xDB, 0xFB, 0x7E, 0xFF, 0x80, 0x00, 0x00, 0x00, 0x00, 0x00, 0x00,
  0x00, 0x00, 0x00, 0x00, 0x00, 0x00, 0x00, 0x00, 0x00, 0x00, 0x00, 0x00, 0x00, 0x00, 0x00, 0x00,
  0x00, 0x00, 0x00, 0x00, 0x00, 0x00, 0x00, 0x00, 0x00, 0x00, 0x00, 0x00, 0x00, 0x00, 0x00, 0x00,
  0x00, 0x00, 0x00, 0x00, 0x00, 0x00, 0x00, 0x00, 0x00, 0x00, 0x00, 0x00, 0x00, 0x00, 0x01, 0xB6,
  0xDB, 0x56, 0xAB, 0x6F, 0x7F, 0xE0, 0xDF, 0xEA, 0xED, 0x6D, 0x6B, 0x6D, 0x00, 0x8A, 0x84, 0x48,
  0x04, 0x00, 0x22, 0x00, 0x22, 0x9E, 0xFF, 0x5A, 0x17, 0xFE, 0x95, 0xD1, 0x2F, 0xFA, 0x8A, 0xA5,
  0x0F, 0x74, 0xFF, 0x7F, 0x6B, 0x16, 0x2B, 0x50, 0x0D, 0xBE, 0xAF, 0xAB, 0xFF, 0x80, 0x00, 0x00,
  0x00, 0x00, 0x00, 0x00, 0x00, 0x00, 0x00, 0x00, 0x00, 0x00, 0x00, 0x00, 0x00, 0x00, 0x00, 0x00,
  0x00, 0x00, 0x00, 0x00, 0x00, 0x00, 0x00, 0x00, 0x00, 0x00, 0x00, 0x00, 0x00, 0x00, 0x00, 0x00,
  0x00, 0x00, 0x00, 0x00, 0x00, 0x00, 0x00, 0x00, 0x00, 0x00, 0x00, 0x00, 0x00, 0x00, 0x00, 0x00,
  0x00, 0x00, 0x00, 0xDB, 0x6D, 0xED, 0xBD, 0xB5, 0xAB, 0x78, 0x7B, 0xF7, 0x55, 0xB5, 0xAD, 0xB7,
  0x02, 0x24, 0x21, 0x02, 0x41, 0x20, 0x80, 0x40, 0x80, 0x57, 0xB6, 0xBD, 0x55, 0xF4, 0x57, 0xCC,
  0x57, 0xF6, 0x55, 0xD4, 0xAE, 0xD2, 0x6D, 0xD5, 0xBD, 0x81, 0xDD, 0xA0, 0x2E, 0xEB, 0xFA, 0xFF,
  0xBF, 0x80, 0x00, 0x00, 0x00, 0x00, 0x00, 0x00, 0x00, 0x00, 0x00, 0x00, 0x00, 0x00, 0x00, 0x00,
  0x00, 0x00, 0x00, 0x00, 0x00, 0x00, 0x00, 0x00, 0x00, 0x00, 0x00, 0x00, 0x00, 0x00, 0x00, 0x00,
  0x00, 0x00, 0x00, 0x00, 0x00, 0x00, 0x00, 0x00, 0x00, 0x00, 0x00, 0x00, 0x00, 0x00, 0x00, 0x00,
  0x00, 0x00, 0x00, 0x00, 0x00, 0x00, 0x01, 0x6A, 0xB6, 0xB6, 0xD5, 0x6E, 0xDF, 0xFE, 0x1F, 0xFD,
  0x6E, 0xD6, 0xF5, 0x5A, 0xC0, 0x51, 0x48, 0x20, 0x10, 0x08, 0x00, 0x02, 0x4A, 0xBE, 0xDC, 0x7D,
  0x2B, 0xF2, 0xAB, 0xAA, 0x8F, 0x7D, 0x2A, 0xA5, 0x1B, 0xF9, 0x3F, 0xFB, 0xD5, 0x00, 0x24, 0x00,
  0x97, 0xBE, 0xAF, 0xFD, 0xFF, 0x80, 0x00, 0x00, 0x00, 0x00, 0x00, 0x00, 0x00, 0x00, 0x00, 0x00,
  0x00, 0x00, 0x00, 0x00, 0x00, 0x00, 0x00, 0x00, 0x00, 0x00, 0x00, 0x00, 0x00, 0x00, 0x00, 0x00,
  0x00, 0x00, 0x00, 0x00, 0x00, 0x00, 0x00, 0x00, 0x00, 0x00, 0x00, 0x00, 0x00, 0x00, 0x00, 0x00,
  0x00, 0x00, 0x00, 0x00, 0x00, 0x00, 0x00, 0x00, 0x00, 0x00, 0x01, 0xAD, 0xAB, 0x5B, 0x56, 0xDB,
  0x6A, 0xF7, 0x0F, 0x7E, 0xB5, 0x6D, 0x56, 0xED, 0xC0, 0x08, 0x02, 0x49, 0x04, 0x42, 0x08, 0x00,
  0x10, 0x57, 0xF9, 0x7E, 0x57, 0xE8, 0xAD, 0xE0, 0x56, 0xBB, 0x9D, 0x2A, 0x8F, 0x54, 0x9A, 0xAE,
  0xE8, 0x00, 0x01, 0x00, 0x1A, 0xEB, 0xFD, 0xAF, 0xFF, 0x80, 0x00, 0x00, 0x00, 0x00, 0x00, 0x00,
  0x00, 0x00, 0x00, 0x00, 0x00, 0x00, 0x00, 0x00, 0x00, 0x00, 0x00, 0x00, 0x00, 0x00, 0x00, 0x00,
  0x00, 0x00, 0x00, 0x00, 0x00, 0x00, 0x00, 0x00, 0x00, 0x00, 0x00, 0x00, 0x00, 0x00, 0x00, 0x00,
  0x00, 0x00, 0x00, 0x00, 0x00, 0x00, 0x00, 0x00, 0x00, 0x00, 0x00, 0x00, 0x00, 0x00, 0x00, 0xB6,
  0xDD, 0xAD, 0x7B, 0x6A, 0xDB, 0x7F, 0xC3, 0xFF, 0xDB, 0xB7, 0xBB, 0x56, 0xB0, 0x05, 0x51, 0x00,
  0x41, 0x00, 0x20, 0x90, 0x82, 0xBA, 0xA2, 0x6D, 0x2F, 0xD5, 0xB7, 0xF5, 0x4E, 0xB7, 0xE6, 0x9D,
  0x5D, 0xE1, 0x2F, 0xD5, 0x00, 0x00, 0x00, 0x00, 0x5F, 0xBF, 0x77, 0xFF, 0xEF, 0x80, 0x00, 0x00,
  0x00, 0x00, 0x00, 0x00, 0x00, 0x00, 0x00, 0x00, 0x00, 0x00, 0x00, 0x00, 0x00, 0x00, 0x00, 0x00,
  0x00, 0x00, 0x00, 0x00, 0x00, 0x00, 0x00, 0x00, 0x00, 0x00, 0x00, 0x00, 0x00, 0x00, 0x00, 0x00,
  0x00, 0x00, 0x00, 0x00, 0x00, 0x00, 0x00, 0x00, 0x00, 0x00, 0x00, 0x00, 0x00, 0x00, 0x00, 0x00,
  0x00, 0x00, 0x01, 0xDA, 0xAA, 0xF5, 0xAA, 0xB7, 0x6D, 0xBE, 0xE1, 0xDF, 0xED, 0x5A, 0xD5, 0xBB,
  0x78, 0x12, 0x28, 0x25, 0x10, 0x12, 0x00, 0x00, 0xA1, 0x6F, 0xD0, 0xFC, 0xBF, 0xC3, 0xDA, 0xFA,
  0x4D, 0xBD, 0xF9, 0x55, 0x9F, 0x54, 0x45, 0x40, 0x00, 0x00, 0x00, 0x02, 0x1A, 0xFB, 0xFF, 0xFF,
  0xBF, 0x80, 0x00, 0x00, 0x00, 0x00, 0x00, 0x00, 0x00, 0x00, 0x00, 0x00, 0x00, 0x00, 0x00, 0x00,
  0x00, 0x00, 0x00, 0x00, 0x00, 0x00, 0x00, 0x00, 0x00, 0x00, 0x00, 0x00, 0x00, 0x00, 0x00, 0x00,
  0x00, 0x00, 0x00, 0x00, 0x00, 0x00, 0x00, 0x00, 0x00, 0x00, 0x00, 0x00, 0x00, 0x00, 0x00, 0x00,
  0x00, 0x00, 0x00, 0x00, 0x00, 0x00, 0x01, 0xD5, 0xB7, 0x56, 0xD7, 0x5A, 0xB6, 0xD7, 0xF8, 0x7B,
  0xF5, 0xAA, 0xB6, 0xD5, 0xAC, 0x01, 0x42, 0x00, 0x04, 0x80, 0x80, 0x00, 0x08, 0xB5, 0x0A, 0xFD,
  0x5F, 0xA9, 0xAF, 0xF9, 0x2A, 0xFE, 0xF6, 0xB1, 0xB5, 0xD6, 0x9F, 0x70, 0x04, 0x22, 0x00, 0x08,
  0x5F, 0xEF, 0xDF, 0xFD, 0xFF, 0x80, 0x00, 0x00, 0x00, 0x00, 0x00, 0x00, 0x00, 0x00, 0x00, 0x00,
  0x00, 0x00, 0x00, 0x00, 0x00, 0x00, 0x00, 0x00, 0x00, 0x00, 0x00, 0x00, 0x00, 0x00, 0x00, 0x00,
  0x00, 0x00, 0x00, 0x00, 0x00, 0x00, 0x00, 0x00, 0x00, 0x00, 0x00, 0x00, 0x00, 0x00, 0x00, 0x00,
  0x00, 0x00, 0x00, 0x00, 0x00, 0x00, 0x00, 0x00, 0x00, 0x00, 0x01, 0xF6, 0xDA, 0xBB, 0x6D, 0xED,
  0xDB, 0x5B, 0xFE, 0x1F, 0xFE, 0xEF, 0x5B, 0x6E, 0xD7, 0x00, 0x11, 0x54, 0xA0, 0x12, 0x12, 0x20,
  0x82, 0x6E, 0x42, 0xFA, 0x5F, 0xA2, 0xBB, 0xF2, 0xD5, 0xFF, 0xFD, 0x4A, 0x3F, 0x55, 0x2A, 0xD0,
  0x00, 0x00, 0x00, 0x00, 0xBF, 0xFE, 0xFE, 0xFF, 0xFF, 0x80, 0x00, 0x00, 0x00, 0x00, 0x00, 0x00,
  0x00, 0x00, 0x00, 0x00, 0x00, 0x00, 0x00, 0x00, 0x00, 0x00, 0x00, 0x00, 0x00, 0x00, 0x00, 0x00,
  0x00, 0x00, 0x00, 0x00, 0x00, 0x00, 0x00, 0x00, 0x00, 0x00, 0x00, 0x00, 0x00, 0x00, 0x00, 0x00,
  0x00, 0x00, 0x00, 0x00, 0x00, 0x00, 0x00, 0x00, 0x00, 0x00, 0x00, 0x00, 0x00, 0x00, 0x01, 0xFB,
  0x6D, 0xD5, 0x55, 0x36, 0xAD, 0x6D, 0xDE, 0x0F, 0x7D, 0x55, 0xED, 0xB5, 0x7B, 0x02, 0xA4, 0x00,
  0x04, 0x40, 0x00, 0x04, 0x24, 0xF4, 0x1D, 0xFA, 0xBF, 0xA9, 0x6D, 0xE9, 0xD2, 0xFF, 0xFE, 0xA9,
  0x5B, 0x4D, 0x3B, 0xBC, 0x40, 0x00, 0x11, 0x00, 0x3F, 0xFF, 0xFF, 0xFF, 0xFF, 0x80, 0x00, 0x00,
  0x00, 0x00, 0x00, 0x00, 0x00, 0x00, 0x00, 0x00, 0x00, 0x00, 0x00, 0x00, 0x00, 0x00, 0x00, 0x00,
  0x00, 0x00, 0x00, 0x00, 0x00, 0x00, 0x00, 0x00, 0x00, 0x00, 0x00, 0x00, 0x00, 0x00, 0x00, 0x00,
  0x00, 0x00, 0x00, 0x00, 0x00, 0x00, 0x00, 0x00, 0x00, 0x00, 0x00, 0x00, 0x00, 0x00, 0x00, 0x00,
  0x00, 0x00, 0x01, 0xFE, 0xAA, 0xAD, 0xBB, 0xD5, 0x75, 0xAA, 0xFB, 0xC3, 0xFF, 0xBA, 0xAA, 0xDB,
  0xAD, 0xC0, 0x09, 0x52, 0x91, 0x0C, 0x44, 0x80, 0x01, 0x51, 0x5C, 0xF5, 0x7F, 0x55, 0xBB, 0xEB,
  0xCA, 0xFD, 0x75, 0x0A, 0xFE, 0xC0, 0xED, 0x6B, 0x00, 0x80, 0x40, 0x01, 0x3F, 0xF7, 0xFF, 0xFF,
  0xFF, 0x80, 0x00, 0x00, 0x00, 0x00, 0x00, 0x00, 0x00, 0x00, 0x00, 0x00, 0x00, 0x00, 0x00, 0x00,
  0x00, 0x00, 0x00, 0x00, 0x00, 0x00, 0x00, 0x00, 0x00, 0x00, 0x00, 0x00, 0x00, 0x00, 0x00, 0x00,
  0x00, 0x00, 0x00, 0x00, 0x00, 0x00, 0x00, 0x00, 0x00, 0x00, 0x00, 0x00, 0x00, 0x00, 0x00, 0x00,
  0x00, 0x00, 0x00, 0x00, 0x00, 0x00, 0x01, 0xFF, 0xB7, 0x76, 0xD5, 0x5B, 0xAE, 0xDD, 0x5F, 0xE1,
  0xEF, 0xD6, 0xB7, 0x6D, 0x6A, 0xE0, 0x24, 0x08, 0x00, 0x20, 0x00, 0x00, 0x49, 0xA8, 0xAA, 0xEA,
  0xDF, 0x2A, 0xD7, 0xF3, 0x26, 0x7D, 0x94, 0xC4, 0xB7, 0x6B, 0xB6, 0xDD, 0x04, 0x04, 0x00, 0x10,
  0xBF, 0xFF, 0xFF, 0xFF, 0xFF, 0x80, 0x00, 0x00, 0x00, 0x00, 0x00, 0x00, 0x00, 0x00, 0x00, 0x00,
  0x00, 0x00, 0x00, 0x00, 0x00, 0x00, 0x00, 0x00, 0x00, 0x00, 0x00, 0x00, 0x00, 0x00, 0x00, 0x00,
  0x00, 0x00, 0x00, 0x00, 0x00, 0x00, 0x00, 0x00, 0x00, 0x00, 0x00, 0x00, 0x00, 0x00, 0x00, 0x00,
  0x00, 0x00, 0x00, 0x00, 0x00, 0x00, 0x00, 0x00, 0x00, 0x00, 0x01, 0xFF, 0xDA, 0xAB, 0x6E, 0xAD,
  0x55, 0x6B, 0x6F, 0xB8, 0x7F, 0xFB, 0xDA, 0xB6, 0xDF, 0x30, 0x02, 0xA2, 0x49, 0x01, 0x10, 0x24,
  0x02, 0xC2, 0x55, 0x6E, 0xBF, 0xC6, 0xEF, 0xE7, 0x5B, 0x7E, 0xD2, 0x2A, 0xFA, 0xAD, 0x5B, 0x6A,
  0x00, 0x00, 0x00, 0x02, 0x7F, 0xFF, 0xFF, 0xFF, 0xFF, 0x80, 0x00, 0x00, 0x00, 0x00, 0x00, 0x00,
  0x00, 0x00, 0x00, 0x00, 0x00, 0x00, 0x00, 0x00, 0x00, 0x00, 0x00, 0x00, 0x00, 0x00, 0x00, 0x00,
  0x00, 0x00, 0x00, 0x00, 0x00, 0x00, 0x00, 0x00, 0x00, 0x00, 0x00, 0x00, 0x00, 0x00, 0x00, 0x00,
  0x00, 0x00, 0x00, 0x00, 0x00, 0x00, 0x00, 0x00, 0x00, 0x00, 0x00, 0x00, 0x00, 0x00, 0x01, 0xFF,
  0xEB, 0x6D, 0x55, 0xD5, 0xBB, 0xAD, 0xB7, 0xFE, 0x3B, 0xFC, 0xAD, 0xDB, 0x69, 0xD8, 0x08, 0x90,
  0x10, 0x48, 0x42, 0x00, 0x11, 0xA4, 0x22, 0x97, 0x7F, 0xEA, 0xBF, 0xCA, 0x8D, 0xFF, 0xA5, 0x51,
  0xDF, 0xDB, 0xED, 0xB7, 0x00, 0x10, 0x01, 0x00, 0xBF, 0xFF, 0xDF, 0xEF, 0xFF, 0x80, 0x00, 0x00,
  0x00, 0x00, 0x00, 0x00, 0x00, 0x00, 0x00, 0x00, 0x00, 0x00, 0x00, 0x00, 0x00, 0x00, 0x00, 0x00,
  0x00, 0x00, 0x00, 0x00, 0x00, 0x00, 0x00, 0x00, 0x00, 0x00, 0x00, 0x00, 0x00, 0x00, 0x00, 0x00,
  0x00, 0x00, 0x00, 0x00, 0x00, 0x00, 0x00, 0x00, 0x00, 0x00, 0x00, 0x00, 0x00, 0x00, 0x00, 0x00,
  0x00, 0x00, 0x01, 0xFF, 0xFD, 0xB5, 0xBA, 0xBA, 0xD5, 0x6A, 0xD5, 0xFF, 0x0F, 0xFF, 0x76, 0xAD,
  0xB6, 0xB6, 0x02, 0x45, 0x42, 0x01, 0x00, 0x02, 0x44, 0xC2, 0xAA, 0x5B, 0xFF, 0xA9, 0xDE, 0xD6,
  0x57, 0xFB, 0xD2, 0xA5, 0x75, 0xFE, 0xB6, 0xDA, 0x00, 0x80, 0x44, 0x02, 0x7F, 0xFF, 0xFF, 0xFF,
  0xFF, 0x80, 0x00, 0x00, 0x00, 0x00, 0x00, 0x00, 0x00, 0x00, 0x00, 0x00, 0x00, 0x00, 0x00, 0x00,
  0x00, 0x00, 0x00, 0x00, 0x00, 0x00, 0x00, 0x00, 0x00, 0x00, 0x00, 0x00, 0x00, 0x00, 0x00, 0x00,
  0x00, 0x00, 0x00, 0x00, 0x00, 0x00, 0x00, 0x00, 0x00, 0x00, 0x00, 0x00, 0x00, 0x00, 0x00, 0x00,
  0x00, 0x00, 0x00, 0x00, 0x00, 0x00, 0x01, 0xDD, 0xFD, 0x56, 0xD6, 0xD7, 0x6E, 0xB7, 0x5A, 0xED,
  0xC7, 0x7F, 0xAB, 0x75, 0x5B, 0x6F, 0x00, 0x20, 0x10, 0x90, 0x08, 0x90, 0x03, 0x69, 0x55, 0x6F,
  0xDB, 0xBA, 0xAF, 0xA2, 0x9B, 0xD7, 0x69, 0x0B, 0xEE, 0xAB, 0xBB, 0x58, 0x22, 0x01, 0x00, 0x11,
  0x7F, 0xFF, 0xFF, 0xFF, 0xFF, 0x80, 0x00, 0x00, 0x00, 0x00, 0x00, 0x00, 0x00, 0x00, 0x00, 0x00,
  0x00, 0x00, 0x00, 0x00, 0x00, 0x00, 0x00, 0x00, 0x00, 0x00, 0x00, 0x00, 0x00, 0x00, 0x00, 0x00,
  0x00, 0x00, 0x00, 0x00, 0x00, 0x00, 0x00, 0x00, 0x00, 0x00, 0x00, 0x00, 0x00, 0x00, 0x00, 0x00,
  0x00, 0x00, 0x00, 0x00, 0x00, 0x00, 0x00, 0x00, 0x00, 0x00, 0x01, 0xFF, 0xFF, 0x6B, 0x5B, 0x5A,
  0xB5, 0xDA, 0xAD, 0x5F, 0xE1, 0xEF, 0xDD, 0x56, 0xED, 0xB5, 0x81, 0x15, 0x44, 0x04, 0x20, 0x00,
  0x89, 0x24, 0x45, 0x7F, 0xA7, 0xBD, 0x7B, 0x16, 0xEF, 0xC5, 0xAA, 0x55, 0xBA, 0xFD, 0x55, 0xB0,
  0x00, 0x00, 0x00, 0x02, 0xFF, 0xFF, 0xFD, 0xFF, 0xFF, 0x80, 0x00, 0x00, 0x00, 0x00, 0x00, 0x00,
  0x00, 0x00, 0x00, 0x00, 0x00, 0x00, 0x00, 0x00, 0x00, 0x00, 0x00, 0x00, 0x00, 0x00, 0x00, 0x00,
  0x00, 0x00, 0x00, 0x00, 0x00, 0x00, 0x00, 0x00, 0x00, 0x00, 0x00, 0x00, 0x00, 0x00, 0x00, 0x00,
  0x00, 0x00, 0x00, 0x00, 0x00, 0x00, 0x00, 0x00, 0x00, 0x00, 0x00, 0x00, 0x00, 0x00, 0x01, 0xFF,
  0xFF, 0xDD, 0x6A, 0xAB, 0x56, 0xAD, 0xF7, 0x7F, 0xB8, 0x7F, 0xF5, 0xBB, 0x56, 0xDA, 0xE0, 0x20,
  0x12, 0x40, 0x82, 0x04, 0x02, 0x91, 0x2A, 0xFF, 0x55, 0xEA, 0xAA, 0x8D, 0x2F, 0xF5, 0x55, 0x45,
  0xEF, 0x6B, 0xED, 0x42, 0x00, 0x00, 0x00, 0x01, 0xFF, 0xFF, 0xFF, 0xFF, 0xFF, 0x80, 0x00, 0x00,
  0x00, 0x00, 0x00, 0x00, 0x00, 0x00, 0x00, 0x00, 0x00, 0x00, 0x00, 0x00, 0x00, 0x00, 0x00, 0x00,
  0x00, 0x00, 0x00, 0x00, 0x00, 0x00, 0x00, 0x00, 0x00, 0x00, 0x00, 0x00, 0x00, 0x00, 0x00, 0x00,
  0x00, 0x00, 0x00, 0x00, 0x00, 0x00, 0x00, 0x00, 0x00, 0x00, 0x00, 0x00, 0x00, 0x00, 0x00, 0x00,
  0x00, 0x00, 0x01, 0xB7, 0xFF, 0xE5, 0xAD, 0xED, 0xBB, 0x76, 0x95, 0x95, 0xFE, 0x3D, 0xFA, 0xD5,
  0xBB, 0x6D, 0xA8, 0x0A, 0xA0, 0x28, 0x00, 0x41, 0x04, 0x94, 0xAB, 0xEE, 0xAB, 0x6F, 0xB5, 0xC5,
  0x5A, 0xEA, 0xDB, 0xAB, 0xBA, 0xBD, 0x5A, 0x40, 0x10, 0x10, 0x01, 0x15, 0xFF, 0xFF, 0xFF, 0xBF,
  0xFF, 0x80, 0x00, 0x00, 0x00, 0x00, 0x00, 0x00, 0x00, 0x00, 0x00, 0x00, 0x00, 0x00, 0x00, 0x00,
  0x00, 0x00, 0x00, 0x00, 0x00, 0x00, 0x00, 0x00, 0x00, 0x00, 0x00, 0x00, 0x00, 0x00, 0x00, 0x00,
  0x00, 0x00, 0x00, 0x00, 0x00, 0x00, 0x00, 0x00, 0x00, 0x00, 0x00, 0x00, 0x00, 0x00, 0x00, 0x00,
  0x00, 0x00, 0x00, 0x00, 0x00, 0x00, 0x01, 0xFF, 0x77, 0xFA, 0xB6, 0xB6, 0xD5, 0xAA, 0xED, 0x6B,
  0xFF, 0x0F, 0xFF, 0x6E, 0xD5, 0xB6, 0xB0, 0x01, 0x0A, 0x82, 0x24, 0x04, 0x02, 0x82, 0xAB, 0xFF,
  0x5E, 0xB5, 0x50, 0xD0, 0x5F, 0xF5, 0xCF, 0xC7, 0xED, 0xD7, 0x68, 0x00, 0x00, 0x81, 0x10, 0x02,
  0xFF, 0xFF, 0xFF, 0xFF, 0xBF, 0x80, 0x00, 0x00, 0x00, 0x00, 0x00, 0x00, 0x00, 0x00, 0x00, 0x00,
  0x00, 0x00, 0x00, 0x00, 0x00, 0x00, 0x00, 0x00, 0x00, 0x00, 0x00, 0x00, 0x00, 0x00, 0x00, 0x00,
  0x00, 0x00, 0x00, 0x00, 0x00, 0x00, 0x00, 0x00, 0x00, 0x00, 0x00, 0x00, 0x00, 0x00, 0x00, 0x00,
  0x00, 0x00, 0x00, 0x00, 0x00, 0x00, 0x00, 0x00, 0x00, 0x00, 0x01, 0xFD, 0xFF, 0xFE, 0xD5, 0x55,
  0x5A, 0xDB, 0x56, 0xB5, 0x77, 0xC7, 0xFF, 0xB5, 0x6E, 0xAB, 0x6E, 0x04, 0x40, 0x10, 0x80, 0x10,
  0x11, 0x29, 0x5F, 0xDE, 0xAB, 0xFD, 0xA4, 0xEA, 0x05, 0xFC, 0xEF, 0xB5, 0x7B, 0x2D, 0xB4, 0x08,
  0x82, 0x00, 0x00, 0x0B, 0xFF, 0xFF, 0xFF, 0xFB, 0xFF, 0x80, 0x00, 0x00, 0x00, 0x00, 0x00, 0x00,
  0x00, 0x00, 0x00, 0x00, 0x00, 0x00, 0x00, 0x00, 0x00, 0x00, 0x00, 0x00, 0x00, 0x00, 0x00, 0x00,
  0x00, 0x00, 0x00, 0x00, 0x00, 0x00, 0x00, 0x00, 0x00, 0x00, 0x00, 0x00, 0x00, 0x00, 0x00, 0x00,
  0x00, 0x00, 0x00, 0x00, 0x00, 0x00, 0x00, 0x00, 0x00, 0x00, 0x00, 0x00, 0x00, 0x00, 0x00, 0xB7,
  0xFF, 0xFF, 0x5B, 0xB6, 0xEF, 0x6D, 0x6B, 0x5B, 0xBE, 0xE1, 0xBF, 0xD7, 0xB5, 0xB5, 0xB5, 0x01,
  0x2A, 0x84, 0x01, 0x00, 0x05, 0x05, 0xAF, 0xF7, 0x57, 0xEA, 0x00, 0xA2, 0x8A, 0x5F, 0xD3, 0xDF,
  0xDD, 0x9A, 0xD0, 0x00, 0x00, 0x00, 0x00, 0x45, 0xFF, 0xFF, 0xFF, 0xFF, 0xFF, 0x80, 0x00, 0x00,
  0x00, 0x00, 0x00, 0x00, 0x00, 0x00, 0x00, 0x00, 0x00, 0x00, 0x00, 0x00, 0x00, 0x00, 0x00, 0x00,
  0x00, 0x00, 0x00, 0x00, 0x00, 0x00, 0x00, 0x00, 0x00, 0x00, 0x00, 0x00, 0x00, 0x00, 0x00, 0x00,
  0x00, 0x00, 0x00, 0x00, 0x00, 0x00, 0x00, 0x00, 0x00, 0x00, 0x00, 0x00, 0x00, 0x00, 0x00, 0x00,
  0x00, 0x00, 0x00, 0xFF, 0xEF, 0xFF, 0xAD, 0x5B, 0x55, 0x55, 0xBA, 0xED, 0x5F, 0xF8, 0xF7, 0xFA,
  0xAD, 0x5E, 0xDB, 0xA0, 0x00, 0x41, 0x24, 0x24, 0x40, 0x12, 0xBB, 0xDD, 0x57, 0xF8, 0x48, 0xE9,
  0x24, 0x58, 0xBF, 0x6B, 0x6A, 0x57, 0x40, 0x20, 0x00, 0x04, 0x04, 0x13, 0xFF, 0xFF, 0xFF, 0xFF,
  0xFF, 0x80, 0x00, 0x00, 0x00, 0x00, 0x00, 0x00, 0x00, 0x00, 0x00, 0x00, 0x00, 0x00, 0x00, 0x00,
  0x00, 0x00, 0x00, 0x00, 0x00, 0x00, 0x00, 0x00, 0x00, 0x00, 0x00, 0x00, 0x00, 0x00, 0x00, 0x00,
  0x00, 0x00, 0x00, 0x00, 0x00, 0x00, 0x00, 0x00, 0x00, 0x00, 0x00, 0x00, 0x00, 0x00, 0x00, 0x00,
  0x00, 0x00, 0x00, 0x00, 0x00, 0x00, 0x00, 0x2F, 0x7E, 0xFF, 0xF5, 0xAD, 0x6D, 0xBA, 0xCD, 0x55,
  0xAB, 0xFE, 0x3F, 0xFA, 0xD6, 0xEB, 0x56, 0xC0, 0x55, 0x14, 0x00, 0x00, 0x0A, 0x45, 0x7F, 0xFB,
  0x53, 0xF9, 0x02, 0x64, 0x49, 0x4E, 0x55, 0xDF, 0xED, 0x1A, 0xE0, 0x00, 0x10, 0x10, 0x40, 0x0F,
  0xFF, 0xFF, 0xFF, 0xFF, 0xBF, 0x80, 0x00, 0x00, 0x00, 0x00, 0x00, 0x00, 0x00, 0x00, 0x00, 0x00,
  0x00, 0x00, 0x00, 0x00, 0x00, 0x00, 0x00, 0x00, 0x00, 0x00, 0x00, 0x00, 0x00, 0x00, 0x00, 0x00,
  0x00, 0x00, 0x00, 0x00, 0x00, 0x00, 0x00, 0x00, 0x00, 0x00, 0x00, 0x00, 0x00, 0x00, 0x00, 0x00,
  0x00, 0x00, 0x00, 0x00, 0x00, 0x00, 0x00, 0x00, 0x00, 0x00, 0x00, 0x1D, 0xFF, 0xEF, 0xF5, 0x75,
  0xB6, 0xD7, 0x76, 0xDA, 0xD6, 0xEF, 0x0E, 0xFF, 0x7B, 0x55, 0x6D, 0x68, 0x00, 0x40, 0x92, 0x48,
  0x00, 0x09, 0xAD, 0xBD, 0xDB, 0xFC, 0x00, 0xD1, 0x10, 0x23, 0x09, 0x5D, 0x54, 0x4F, 0x41, 0x00,
  0x81, 0x00, 0x00, 0x47, 0xFF, 0xFF, 0xFF, 0xFF, 0xF7, 0x80, 0x00, 0x00, 0x00, 0x00, 0x00, 0x00,
  0x00, 0x00, 0x00, 0x00, 0x00, 0x00, 0x00, 0x00, 0x00, 0x00, 0x00, 0x00, 0x00, 0x00, 0x00, 0x00,
  0x00, 0x00, 0x00, 0x00, 0x00, 0x00, 0x00, 0x00, 0x00, 0x00, 0x00, 0x00, 0x00, 0x00, 0x00, 0x00,
  0x00, 0x00, 0x00, 0x00, 0x00, 0x00, 0x00, 0x00, 0x00, 0x00, 0x00, 0x00, 0x00, 0x00, 0x00, 0x07,
  0xF7, 0xFF, 0xFE, 0xAA, 0xDA, 0xAA, 0xAB, 0x6D, 0x6B, 0x7D, 0xC7, 0xFF, 0x95, 0xBB, 0xB6, 0xB4,
  0x0A, 0x12, 0x08, 0x01, 0x04, 0x95, 0x7F, 0xF7, 0xAA, 0xFC, 0x88, 0xA8, 0x45, 0x48, 0xA2, 0x27,
  0xE2, 0xBA, 0xD0, 0x04, 0x00, 0x00, 0x02, 0x2F, 0xF7, 0x7F, 0xFF, 0xFF, 0xFF, 0x80, 0x00, 0x00,
  0x00, 0x00, 0x00, 0x00, 0x00, 0x00, 0x00, 0x00, 0x00, 0x00, 0x00, 0x00, 0x00, 0x00, 0x00, 0x00,
  0x00, 0x00, 0x00, 0x00, 0x00, 0x00, 0x00, 0x00, 0x00, 0x00, 0x00, 0x00, 0x00, 0x00, 0x00, 0x00,
  0x00, 0x00, 0x00, 0x00, 0x00, 0x00, 0x00, 0x00, 0x00, 0x00, 0x00, 0x00, 0x00, 0x00, 0x00, 0x00,
  0x00, 0x00, 0x01, 0x81, 0x7F, 0x7F, 0xFF, 0x6F, 0x56, 0xF6, 0xDA, 0xAB, 0xB5, 0xBF, 0xE1, 0xDF,
  0xEE, 0xD6, 0xAB, 0x5A, 0x00, 0xA0, 0xA1, 0x20, 0x20, 0x2B, 0x56, 0xBA, 0xDB, 0x5E, 0x00, 0xE5,
  0x10, 0x84, 0xA4, 0x86, 0x90, 0xD7, 0x40, 0x10, 0x00, 0x00, 0x10, 0x1F, 0xDF, 0xFF, 0xFF, 0xFF,
  0xFF, 0x80, 0x00, 0x00, 0x00, 0x00, 0x00, 0x00, 0x00, 0x00, 0x00, 0x00, 0x00, 0x00, 0x00, 0x00,
  0x00, 0x00, 0x00, 0x00, 0x00, 0x00, 0x00, 0x00, 0x00, 0x00, 0x00, 0x00, 0x00, 0x00, 0x00, 0x00,
  0x00, 0x00, 0x00, 0x00, 0x00, 0x00, 0x00, 0x00, 0x00, 0x00, 0x00, 0x00, 0x00, 0x00, 0x00, 0x00,
  0x00, 0x00, 0x00, 0x00, 0x00, 0x00, 0x01, 0x80, 0xDD, 0xFB, 0xBF, 0xB5, 0x6B, 0x5B, 0x6B, 0x6D,
  0x5A, 0xAF, 0xF8, 0x7F, 0xF5, 0x5A, 0xDA, 0xED, 0x40, 0x0A, 0x10, 0x44, 0x02, 0x95, 0xBB, 0xDD,
  0x6D, 0xF7, 0x12, 0xB0, 0x4A, 0x22, 0x52, 0x13, 0xAB, 0x6A, 0xC0, 0x80, 0x08, 0x44, 0x80, 0xAE,
  0xFF, 0xFF, 0xFF, 0xFF, 0xFF, 0x80, 0x00, 0x00, 0x00, 0x00, 0x00, 0x00, 0x00, 0x00, 0x00, 0x00,
  0x00, 0x00, 0x00, 0x00, 0x00, 0x00, 0x00, 0x00, 0x00, 0x00, 0x00, 0x00, 0x00, 0x00, 0x00, 0x00,
  0x00, 0x00, 0x00, 0x00, 0x00, 0x00, 0x00, 0x00, 0x00, 0x00, 0x00, 0x00, 0x00, 0x00, 0x00, 0x00,
  0x00, 0x00, 0x00, 0x00, 0x00, 0x00, 0x00, 0x00, 0x00, 0x00, 0x01, 0xE0, 0x77, 0xEF, 0xFF, 0xD5,
  0xBD, 0xAA, 0xAD, 0xB5, 0x6D, 0xB7, 0x7E, 0x3B, 0xFD, 0xD7, 0x6D, 0xAB, 0x81, 0x40, 0x84, 0x00,
  0x97, 0x55, 0x7D, 0xEB, 0xB7, 0x5D, 0x40, 0xD5, 0x01, 0x08, 0xA8, 0x83, 0xD7, 0xBD, 0x02, 0x00,
  0x40, 0x00, 0x00, 0x2F, 0xFB, 0x77, 0xFF, 0xFF, 0xFF, 0x80, 0x00, 0x00, 0x00, 0x00, 0x00, 0x00,
  0x00, 0x00, 0x00, 0x00, 0x00, 0x00, 0x00, 0x00, 0x00, 0x00, 0x00, 0x00, 0x00, 0x00, 0x00, 0x00,
  0x00, 0x00, 0x00, 0x00, 0x00, 0x00, 0x00, 0x00, 0x00, 0x00, 0x00, 0x00, 0x00, 0x00, 0x00, 0x00,
  0x00, 0x00, 0x00, 0x00, 0x00, 0x00, 0x00, 0x00, 0x00, 0x00, 0x00, 0x00, 0x00, 0x00, 0x01, 0xB8,
  0x1F, 0xFF, 0xFF, 0xFA, 0xD5, 0x6D, 0xB5, 0x56, 0xAA, 0xD5, 0xFB, 0x0F, 0xFE, 0x6D, 0x56, 0xB5,
  0x60, 0x14, 0x51, 0x22, 0x08, 0x25, 0xD6, 0xB6, 0xDA, 0xD6, 0x8A, 0xE8, 0x28, 0xA2, 0x34, 0x53,
  0x7A, 0xAA, 0x00, 0x01, 0x00, 0x00, 0x02, 0xBF, 0x6F, 0xFF, 0xFF, 0xFF, 0xFF, 0x80, 0x00, 0x00,
  0x00, 0x00, 0x00, 0x00, 0x00, 0x00, 0x00, 0x00, 0x00, 0x00, 0x00, 0x00, 0x00, 0x00, 0x00, 0x00,
  0x00, 0x00, 0x00, 0x00, 0x00, 0x00, 0x00, 0x00, 0x00, 0x00, 0x00, 0x00, 0x00, 0x00, 0x00, 0x00,
  0x00, 0x00, 0x00, 0x00, 0x00, 0x00, 0x00, 0x00, 0x00, 0x00, 0x00, 0x00, 0x00, 0x00, 0x00, 0x00,
  0x00, 0x00, 0x01, 0xFC, 0x05, 0xBF, 0xFB, 0xFF, 0x6B, 0xAA, 0xD6, 0xDB, 0xB6, 0xBA, 0xEF, 0xC7,
  0x7F, 0xB5, 0xBA, 0xDD, 0xB0, 0x02, 0x00, 0x88, 0xA0, 0x4A, 0xBF, 0x5D, 0xFD, 0x4A, 0x51, 0xB1,
  0x02, 0x04, 0x95, 0x09, 0xDD, 0xD0, 0x20, 0x10, 0x02, 0x10, 0x10, 0x5B, 0xFD, 0xFF, 0xFF, 0xFF,
  0xFF, 0x80, 0x00, 0x00, 0x00, 0x00, 0x00, 0x00, 0x00, 0x00, 0x00, 0x00, 0x00, 0x00, 0x00, 0x00,
  0x00, 0x00, 0x00, 0x00, 0x00, 0x00, 0x00, 0x00, 0x00, 0x00, 0x00, 0x00, 0x00, 0x00, 0x00, 0x00,
  0x00, 0x00, 0x00, 0x00, 0x00, 0x00, 0x00, 0x00, 0x00, 0x00, 0x00, 0x00, 0x00, 0x00, 0x00, 0x00,
  0x00, 0x00, 0x00, 0x00, 0x00, 0x00, 0x01, 0xEF, 0x02, 0xFB, 0x6F, 0xFD, 0xB6, 0xB7, 0x5B, 0x6C,
  0xD5, 0xAB, 0x7F, 0xF1, 0xFF, 0xD6, 0xD5, 0x66, 0xDC, 0x01, 0x52, 0x00, 0x02, 0x0B, 0xEB, 0xEB,
  0x55, 0x21, 0x26, 0xFA, 0x00, 0xA1, 0x2A, 0x21, 0x6A, 0x20, 0x02, 0x00, 0x08, 0x01, 0x01, 0x7E,
  0xAF, 0xBF, 0xFF, 0xFF, 0xFF, 0x80, 0x00, 0x00, 0x00, 0x00, 0x00, 0x00, 0x00, 0x00, 0x00, 0x00,
  0x00, 0x00, 0x00, 0x00, 0x00, 0x00, 0x00, 0x00, 0x00, 0x00, 0x00, 0x00, 0x00, 0x00, 0x00, 0x00,
  0x00, 0x00, 0x00, 0x00, 0x00, 0x00, 0x00, 0x00, 0x00, 0x00, 0x00, 0x00, 0x00, 0x00, 0x00, 0x00,
  0x00, 0x00, 0x00, 0x00, 0x00, 0x00, 0x00, 0x00, 0x00, 0x00, 0x01, 0xBD, 0xC1, 0x6F, 0xFF, 0xFF,
  0xAD, 0x5A, 0xED, 0x57, 0x5A, 0xD5, 0x5F, 0xF8, 0xDB, 0xFB, 0x6F, 0x5B, 0x57, 0x00, 0x00, 0x4A,
  0x10, 0x25, 0x5D, 0xB6, 0xF6, 0x94, 0x95, 0x48, 0x94, 0x14, 0x95, 0x04, 0xEE, 0x81, 0x00, 0x00,
  0x20, 0x40, 0x04, 0xB7, 0xFB, 0xFD, 0xFF, 0xFF, 0xFF, 0x80, 0x00, 0x00, 0x00, 0x00, 0x00, 0x00,
  0x00, 0x00, 0x00, 0x00, 0x00, 0x00, 0x00, 0x00, 0x00, 0x00, 0x00, 0x00, 0x00, 0x00, 0x00, 0x00,
  0x00, 0x00, 0x00, 0x00, 0x00, 0x00, 0x00, 0x00, 0x00, 0x00, 0x00, 0x00, 0x00, 0x00, 0x00, 0x00,
  0x00, 0x00, 0x00, 0x00, 0x00, 0x00, 0x00, 0x00, 0x00, 0x00, 0x00, 0x00, 0x00, 0x00, 0x01, 0xFF,
  0xA0, 0x7F, 0xFF, 0xFF, 0xEB, 0xAD, 0x55, 0xB5, 0x6B, 0x5E, 0xAB, 0x6C, 0x3F, 0xFA, 0xB5, 0x6D,
  0x6A, 0x81, 0x4A, 0x20, 0x85, 0x56, 0xF7, 0x6F, 0x5A, 0x48, 0x40, 0x36, 0x01, 0x42, 0x54, 0xA8,
  0xB5, 0x00, 0x10, 0x44, 0x80, 0x00, 0x11, 0x7A, 0xBF, 0x77, 0xFF, 0xFF, 0xFF, 0x80, 0x00, 0x00,
  0x00, 0x00, 0x00, 0x00, 0x00, 0x00, 0x00, 0x00, 0x00, 0x00, 0x00, 0x00, 0x00, 0x00, 0x00, 0x00,
  0x00, 0x00, 0x00, 0x00, 0x00, 0x00, 0x00, 0x00, 0x00, 0x00, 0x00, 0x00, 0x00, 0x00, 0x00, 0x00,
  0x00, 0x00, 0x00, 0x00, 0x00, 0x00, 0x00, 0x00, 0x00, 0x00, 0x00, 0x00, 0x00, 0x00, 0x00, 0x00,
  0x00, 0x00, 0x01, 0xFB, 0xF0, 0x1B, 0x7F, 0x7F, 0xF5, 0x75, 0xAD, 0x5A, 0xAD, 0x6A, 0xED, 0xFF,
  0x1F, 0xFF, 0x55, 0xB5, 0xBB, 0x60, 0x11, 0x04, 0x20, 0xBB, 0xAD, 0xFA, 0xA0, 0x00, 0x00, 0x0D,
  0x20, 0x29, 0x22, 0x02, 0x5B, 0x00, 0x00, 0x00, 0x00, 0x04, 0x42, 0xDF, 0xED, 0xFF, 0xFF, 0xFF,
  0xFF, 0x80, 0x00, 0x00, 0x00, 0x00, 0x00, 0x00, 0x00, 0x00, 0x00, 0x00, 0x00, 0x00, 0x00, 0x00,
  0x00, 0x00, 0x00, 0x00, 0x00, 0x00, 0x00, 0x00, 0x00, 0x00, 0x00, 0x00, 0x00, 0x00, 0x00, 0x00,
  0x00, 0x00, 0x00, 0x00, 0x00, 0x00, 0x00, 0x00, 0x00, 0x00, 0x00, 0x00, 0x00, 0x00, 0x00, 0x00,
  0x00, 0x00, 0x00, 0x00, 0x00, 0x00, 0x01, 0xEF, 0xBC, 0x07, 0xED, 0xF7, 0xFE, 0xAD, 0x76, 0xEB,
  0x6A, 0xAB, 0x56, 0xFF, 0xC3, 0xFF, 0xB6, 0xD6, 0xD5, 0xB0, 0x04, 0x41, 0x10, 0x00, 0x22, 0x80,
  0x00, 0x01, 0x00, 0x02, 0xD5, 0x05, 0x48, 0xA8, 0x6D, 0x88, 0x02, 0x00, 0x02, 0x10, 0x05, 0xB5,
  0x77, 0xFF, 0xFF, 0xFF, 0xFF, 0x80, 0x00, 0x00, 0x00, 0x00, 0x00, 0x00, 0x00, 0x00, 0x00, 0x00,
  0x00, 0x00, 0x00, 0x00, 0x00, 0x00, 0x00, 0x00, 0x00, 0x00, 0x00, 0x00, 0x00, 0x00, 0x00, 0x00,
  0x00, 0x00, 0x00, 0x00, 0x00, 0x00, 0x00, 0x00, 0x00, 0x00, 0x00, 0x00, 0x00, 0x00, 0x00, 0x00,
  0x00, 0x00, 0x00, 0x00, 0x00, 0x00, 0x00, 0x00, 0x00, 0x00, 0x01, 0xFF, 0xFF, 0x02, 0xFF, 0xFF,
  0xFE, 0xEB, 0x55, 0x55, 0xAD, 0xDD, 0x6A, 0xBF, 0xE2, 0xBF, 0xDB, 0x5A, 0xAE, 0xDC, 0x01, 0x14,
  0x45, 0x44, 0x80, 0x11, 0x12, 0x48, 0x11, 0x21, 0x2A, 0xF6, 0x92, 0x41, 0x36, 0x81, 0x20, 0x10,
  0x08, 0x00, 0x13, 0xDB, 0xBF, 0xFF, 0xFF, 0xFF, 0xFF, 0x80, 0x00, 0x00, 0x00, 0x00, 0x00, 0x00,
  0x00, 0x00, 0x00, 0x00, 0x00, 0x00, 0x00, 0x00, 0x00, 0x00, 0x00, 0x00, 0x00, 0x00, 0x00, 0x00,
  0x00, 0x00, 0x00, 0x00, 0x00, 0x00, 0x00, 0x00, 0x00, 0x00, 0x00, 0x00, 0x00, 0x00, 0x00, 0x00,
  0x00, 0x00, 0x00, 0x00, 0x00, 0x00, 0x00, 0x00, 0x00, 0x00, 0x00, 0x00, 0x00, 0x00, 0x01, 0xFE,
  0xED, 0x81, 0xBF, 0xFF, 0xFF, 0xB5, 0xAD, 0xBE, 0xB6, 0xAA, 0xB7, 0x57, 0x78, 0xF7, 0xF5, 0x6B,
  0x75, 0x6A, 0x00, 0x41, 0x10, 0x10, 0x11, 0x04, 0x40, 0x00, 0x00, 0x00, 0x03, 0x55, 0xA1, 0x02,
  0x6A, 0x80, 0x00, 0x42, 0x40, 0x41, 0x0B, 0xEE, 0xEF, 0xFF, 0xFF, 0xFF, 0xFF, 0x80, 0x00, 0x00,
  0x00, 0x00, 0x00, 0x00, 0x00, 0x00, 0x00, 0x00, 0x00, 0x00, 0x00, 0x00, 0x00, 0x00, 0x00, 0x00,
  0x00, 0x00, 0x00, 0x00, 0x00, 0x00, 0x00, 0x00, 0x00, 0x00, 0x00, 0x00, 0x00, 0x00, 0x00, 0x00,
  0x00, 0x00, 0x00, 0x00, 0x00, 0x00, 0x00, 0x00, 0x00, 0x00, 0x00, 0x00, 0x00, 0x00, 0x00, 0x00,
  0x00, 0x00, 0x01, 0xBF, 0xFF, 0xE0, 0xED, 0xBB, 0xBF, 0xCD, 0x6B, 0x52, 0xD5, 0x6D, 0xD9, 0xBB,
  0xFE, 0x5F, 0xFD, 0xAD, 0xAB, 0x5D, 0x80, 0x14, 0x41, 0x02, 0x44, 0x40, 0x08, 0x11, 0x04, 0x08,
  0x00, 0x16, 0x84, 0x55, 0xB7, 0x44, 0x04, 0x00, 0x00, 0x00, 0x57, 0xFB, 0xBD, 0xDF, 0xFF, 0xFF,
  0xFF, 0x80, 0x00, 0x00, 0x00, 0x00, 0x00, 0x00, 0x00, 0x00, 0x00, 0x00, 0x00, 0x00, 0x00, 0x00,
  0x00, 0x00, 0x00, 0x00, 0x00, 0x00, 0x00, 0x00, 0x00, 0x00, 0x00, 0x00, 0x00, 0x00, 0x00, 0x00,
  0x00, 0x00, 0x00, 0x00, 0x00, 0x00, 0x00, 0x00, 0x00, 0x00, 0x00, 0x00, 0x00, 0x00, 0x00, 0x00,
  0x00, 0x00, 0x00, 0x00, 0x00, 0x00, 0x01, 0xFB, 0xFE, 0xE8, 0x1F, 0xFF, 0xFF, 0xF6, 0xB5, 0xAD,
  0x5A, 0xB6, 0xAE, 0xD7, 0xFF, 0x1F, 0xFE, 0xB6, 0xB5, 0xAB, 0x40, 0x42, 0x24, 0x48, 0x10, 0x29,
  0x11, 0x00, 0x20, 0x40, 0x08, 0x09, 0x50, 0x01, 0xDA, 0xE0, 0x10, 0x00, 0x00, 0x04, 0x0F, 0xFE,
  0xFF, 0xFF, 0xFF, 0xFF, 0xFF, 0x80, 0x00, 0x00, 0x00, 0x00, 0x00, 0x00, 0x00, 0x00, 0x00, 0x00,
  0x00, 0x00, 0x00, 0x00, 0x00, 0x00, 0x00, 0x00, 0x00, 0x00, 0x00, 0x00, 0x00, 0x00, 0x00, 0x00,
  0x00, 0x00, 0x00, 0x00, 0x00, 0x00, 0x00, 0x00, 0x00, 0x00, 0x00, 0x00, 0x00, 0x00, 0x00, 0x00,
  0x00, 0x00, 0x00, 0x00, 0x00, 0x00, 0x00, 0x00, 0x00, 0x00, 0x01, 0x7F, 0xDB, 0xBC, 0x17, 0xEF,
  0xFF, 0xFB, 0x5D, 0x76, 0xD7, 0x55, 0x52, 0xAA, 0xDD, 0xC6, 0xFF, 0xDA, 0xDD, 0x75, 0xF0, 0x08,
  0x81, 0x22, 0x82, 0x00, 0x40, 0x44, 0x00, 0x00, 0x80, 0x00, 0x02, 0x56, 0xAD, 0x50, 0x80, 0x08,
  0x12, 0x20, 0x57, 0xFF, 0xDF, 0xFF, 0xFF, 0xFF, 0xFF, 0x80, 0x00, 0x00, 0x00, 0x00, 0x00, 0x00,
  0x00, 0x00, 0x00, 0x00, 0x00, 0x00, 0x00, 0x00, 0x00, 0x00, 0x00, 0x00, 0x00, 0x00, 0x00, 0x00,
  0x00, 0x00, 0x00, 0x00, 0x00, 0x00, 0x00, 0x00, 0x00, 0x00, 0x00, 0x00, 0x00, 0x00, 0x00, 0x00,
  0x00, 0x00, 0x00, 0x00, 0x00, 0x00, 0x00, 0x00, 0x00, 0x00, 0x00, 0x00, 0x00, 0x00, 0x01, 0x7F,
  0xFF, 0xFA, 0x05, 0x7E, 0xF7, 0xFE, 0xD5, 0xAB, 0x59, 0xDB, 0x6D, 0xBD, 0x7F, 0xE1, 0xBF, 0xEB,
  0x66, 0xDE, 0x9A, 0x01, 0x14, 0x40, 0x20, 0xA4, 0x08, 0x00, 0x88, 0x08, 0x00, 0x80, 0x08, 0x1B,
  0x77, 0x62, 0x00, 0x80, 0x80, 0x01, 0x2F, 0xFF, 0xFB, 0xFF, 0xFF, 0xFF, 0xFF, 0x80, 0x00, 0x00,
  0x00, 0x00, 0x00, 0x00, 0x00, 0x00, 0x00, 0x00, 0x00, 0x00, 0x00, 0x00, 0x00, 0x00, 0x00, 0x00,
  0x00, 0x00, 0x00, 0x00, 0x00, 0x00, 0x00, 0x00, 0x00, 0x00, 0x00, 0x00, 0x00, 0x00, 0x00, 0x00,
  0x00, 0x00, 0x00, 0x00, 0x00, 0x00, 0x00, 0x00, 0x00, 0x00, 0x00, 0x00, 0x00, 0x00, 0x00, 0x00,
  0x00, 0x00, 0x01, 0xAE, 0xFF, 0xEF, 0x81, 0xFF, 0xFF, 0xFF, 0x56, 0xAD, 0x6E, 0x6A, 0xB6, 0xD6,
  0xAF, 0xF8, 0xF7, 0xF5, 0xBB, 0x52, 0xEC, 0x00, 0x41, 0x14, 0x94, 0x01, 0x22, 0x24, 0x01, 0x20,
  0x10, 0x00, 0x21, 0x55, 0xAA, 0xD0, 0x04, 0x02, 0x00, 0x00, 0xBF, 0xFF, 0xFF, 0xFF, 0xFF, 0x7F,
  0xFF, 0x80, 0x00, 0x00, 0x00, 0x00, 0x00, 0x00, 0x00, 0x00, 0x00, 0x00, 0x00, 0x00, 0x00, 0x00,
  0x00, 0x00, 0x00, 0x00, 0x00, 0x00, 0x00, 0x00, 0x00, 0x00, 0x00, 0x00, 0x00, 0x00, 0x00, 0x00,
  0x00, 0x00, 0x00, 0x00, 0x00, 0x00, 0x00, 0x00, 0x00, 0x00, 0x00, 0x00, 0x00, 0x00, 0x00, 0x00,
  0x00, 0x00, 0x00, 0x00, 0x00, 0x00, 0x00, 0xB7, 0xFF, 0x7F, 0xC0, 0xB7, 0xBE, 0xFF, 0xDB, 0x75,
  0xAB, 0xAD, 0xAA, 0xAB, 0xD7, 0xBE, 0x7F, 0xFD, 0x55, 0x6E, 0xAB, 0x40, 0x24, 0x41, 0x01, 0x28,
  0x00, 0x80, 0x44, 0x01, 0x00, 0x00, 0x04, 0x5A, 0xAD, 0x40, 0x10, 0x10, 0x02, 0x49, 0x3F, 0xFF,
  0xFF, 0xFF, 0xFF, 0xFF, 0xFF, 0x80, 0x00, 0x00, 0x00, 0x00, 0x00, 0x00, 0x00, 0x00, 0x00, 0x00,
  0x00, 0x00, 0x00, 0x00, 0x00, 0x00, 0x00, 0x00, 0x00, 0x00, 0x00, 0x00, 0x00, 0x00, 0x00, 0x00,
  0x00, 0x00, 0x00, 0x00, 0x00, 0x00, 0x00, 0x00, 0x00, 0x00, 0x00, 0x00, 0x00, 0x00, 0x00, 0x00,
  0x00, 0x00, 0x00, 0x00, 0x00, 0x00, 0x00, 0x00, 0x00, 0x00, 0x01, 0xAB, 0xDB, 0xFD, 0xB0, 0x3D,
  0xFF, 0xFF, 0xEA, 0xAA, 0xB5, 0x56, 0xDB, 0x75, 0x6D, 0xFF, 0x1E, 0xFF, 0x6D, 0xB5, 0xB7, 0x90,
  0x02, 0x94, 0x48, 0x02, 0x92, 0x02, 0x00, 0x00, 0x02, 0x24, 0x01, 0xAA, 0xB5, 0x80, 0x40, 0x00,
  0x10, 0x00, 0xFF, 0xFF, 0xFF, 0xFF, 0xFF, 0xFF, 0xFF, 0x80, 0x00, 0x00, 0x00, 0x00, 0x00, 0x00,
  0x00, 0x00, 0x00, 0x00, 0x00, 0x00, 0x00, 0x00, 0x00, 0x00, 0x00, 0x00, 0x00, 0x00, 0x00, 0x00,
  0x00, 0x00, 0x00, 0x00, 0x00, 0x00, 0x00, 0x00, 0x00, 0x00, 0x00, 0x00, 0x00, 0x00, 0x00, 0x00,
  0x00, 0x00, 0x00, 0x00, 0x00, 0x00, 0x00, 0x00, 0x00, 0x00, 0x00, 0x00, 0x00, 0x00, 0x00, 0xDD,
  0x7F, 0xF7, 0xF8, 0x0F, 0xF7, 0xEF, 0xFD, 0xDB, 0x56, 0xEA, 0xAD, 0xAE, 0xB5, 0x7B, 0xC7, 0xFF,
  0xB6, 0xD6, 0xDA, 0xE0, 0x08, 0x41, 0x25, 0x48, 0x00, 0x28, 0x10, 0x88, 0x10, 0x00, 0x02, 0x55,
  0x56, 0x04, 0x00, 0x80, 0x40, 0x05, 0x7F, 0xFF, 0xFF, 0xFF, 0xFF, 0xFF, 0xFF, 0x80, 0x00, 0x00,
  0x00, 0x00, 0x00, 0x00, 0x00, 0x00, 0x00, 0x00, 0x00, 0x00, 0x00, 0x00, 0x00, 0x00, 0x00, 0x00,
  0x00, 0x00, 0x00, 0x00, 0x00, 0x00, 0x00, 0x00, 0x00, 0x00, 0x00, 0x00, 0x00, 0x00, 0x00, 0x00,
  0x00, 0x00, 0x00, 0x00, 0x00, 0x00, 0x00, 0x00, 0x00, 0x00, 0x00, 0x00, 0x00, 0x00, 0x00, 0x00,
  0x00, 0x00, 0x01, 0x6A, 0xFF, 0xDF, 0xEE, 0x06, 0xDF, 0xBF, 0xFE, 0x6D, 0xAB, 0x36, 0xD5, 0x55,
  0xAD, 0xBF, 0xE1, 0xDF, 0xDA, 0xBB, 0x55, 0x5D, 0x01, 0x28, 0x80, 0x11, 0x29, 0x00, 0x82, 0x00,
  0x80, 0x00, 0x88, 0x15, 0x48, 0x00, 0x02, 0x09, 0x00, 0x23, 0xFF, 0xFF, 0xFF, 0x7F, 0xFF, 0xFF,
  0xFD, 0x80, 0x00, 0x00, 0x00, 0x00, 0x00, 0x00, 0x00, 0x00, 0x00, 0x00, 0x00, 0x00, 0x00, 0x00,
  0x00, 0x00, 0x00, 0x00, 0x00, 0x00, 0x00, 0x00, 0x00, 0x00, 0x00, 0x00, 0x00, 0x00, 0x00, 0x00,
  0x00, 0x00, 0x00, 0x00, 0x00, 0x00, 0x00, 0x00, 0x00, 0x00, 0x00, 0x00, 0x00, 0x00, 0x00, 0x00,
  0x00, 0x00, 0x00, 0x00, 0x00, 0x00, 0x01, 0xB7, 0x5E, 0xFF, 0x7F, 0x83, 0xFE, 0xFF, 0xFF, 0xAA,
  0xDD, 0xDB, 0x6D, 0xBA, 0xD6, 0xDF, 0xB8, 0xFF, 0xF6, 0xCD, 0x6E, 0xDA, 0x80, 0x05, 0x2A, 0x40,
  0x40, 0x22, 0x10, 0x22, 0x01, 0x10, 0x00, 0x02, 0x00, 0x01, 0x08, 0x00, 0x02, 0x15, 0xFF, 0xFF,
  0xFF, 0xFF, 0xFF, 0xFF, 0xF7, 0x80, 0x00, 0x00, 0x00, 0x00, 0x00, 0x00, 0x00, 0x00, 0x00, 0x00,
  0x00, 0x00, 0x00, 0x00, 0x00, 0x00, 0x00, 0x00, 0x00, 0x00, 0x00, 0x00, 0x00, 0x00, 0x00, 0x00,
  0x00, 0x00, 0x00, 0x00, 0x00, 0x00, 0x00, 0x00, 0x00, 0x00, 0x00, 0x00, 0x00, 0x00, 0x00, 0x00,
  0x00, 0x00, 0x00, 0x00, 0x00, 0x00, 0x00, 0x00, 0x00, 0x00, 0x00, 0xDA, 0xD7, 0xFF, 0xFF, 0x80,
  0xBB, 0xFE, 0xFF, 0xAD, 0x6A, 0x55, 0x56, 0xD7, 0x75, 0x56, 0xFE, 0x3B, 0xFB, 0x75, 0xB5, 0x6F,
  0x40, 0x22, 0x00, 0x8A, 0x09, 0x00, 0x01, 0x00, 0x08, 0x00, 0x00, 0x10, 0x00, 0x24, 0x20, 0x20,
  0x08, 0x4A, 0xBF, 0xFF, 0xFF, 0xF7, 0xFF, 0xFF, 0xFF, 0x80, 0x00, 0x00, 0x00, 0x00, 0x00, 0x00,
  0x00, 0x00, 0x00, 0x00, 0x00, 0x00, 0x00, 0x00, 0x00, 0x00, 0x00, 0x00, 0x00, 0x00, 0x00, 0x00,
  0x00, 0x00, 0x00, 0x00, 0x00, 0x00, 0x00, 0x00, 0x00, 0x00, 0x00, 0x00, 0x00, 0x00, 0x00, 0x00,
  0x00, 0x00, 0x00, 0x00, 0x00, 0x00, 0x00, 0x00, 0x00, 0x00, 0x00, 0x00, 0x00, 0x00, 0x01, 0x55,
  0x6D, 0xFD, 0xED, 0xF0, 0x7F, 0xFB, 0xFF, 0xF6, 0xAB, 0xAD, 0xBA, 0xAA, 0xAE, 0xD5, 0xFF, 0x1F,
  0xFE, 0xAA, 0xDB, 0xB5, 0x68, 0x00, 0xAA, 0x20, 0xA0, 0x49, 0x24, 0x10, 0x40, 0x42, 0x20, 0x40,
  0x00, 0x80, 0x00, 0x00, 0x20, 0x17, 0xDF, 0xFF, 0xFF, 0xFF, 0xFF, 0xFF, 0xDF, 0x80, 0x00, 0x00,
  0x00, 0x00, 0x00, 0x00, 0x00, 0x00, 0x00, 0x00, 0x00, 0x00, 0x00, 0x00, 0x00, 0x00, 0x00, 0x00,
  0x00, 0x00, 0x00, 0x00, 0x00, 0x00, 0x00, 0x00, 0x00, 0x00, 0x00, 0x00, 0x00, 0x00, 0x00, 0x00,
  0x00, 0x00, 0x00, 0x00, 0x00, 0x00, 0x00, 0x00, 0x00, 0x00, 0x00, 0x00, 0x00, 0x00, 0x00, 0x00,
  0x00, 0x00, 0x01, 0xBB, 0xB7, 0x77, 0xFF, 0xF8, 0x17, 0xDF, 0xFF, 0xF5, 0xB5, 0x75, 0x55, 0xBB,
  0x55, 0x76, 0xFB, 0xC7, 0x7F, 0xB7, 0x55, 0x55, 0xB4, 0x02, 0x00, 0x88, 0x09, 0x00, 0x00, 0x42,
  0x02, 0x00, 0x02, 0x00, 0x24, 0x00, 0x01, 0x04, 0x81, 0x5A, 0xAF, 0xFF, 0xFF, 0xFE, 0xFF, 0xFF,
  0xFD, 0x80, 0x00, 0x00, 0x00, 0x00, 0x00, 0x00, 0x00, 0x00, 0x00, 0x00, 0x00, 0x00, 0x00, 0x00,
  0x00, 0x00, 0x00, 0x00, 0x00, 0x00, 0x00, 0x00, 0x00, 0x00, 0x00, 0x00, 0x00, 0x00, 0x00, 0x00,
  0x00, 0x00, 0x00, 0x00, 0x00, 0x00, 0x00, 0x00, 0x00, 0x00, 0x00, 0x00, 0x00, 0x00, 0x00, 0x00,
  0x00, 0x00, 0x00, 0x00, 0x00, 0x00, 0x00, 0xD6, 0xAA, 0xFF, 0xFF, 0x6E, 0x0E, 0xFF, 0xDD, 0xFE,
  0xDB, 0x56, 0xDA, 0xD5, 0xB6, 0xAB, 0x6F, 0xF1, 0xFF, 0xDA, 0xB6, 0xDA, 0xDB, 0x00, 0x2A, 0x22,
  0x90, 0x24, 0x91, 0x00, 0x20, 0x10, 0x00, 0x01, 0x00, 0x08, 0x90, 0x00, 0x00, 0x2F, 0xF5, 0xFF,
  0xFF, 0xFF, 0xFF, 0xFF, 0x7F, 0x80, 0x00, 0x00, 0x00, 0x00, 0x00, 0x00, 0x00, 0x00, 0x00, 0x00,
  0x00, 0x00, 0x00, 0x00, 0x00, 0x00, 0x00, 0x00, 0x00, 0x00, 0x00, 0x00, 0x00, 0x00, 0x00, 0x00,
  0x00, 0x00, 0x00, 0x00, 0x00, 0x00, 0x00, 0x00, 0x00, 0x00, 0x00, 0x00, 0x00, 0x00, 0x00, 0x00,
  0x00, 0x00, 0x00, 0x00, 0x00, 0x00, 0x00, 0x00, 0x00, 0x00, 0x01, 0x6A, 0xDB, 0x5F, 0xBB, 0xFE,
  0x03, 0xFE, 0xFF, 0xFE, 0xAD, 0xB5, 0x6D, 0x56, 0xDB, 0xB5, 0xBF, 0xF8, 0xFF, 0xF5, 0xDB, 0x6F,
  0x6E, 0xC8, 0x01, 0x48, 0x04, 0x80, 0x04, 0x12, 0x08, 0x82, 0x40, 0x80, 0x00, 0x80, 0x00, 0x40,
  0x05, 0x75, 0x5F, 0xFF, 0xFF, 0xFF, 0xDF, 0xFF, 0xF7, 0x80, 0x00, 0x00, 0x00, 0x00, 0x00, 0x00,
  0x00, 0x00, 0x00, 0x00, 0x00, 0x00, 0x00, 0x00, 0x00, 0x00, 0x00, 0x00, 0x00, 0x00, 0x00, 0x00,
  0x00, 0x00, 0x00, 0x00, 0x00, 0x00, 0x00, 0x00, 0x00, 0x00, 0x00, 0x00, 0x00, 0x00, 0x00, 0x00,
  0x00, 0x00, 0x00, 0x00, 0x00, 0x00, 0x00, 0x00, 0x00, 0x00, 0x00, 0x00, 0x00, 0x00, 0x01, 0xB7,
  0x6D, 0x6E, 0xFF, 0xFB, 0xC0, 0xDB, 0xFF, 0xFF, 0xB5, 0x5B, 0xAB, 0x6A, 0xAA, 0xDD, 0x57, 0xDE,
  0x5B, 0xFD, 0x55, 0xB5, 0xB5, 0xB0, 0x04, 0x05, 0x50, 0x12, 0x40, 0x40, 0x82, 0x00, 0x08, 0x08,
  0x12, 0x02, 0x04, 0x09, 0x10, 0xDE, 0xF6, 0xFF, 0xFF, 0xFF, 0xFF, 0xFF, 0xDE, 0x80, 0x00, 0x00,
  0x00, 0x00, 0x00, 0x00, 0x00, 0x00, 0x00, 0x00, 0x00, 0x00, 0x00, 0x00, 0x00, 0x00, 0x00, 0x00,
  0x00, 0x00, 0x00, 0x00, 0x00, 0x00, 0x00, 0x00, 0x00, 0x00, 0x00, 0x00, 0x00, 0x00, 0x00, 0x00,
  0x00, 0x00, 0x00, 0x00, 0x00, 0x00, 0x00, 0x00, 0x00, 0x00, 0x00, 0x00, 0x00, 0x00, 0x00, 0x00,
  0x00, 0x00, 0x00, 0xAD, 0x55, 0xAB, 0xFF, 0xBF, 0xE0, 0x7F, 0xF7, 0xFF, 0xEB, 0x6D, 0x5A, 0xB6,
  0xDA, 0xA6, 0xDA, 0xFF, 0x1F, 0xFF, 0x6E, 0xAA, 0xD6, 0xDA, 0x00, 0xA8, 0x04, 0x80, 0x12, 0x04,
  0x00, 0x10, 0x00, 0x20, 0x80, 0x10, 0x40, 0x80, 0x05, 0xB5, 0xBF, 0xFF, 0xFF, 0xFF, 0xFB, 0xFD,
  0xFF, 0x80, 0x00, 0x00, 0x00, 0x00, 0x00, 0x00, 0x00, 0x00, 0x00, 0x00, 0x00, 0x00, 0x00, 0x00,
  0x00, 0x00, 0x00, 0x00, 0x00, 0x00, 0x00, 0x00, 0x00, 0x00, 0x00, 0x00, 0x00, 0x00, 0x00, 0x00,
  0x00, 0x00, 0x00, 0x00, 0x00, 0x00, 0x00, 0x00, 0x00, 0x00, 0x00, 0x00, 0x00, 0x00, 0x00, 0x00,
  0x00, 0x00, 0x00, 0x00, 0x00, 0x00, 0x01, 0xDB, 0x76, 0xB7, 0xFB, 0xFE, 0xF8, 0x17, 0xBF, 0x7F,
  0xFA, 0xD5, 0xAD, 0xAB, 0x6D, 0xBB, 0x6B, 0xFB, 0xC7, 0xFF, 0xB5, 0x6E, 0xB5, 0x6D, 0xA0, 0x02,
  0x50, 0x2A, 0x80, 0x40, 0x24, 0x42, 0x44, 0x80, 0x00, 0x40, 0x10, 0x08, 0x4B, 0x6F, 0x6D, 0xFF,
  0xFF, 0xFF, 0xFF, 0x77, 0xBF, 0x80, 0x00, 0x00, 0x00, 0x00, 0x00, 0x00, 0x00, 0x00, 0x00, 0x00,
  0x00, 0x00, 0x00, 0x00, 0x00, 0x00, 0x00, 0x00, 0x00, 0x00, 0x00, 0x00, 0x00, 0x00, 0x00, 0x00,
  0x00, 0x00, 0x00, 0x00, 0x00, 0x00, 0x00, 0x00, 0x00, 0x00, 0x00, 0x00, 0x00, 0x00, 0x00, 0x00,
  0x00, 0x00, 0x00, 0x00, 0x00, 0x00, 0x00, 0x00, 0x00, 0x00, 0x00, 0xB5, 0xAB, 0x5A, 0xBF, 0xEF,
  0xDC, 0x0E, 0xFF, 0xF7, 0xFD, 0xB6, 0xF6, 0xDD, 0x56, 0xD5, 0x5A, 0x5F, 0xF1, 0xBF, 0xD6, 0xB5,
  0xAE, 0xB6, 0xA0, 0x00, 0x8A, 0x00, 0x12, 0x12, 0x00, 0x00, 0x10, 0x04, 0x24, 0x02, 0x02, 0x20,
  0x16, 0xDB, 0xFF, 0xFF, 0xFF, 0xFF, 0xFF, 0xFF, 0xF6, 0x80, 0x00, 0x00, 0x00, 0x00, 0x00, 0x00,
  0x00, 0x00, 0x00, 0x00, 0x00, 0x00, 0x00, 0x00, 0x00, 0x00, 0x00, 0x00, 0x00, 0x00, 0x00, 0x00,
  0x00, 0x00, 0x00, 0x00, 0x00, 0x00, 0x00, 0x00, 0x00, 0x00, 0x00, 0x00, 0x00, 0x00, 0x00, 0x00,
  0x00, 0x00, 0x00, 0x00, 0x00, 0x00, 0x00, 0x00, 0x00, 0x00, 0x00, 0x00, 0x00, 0x00, 0x01, 0xDA,
  0xDD, 0xAA, 0xEF, 0xFF, 0xFE, 0x83, 0xF7, 0xFF, 0xFE, 0xDA, 0x95, 0x55, 0xB5, 0x5B, 0x6D, 0xBF,
  0xF4, 0xF7, 0xFB, 0xD6, 0xDB, 0xAB, 0xDA, 0x08, 0x20, 0x92, 0x40, 0x40, 0x91, 0x09, 0x00, 0x10,
  0x81, 0x08, 0x40, 0x01, 0x5B, 0xED, 0x5B, 0xFF, 0xFF, 0xFF, 0xFF, 0xFE, 0xFF, 0x80, 0x00, 0x00,
  0x00, 0x00, 0x00, 0x00, 0x00, 0x00, 0x00, 0x00, 0x00, 0x00, 0x00, 0x00, 0x00, 0x00, 0x00, 0x00,
  0x00, 0x00, 0x00, 0x00, 0x00, 0x00, 0x00, 0x00, 0x00, 0x00, 0x00, 0x00, 0x00, 0x00, 0x00, 0x00,
  0x00, 0x00, 0x00, 0x00, 0x00, 0x00, 0x00, 0x00, 0x00, 0x00, 0x00, 0x00, 0x00, 0x00, 0x00, 0x00,
  0x00, 0x00, 0x00, 0xAF, 0x6A, 0xED, 0x5E, 0xFD, 0xB7, 0x41, 0xBE, 0xFF, 0xFF, 0xAB, 0x6B, 0x6A,
  0xDB, 0x6D, 0xAB, 0x6B, 0xBE, 0x7F, 0xFC, 0xBB, 0x6A, 0xDA, 0x6D, 0x00, 0x09, 0x00, 0x12, 0x04,
  0x00, 0x40, 0x02, 0x00, 0x00, 0x20, 0x08, 0x84, 0x5E, 0xBF, 0xFF, 0xFF, 0xFF, 0xFF, 0xFF, 0xEF,
  0xFF, 0x80, 0x00, 0x00, 0x00, 0x00, 0x00, 0x00, 0x00, 0x00, 0x00, 0x00, 0x00, 0x00, 0x00, 0x00,
  0x00, 0x00, 0x00, 0x00, 0x00, 0x00, 0x00, 0x00, 0x00, 0x00, 0x00, 0x00, 0x00, 0x00, 0x00, 0x00,
  0x00, 0x00, 0x00, 0x00, 0x00, 0x00, 0x00, 0x00, 0x00, 0x00, 0x00, 0x00, 0x00, 0x00, 0x00, 0x00,
  0x00, 0x00, 0x00, 0x00, 0x00, 0x00, 0x01, 0xB5, 0x56, 0xB7, 0x6B, 0xF7, 0xFF, 0xC0, 0x7F, 0xDE,
  0xFF, 0xD5, 0x5D, 0x5D, 0x55, 0xAA, 0xB5, 0xAE, 0xFF, 0x0E, 0xFF, 0x55, 0x5B, 0x6D, 0xB6, 0xE0,
  0x80, 0x55, 0x40, 0x90, 0x49, 0x04, 0x48, 0x42, 0x10, 0x81, 0x00, 0x11, 0xF7, 0xEA, 0xDF, 0xFF,
  0xFF, 0xFF, 0xFF, 0xFD, 0xDD, 0x80, 0x00, 0x00, 0x00, 0x00, 0x00, 0x00, 0x00, 0x00, 0x00, 0x00,
  0x00, 0x00, 0x00, 0x00, 0x00, 0x00, 0x00, 0x00, 0x00, 0x00, 0x00, 0x00, 0x00, 0x00, 0x00, 0x00,
  0x00, 0x00, 0x00, 0x00, 0x00, 0x00, 0x00, 0x00, 0x00, 0x00, 0x00, 0x00, 0x00, 0x00, 0x00, 0x00,
  0x00, 0x00, 0x00, 0x00, 0x00, 0x00, 0x00, 0x00, 0x00, 0x00, 0x00, 0xDB, 0x6B, 0x55, 0x5D, 0xDF,
  0xFD, 0xF8, 0x2B, 0xFF, 0xEF, 0xFB, 0x65, 0xAB, 0x6D, 0x5B, 0x5A, 0xB3, 0xFD, 0xCB, 0xFF, 0xAD,
  0xAD, 0x56, 0xDB, 0x5A, 0x02, 0x00, 0x14, 0x01, 0x00, 0x10, 0x00, 0x08, 0x44, 0x04, 0x24, 0x45,
  0x7A, 0xBF, 0xFF, 0xFF, 0xFF, 0xFF, 0xFF, 0xFF, 0xFF, 0x80, 0x00, 0x00, 0x00, 0x00, 0x00, 0x00,
  0x00, 0x00, 0x00, 0x00, 0x00, 0x00, 0x00, 0x00, 0x00, 0x00, 0x00, 0x00, 0x00, 0x00, 0x00, 0x00,
  0x00, 0x00, 0x00, 0x00, 0x00, 0x00, 0x00, 0x00, 0x00, 0x00, 0x00, 0x00, 0x00, 0x00, 0x00, 0x00,
  0x00, 0x00, 0x00, 0x00, 0x00, 0x00, 0x00, 0x00, 0x00, 0x00, 0x00, 0x00, 0x00, 0x00, 0x01, 0x6D,
  0xBD, 0xB5, 0xAB, 0x7F, 0xEF, 0xBA, 0x1F, 0x77, 0xFF, 0xFD, 0xBA, 0xD5, 0xB6, 0xED, 0x6D, 0xDD,
  0x77, 0xF3, 0xFF, 0xF6, 0xF6, 0xEB, 0x6D, 0xEC, 0x00, 0x4A, 0x81, 0x48, 0x12, 0x41, 0x22, 0x20,
  0x00, 0x10, 0x01, 0x17, 0xDF, 0xED, 0xBF, 0xFF, 0xFF, 0xFF, 0xFF, 0xEF, 0x7F, 0x80, 0x00, 0x00,
  0x00, 0x00, 0x00, 0x00, 0x00, 0x00, 0x00, 0x00, 0x00, 0x00, 0x00, 0x00, 0x00, 0x00, 0x00, 0x00,
  0x00, 0x00, 0x00, 0x00, 0x00, 0x00, 0x00, 0x00, 0x00, 0x00, 0x00, 0x00, 0x00, 0x00, 0x00, 0x00,
  0x00, 0x00, 0x00, 0x00, 0x00, 0x00, 0x00, 0x00, 0x00, 0x00, 0x00, 0x00, 0x00, 0x00, 0x00, 0x00,
  0x00, 0x00, 0x01, 0xB6, 0xD5, 0x5A, 0xED, 0xFF, 0xBF, 0xFD, 0x05, 0xFF, 0xBF, 0xFE, 0x56, 0xBA,
  0xAB, 0x2A, 0xAA, 0xAA, 0xAF, 0xF8, 0xEF, 0xF5, 0x55, 0x5D, 0xB6, 0xB7, 0xD0, 0x00, 0x24, 0x02,
  0x40, 0x04, 0x08, 0x01, 0x02, 0x41, 0x20, 0x2F, 0xFD, 0xBF, 0xFB, 0xFF, 0xFF, 0xFF, 0xFF, 0xFD,
  0xF7, 0x80, 0x00, 0x00, 0x00, 0x00, 0x00, 0x00, 0x00, 0x00, 0x00, 0x00, 0x00, 0x00, 0x00, 0x00,
  0x00, 0x00, 0x00, 0x00, 0x00, 0x00, 0x00, 0x00, 0x00, 0x00, 0x00, 0x00, 0x00, 0x00, 0x00, 0x00,
  0x00, 0x00, 0x00, 0x00, 0x00, 0x00, 0x00, 0x00, 0x00, 0x00, 0x00, 0x00, 0x00, 0x00, 0x00, 0x00,
  0x00, 0x00, 0x00, 0x00, 0x00, 0x00, 0x00, 0xDA, 0xAD, 0xD7, 0x35, 0x2D, 0xFF, 0xEF, 0x43, 0xBD,
  0xFF, 0xFF, 0xAB, 0x56, 0xDA, 0xD7, 0x6E, 0xD6, 0xDF, 0xEE, 0x3D, 0xFD, 0xAF, 0x6A, 0xD5, 0x5A,
  0xDA, 0x00, 0x01, 0x28, 0x08, 0x90, 0x80, 0x88, 0x48, 0x00, 0x09, 0x7F, 0xFF, 0xF7, 0xFF, 0xFF,
  0xFF, 0xFF, 0xFF, 0xBF, 0xFE, 0x80, 0x00, 0x00, 0x00, 0x00, 0x00, 0x00, 0x00, 0x00, 0x00, 0x00,
  0x00, 0x00, 0x00, 0x00, 0x00, 0x00, 0x00, 0x00, 0x00, 0x00, 0x00, 0x00, 0x00, 0x00, 0x00, 0x00,
  0x00, 0x00, 0x00, 0x00, 0x00, 0x00, 0x00, 0x00, 0x00, 0x00, 0x00, 0x00, 0x00, 0x00, 0x00, 0x00,
  0x00, 0x00, 0x00, 0x00, 0x00, 0x00, 0x00, 0x00, 0x00, 0x00, 0x01, 0x55, 0xB6, 0xBA, 0xD6, 0xDF,
  0xFD, 0xBF, 0xC0, 0xF7, 0xFD, 0xFF, 0xED, 0xAB, 0x6D, 0x6A, 0xB5, 0x6B, 0x6A, 0xFF, 0x1F, 0xFE,
  0xD9, 0xB7, 0x5B, 0xED, 0x6D, 0xA2, 0x08, 0x01, 0x22, 0x00, 0x10, 0x20, 0x00, 0x92, 0x05, 0xBF,
  0xFF, 0x7E, 0xFF, 0xFF, 0xFF, 0xFF, 0xFF, 0xF7, 0xEF, 0x80, 0x00, 0x00, 0x00, 0x00, 0x00, 0x00,
  0x00, 0x00, 0x00, 0x00, 0x00, 0x00, 0x00, 0x00, 0x00, 0x00, 0x00, 0x00, 0x00, 0x00, 0x00, 0x00,
  0x00, 0x00, 0x00, 0x00, 0x00, 0x00, 0x00, 0x00, 0x00, 0x00, 0x00, 0x00, 0x00, 0x00, 0x00, 0x00,
  0x00, 0x00, 0x00, 0x00, 0x00, 0x00, 0x00, 0x00, 0x00, 0x00, 0x00, 0x00, 0x00, 0x00, 0x01, 0x6E,
  0xDB, 0x55, 0x5B, 0x6B, 0xFF, 0xFB, 0x70, 0x3F, 0xDF, 0xFF, 0xF5, 0x75, 0x55, 0xB5, 0xAB, 0x5D,
  0xAB, 0xBF, 0xC7, 0xFF, 0xAE, 0xDA, 0xED, 0x57, 0x5B, 0x50, 0x20, 0x44, 0x00, 0x4A, 0x42, 0x02,
  0x48, 0x00, 0xAB, 0xFF, 0xFF, 0xFF, 0xEF, 0xFF, 0xFF, 0xFF, 0xFF, 0xFF, 0xBF, 0x80, 0x00, 0x00,
  0x00, 0x00, 0x00, 0x00, 0x00, 0x00, 0x00, 0x00, 0x00, 0x00, 0x00, 0x00, 0x00, 0x00, 0x00, 0x00,
  0x00, 0x00, 0x00, 0x00, 0x00, 0x00, 0x00, 0x00, 0x00, 0x00, 0x00, 0x00, 0x00, 0x00, 0x00, 0x00,
  0x00, 0x00, 0x00, 0x00, 0x00, 0x00, 0x00, 0x00, 0x00, 0x00, 0x00, 0x00, 0x00, 0x00, 0x00, 0x00,
  0x00, 0x00, 0x01, 0xB5, 0x6D, 0xED, 0xAA, 0xB5, 0x6F, 0xFF, 0xF8, 0x16, 0xFF, 0xBF, 0xFA, 0xAD,
  0xB6, 0xAE, 0xDD, 0xAA, 0xB5, 0x7F, 0xF3, 0xBF, 0xEB, 0x6B, 0x56, 0xB5, 0xED, 0xFD, 0x00, 0x00,
  0x49, 0x00, 0x08, 0x90, 0x01, 0x08, 0x5F, 0xFF, 0xFF, 0xFF, 0xFF, 0xFF, 0xFF, 0xFF, 0xFE, 0xDE,
  0xFF, 0x80, 0x00, 0x00, 0x00, 0x00, 0x00, 0x00, 0x00, 0x00, 0x00, 0x00, 0x00, 0x00, 0x00, 0x00,
  0x00, 0x00, 0x00, 0x00, 0x00, 0x00, 0x00, 0x00, 0x00, 0x00, 0x00, 0x00, 0x00, 0x00, 0x00, 0x00,
  0x00, 0x00, 0x00, 0x00, 0x00, 0x00, 0x00, 0x00, 0x00, 0x00, 0x00, 0x00, 0x00, 0x00, 0x00, 0x00,
  0x00, 0x00, 0x00, 0x00, 0x00, 0x00, 0x00, 0xD6, 0xB6, 0xAA, 0xED, 0xD6, 0xFF, 0xFF, 0xDE, 0x0F,
  0xF7, 0xF7, 0xFE, 0xD6, 0xDA, 0xD5, 0x6A, 0xDB, 0x5D, 0xAD, 0xF8, 0xF7, 0xFA, 0xAD, 0x6B, 0x6D,
  0x36, 0x97, 0xD2, 0x01, 0x00, 0x12, 0x40, 0x02, 0x44, 0x45, 0xBF, 0xFF, 0xFF, 0xEF, 0xFF, 0xFF,
  0xFF, 0xFF, 0xFF, 0xFF, 0xFF, 0x80, 0x00, 0x00, 0x00, 0x00, 0x00, 0x00, 0x00, 0x00, 0x00, 0x00,
  0x00, 0x00, 0x00, 0x00, 0x00, 0x00, 0x00, 0x00, 0x00, 0x00, 0x00, 0x00, 0x00, 0x00, 0x00, 0x00,
  0x00, 0x00, 0x00, 0x00, 0x00, 0x00, 0x00, 0x00, 0x00, 0x00, 0x00, 0x00, 0x00, 0x00, 0x00, 0x00,
  0x00, 0x00, 0x00, 0x00, 0x00, 0x00, 0x00, 0x00, 0x00, 0x00, 0x01, 0x5B, 0xDB, 0x5B, 0x56, 0xBB,
  0x5D, 0xDD, 0xFF, 0x81, 0xBE, 0xFF, 0xFF, 0x5A, 0xAB, 0x6B, 0x56, 0xAD, 0xAA, 0xDF, 0xFE, 0x7F,
  0xFD, 0xDB, 0xBD, 0xB6, 0xDB, 0x7B, 0xFA, 0xA4, 0x00, 0x40, 0x02, 0x20, 0x00, 0x37, 0xFF, 0xFF,
  0xFF, 0xFF, 0xFF, 0xFF, 0x7F, 0xFF, 0xFB, 0xF7, 0xFF, 0x80, 0x00, 0x00, 0x00, 0x00, 0x00, 0x00,
  0x00, 0x00, 0x00, 0x00, 0x00, 0x00, 0x00, 0x00, 0x00, 0x00, 0x00, 0x00, 0x00, 0x00, 0x00, 0x00,
  0x00, 0x00, 0x00, 0x00, 0x00, 0x00, 0x00, 0x00, 0x00, 0x00, 0x00, 0x00, 0x00, 0x00, 0x00, 0x00,
  0x00, 0x00, 0x00, 0x00, 0x00, 0x00, 0x00, 0x00, 0x00, 0x00, 0x00, 0x00, 0x00, 0x00, 0x01, 0x6D,
  0x55, 0xAD, 0x6B, 0x55, 0xB7, 0xFF, 0xF6, 0xC0, 0xFF, 0xFE, 0xFF, 0xD5, 0xB5, 0x5D, 0x5A, 0xF5,
  0x77, 0x65, 0xDF, 0x1F, 0xFF, 0x6D, 0x55, 0x5B, 0x6D, 0xAD, 0x7F, 0xD0, 0x49, 0x00, 0x10, 0x04,
  0x97, 0xDE, 0xFF, 0xFF, 0xFF, 0xFF, 0xFF, 0xFF, 0xFF, 0xFF, 0xFF, 0x7F, 0x7F, 0x80, 0x00, 0x00,
  0x00, 0x00, 0x00, 0x00, 0x00, 0x00, 0x00, 0x00, 0x00, 0x00, 0x00, 0x00, 0x00, 0x00, 0x00, 0x00,
  0x00, 0x00, 0x00, 0x00, 0x00, 0x00, 0x00, 0x00, 0x00, 0x00, 0x00, 0x00, 0x00, 0x00, 0x00, 0x00,
  0x00, 0x00, 0x00, 0x00, 0x00, 0x00, 0x00, 0x00, 0x00, 0x00, 0x00, 0x00, 0x00, 0x00, 0x00, 0x00,
  0x00, 0x00, 0x01, 0xB5, 0x6D, 0x76, 0xBA, 0xEE, 0xDB, 0x7F, 0x7F, 0xF0, 0x5B, 0xDF, 0xFF, 0xF6,
  0xDD, 0xAA, 0xEB, 0x56, 0xAA, 0xBB, 0x7F, 0xC6, 0xFF, 0xB6, 0xEB, 0xED, 0xB5, 0x6B, 0xBF, 0xFF,
  0xA4, 0x09, 0x01, 0x22, 0x5A, 0xFF, 0xFF, 0xFF, 0xFF, 0xFF, 0xFF, 0xFF, 0xFF, 0xFF, 0xDF, 0xFD,
  0xFB, 0x80, 0x00, 0x00, 0x00, 0x00, 0x00, 0x00, 0x00, 0x00, 0x00, 0x00, 0x00, 0x00, 0x00, 0x00,
  0x00, 0x00, 0x00, 0x00, 0x00, 0x00, 0x00, 0x00, 0x00, 0x00, 0x00, 0x00, 0x00, 0x00, 0x00, 0x00,
  0x00, 0x00, 0x00, 0x00, 0x00, 0x00, 0x00, 0x00, 0x00, 0x00, 0x00, 0x00, 0x00, 0x00, 0x00, 0x00,
  0x00, 0x00, 0x00, 0x00, 0x00, 0x00, 0x00, 0xDB, 0xB6, 0xAB, 0x56, 0xB5, 0x57, 0xFB, 0xFF, 0x78,
  0x3F, 0x7F, 0xFF, 0xFA, 0xAA, 0xD5, 0x55, 0x5B, 0xB5, 0xAD, 0xFD, 0xF3, 0xDF, 0xD5, 0x5D, 0x36,
  0xDB, 0xB6, 0xDF, 0xFF, 0xFF, 0xE4, 0xD4, 0xAD, 0xFF, 0xEF, 0xFD, 0xFF, 0xFF, 0xFF, 0x7F, 0xFF,
  0xFF, 0xFF, 0xFB, 0xDF, 0xFF, 0x80, 0x00, 0x00, 0x00, 0x00, 0x00, 0x00, 0x00, 0x00, 0x00, 0x00,
  0x00, 0x00, 0x00, 0x00, 0x00, 0x00, 0x00, 0x00, 0x00, 0x00, 0x00, 0x00, 0x00, 0x00, 0x00, 0x00,
  0x00, 0x00, 0x00, 0x00, 0x00, 0x00, 0x00, 0x00, 0x00, 0x00, 0x00, 0x00, 0x00, 0x00, 0x00, 0x00,
  0x00, 0x00, 0x00, 0x00, 0x00, 0x00, 0x00, 0x00, 0x00, 0x00, 0x01, 0x6D, 0x5B, 0x6D, 0xB5, 0xAB,
  0x6A, 0xDF, 0xED, 0xEE, 0x0B, 0xFB, 0xBF, 0xFD, 0x6D, 0x6E, 0xB6, 0xEA, 0xDA, 0xD5, 0x2F, 0xF8,
  0xFF, 0xFB, 0xAA, 0xDB, 0x6D, 0x5B, 0x6F, 0xFF, 0xFF, 0xFF, 0x7F, 0xFF, 0x6A, 0xBB, 0xEF, 0xFF,
  0xFF, 0xFF, 0xFF, 0xFF, 0xFF, 0xFF, 0x7F, 0x7F, 0xFF, 0x80, 0x00, 0x00, 0x00, 0x00, 0x00, 0x00,
  0x00, 0x00, 0x00, 0x00, 0x00, 0x00, 0x00, 0x00, 0x00, 0x00, 0x00, 0x00, 0x00, 0x00, 0x00, 0x00,
  0x00, 0x00, 0x00, 0x00, 0x00, 0x00, 0x00, 0x00, 0x00, 0x00, 0x00, 0x00, 0x00, 0x00, 0x00, 0x00,
  0x00, 0x00, 0x00, 0x00, 0x00, 0x00, 0x00, 0x00, 0x00, 0x00, 0x00, 0x00, 0x00, 0x00, 0x01, 0xB6,
  0xEA, 0xB5, 0x5A, 0xDD, 0xB5, 0x7F, 0xFF, 0xFF, 0x05, 0xEF, 0xFB, 0xFF, 0xB7, 0xB5, 0xDB, 0x5B,
  0x57, 0x5A, 0xDF, 0xFE, 0x7B, 0xFD, 0x77, 0x6A, 0xAB, 0x6D, 0xB3, 0xFF, 0xFF, 0xFF, 0xAB, 0x55,
  0xBF, 0xEF, 0x7F, 0xFF, 0xFF, 0xFF, 0xFF, 0xFF, 0xFF, 0xFF, 0xEF, 0xFB, 0xFF, 0x80, 0x00, 0x00,
  0x00, 0x00, 0x00, 0x00, 0x00, 0x00, 0x00, 0x00, 0x00, 0x00, 0x00, 0x00, 0x00, 0x00, 0x00, 0x00,
  0x00, 0x00, 0x00, 0x00, 0x00, 0x00, 0x00, 0x00, 0x00, 0x00, 0x00, 0x00, 0x00, 0x00, 0x00, 0x00,
  0x00, 0x00, 0x00, 0x00, 0x00, 0x00, 0x00, 0x00, 0x00, 0x00, 0x00, 0x00, 0x00, 0x00, 0x00, 0x00,
  0x00, 0x00, 0x00, 0xD5, 0xAD, 0xD6, 0xEF, 0x6A, 0xDB, 0x57, 0xBF, 0xFB, 0xC1, 0xBF, 0xFF, 0xFF,
  0xAA, 0xAA, 0xAD, 0x6D, 0x6A, 0xAD, 0x6B, 0xBF, 0x9F, 0xFF, 0x5A, 0xDD, 0xDD, 0xB6, 0xDD, 0x7F,
  0xFF, 0xFF, 0xED, 0xB6, 0xD5, 0x7D, 0xFF, 0xFF, 0xFF, 0xFF, 0xFF, 0xFF, 0xFF, 0xFB, 0xFD, 0xFF,
  0xFF, 0x80, 0x00, 0x00, 0x00, 0x00, 0x00, 0x00, 0x00, 0x00, 0x00, 0x00, 0x00, 0x00, 0x00, 0x00,
  0x00, 0x00, 0x00, 0x00, 0x00, 0x00, 0x00, 0x00, 0x00, 0x00, 0x00, 0x00, 0x00, 0x00, 0x00, 0x00,
  0x00, 0x00, 0x00, 0x00, 0x00, 0x00, 0x00, 0x00, 0x00, 0x00, 0x00, 0x00, 0x00, 0x00, 0x00, 0x00,
  0x00, 0x00, 0x00, 0x00, 0x00, 0x00, 0x01, 0x6E, 0xB6, 0xAB, 0x55, 0x5B, 0x56, 0xDB, 0xFF, 0xBF,
  0xE0, 0x7E, 0xEF, 0xBF, 0xED, 0x6D, 0x6B, 0x55, 0xB6, 0xEB, 0xAA, 0xFF, 0xCF, 0xBF, 0xD7, 0x6A,
  0xAA, 0xDB, 0x6A, 0xFF, 0xFF, 0xFF, 0xF6, 0xDB, 0x6D, 0xAF, 0xBF, 0xFF, 0xFF, 0xFF, 0xFD, 0xFF,
  0xFF, 0xFF, 0x7F, 0xDF, 0xFF, 0x80, 0x00, 0x00, 0x00, 0x00, 0x00, 0x00, 0x00, 0x00, 0x00, 0x00,
  0x00, 0x00, 0x00, 0x00, 0x00, 0x00, 0x00, 0x00, 0x00, 0x00, 0x00, 0x00, 0x00, 0x00, 0x00, 0x00,
  0x00, 0x00, 0x00, 0x00, 0x00, 0x00, 0x00, 0x00, 0x00, 0x00, 0x00, 0x00, 0x00, 0x00, 0x00, 0x00,
  0x00, 0x00, 0x00, 0x00, 0x00, 0x00, 0x00, 0x00, 0x00, 0x00, 0x01, 0xB5, 0xAA, 0xBA, 0xB5, 0xAD,
  0x6B, 0x56, 0xFD, 0xFD, 0xB8, 0x3B, 0xFF, 0xFF, 0xF5, 0xB7, 0xB5, 0xB6, 0xAB, 0x5A, 0xB6, 0xFB,
  0xF2, 0xFF, 0xED, 0x57, 0x76, 0xAD, 0x57, 0x5F, 0xFF, 0xFF, 0xFB, 0x6D, 0xB6, 0xF5, 0xED, 0xFF,
  0xFF, 0xFF, 0xFF, 0xFF, 0xFF, 0xF7, 0xEF, 0xFF, 0xFF, 0x80, 0x00, 0x00, 0x00, 0x00, 0x00, 0x00,
  0x00, 0x00, 0x00, 0x00, 0x00, 0x00, 0x00, 0x00, 0x00, 0x00, 0x00, 0x00, 0x00, 0x00, 0x00, 0x00,
  0x00, 0x00, 0x00, 0x00, 0x00, 0x00, 0x00, 0x00, 0x00, 0x00, 0x00, 0x00, 0x00, 0x00, 0x00, 0x00,
  0x00, 0x00, 0x00, 0x00, 0x00, 0x00, 0x00, 0x00, 0x00, 0x00, 0x00, 0x00, 0x00, 0x00, 0x00, 0xDA,
  0xDB, 0x56, 0xDA, 0xF6, 0xB5, 0x6B, 0xBF, 0xEF, 0xFC, 0x0F, 0xFD, 0xFF, 0xFD, 0x54, 0xAD, 0x5A,
  0xDD, 0x6D, 0xAB, 0x5F, 0xF9, 0xFF, 0xF5, 0xBA, 0xAB, 0x75, 0xBA, 0xD7, 0xFF, 0xFF, 0xFE, 0xB6,
  0xDB, 0x5E, 0xBF, 0xDF, 0xFF, 0xFF, 0xFF, 0xDF, 0xFF, 0xFF, 0xFE, 0xFF, 0xFF, 0x80, 0x00, 0x00,
  0x00, 0x00, 0x00, 0x00, 0x00, 0x00, 0x00, 0x00, 0x00, 0x00, 0x00, 0x00, 0x00, 0x00, 0x00, 0x00,
  0x00, 0x00, 0x00, 0x00, 0x00, 0x00, 0x00, 0x00, 0x00, 0x00, 0x00, 0x00, 0x00, 0x00, 0x00, 0x00,
  0x00, 0x00, 0x00, 0x00, 0x00, 0x00, 0x00, 0x00, 0x00, 0x00, 0x00, 0x00, 0x00, 0x00, 0x00, 0x00,
  0x00, 0x00, 0x01, 0x57, 0x6D, 0xDB, 0x6F, 0x55, 0xDD, 0xB5, 0x77, 0xFF, 0xFF, 0x06, 0xDF, 0xFB,
  0xFF, 0x6B, 0x76, 0xEB, 0x6B, 0x56, 0xDD, 0x57, 0xBE, 0x7B, 0xFE, 0xD6, 0xDD, 0xAE, 0xD7, 0x6B,
  0xFF, 0xFF, 0xFF, 0xAB, 0x6D, 0xAB, 0xF7, 0x7F, 0xFF, 0xFF, 0xFF, 0xFF, 0xFF, 0xDD, 0xBF, 0xF7,
  0xFF, 0x80, 0x00, 0x00, 0x00, 0x00, 0x00, 0x00, 0x00, 0x00, 0x00, 0x00, 0x00, 0x00, 0x00, 0x00,
  0x00, 0x00, 0x00, 0x00, 0x00, 0x00, 0x00, 0x00, 0x00, 0x00, 0x00, 0x00, 0x00, 0x00, 0x00, 0x00,
  0x00, 0x00, 0x00, 0x00, 0x00, 0x00, 0x00, 0x00, 0x00, 0x00, 0x00, 0x00, 0x00, 0x00, 0x00, 0x00,
  0x00, 0x00, 0x00, 0x00, 0x00, 0x00, 0x01, 0xBA, 0xB5, 0x55, 0xA9, 0x5B, 0x56, 0xDA, 0xBF, 0xFF,
  0x6F, 0xC1, 0xFF, 0xDF, 0xFF, 0xBD, 0xAB, 0x5D, 0xAD, 0xB5, 0x6B, 0x6D, 0xFF, 0x9F, 0xFF, 0x6B,
  0x6A, 0xD5, 0x6A, 0xB5, 0x7F, 0xFF, 0xFF, 0xED, 0xB6, 0xF6, 0xBD, 0xFF, 0xFF, 0xFF, 0xFF, 0xFF,
  0xFF, 0xFF, 0xFB, 0xDF, 0xFF, 0x80, 0x00, 0x00, 0x00, 0x00, 0x00, 0x00, 0x00, 0x00, 0x00, 0x00,
  0x00, 0x00, 0x00, 0x00, 0x00, 0x00, 0x00, 0x00, 0x00, 0x00, 0x00, 0x00, 0x00, 0x00, 0x00, 0x00,
  0x00, 0x00, 0x00, 0x00, 0x00, 0x00, 0x00, 0x00, 0x00, 0x00, 0x00, 0x00, 0x00, 0x00, 0x00, 0x00,
  0x00, 0x00, 0x00, 0x00, 0x00, 0x00, 0x00, 0x00, 0x00, 0x00, 0x00, 0xD5, 0xD6, 0xB6, 0xB7, 0xB5,
  0x6B, 0x57, 0x55, 0xDD, 0xFD, 0xE0, 0xB6, 0xFF, 0xFF, 0xCA, 0xDA, 0xAA, 0xB5, 0x5B, 0x5A, 0xB6,
  0xFF, 0xCF, 0x7F, 0xBA, 0xB7, 0x77, 0xBB, 0xDE, 0xFF, 0xFF, 0xFF, 0xF6, 0xD5, 0x5B, 0xD7, 0xFF,
  0xFF, 0xFF, 0xFF, 0xFD, 0xFF, 0x7F, 0xFF, 0xFF, 0xFF, 0x80, 0x00, 0x00, 0x00, 0x00, 0x00, 0x00,
  0x00, 0x00, 0x00, 0x00, 0x00, 0x00, 0x00, 0x00, 0x00, 0x00, 0x00, 0x00, 0x00, 0x00, 0x00, 0x00,
  0x00, 0x00, 0x00, 0x00, 0x00, 0x00, 0x00, 0x00, 0x00, 0x00, 0x00, 0x00, 0x00, 0x00, 0x00, 0x00,
  0x00, 0x00, 0x00, 0x00, 0x00, 0x00, 0x00, 0x00, 0x00, 0x00, 0x00, 0x00, 0x00, 0x00, 0x01, 0x6E,
  0xAB, 0x5A, 0xDA, 0xDE, 0xB5, 0x6D, 0xD7, 0x7F, 0xFF, 0xB8, 0x7F, 0xFF, 0xFF, 0xF7, 0x6D, 0xDB,
  0x5B, 0x6D, 0xAD, 0xDB, 0x7B, 0x73, 0xFF, 0xCD, 0xDA, 0xAA, 0xAD, 0x53, 0x5F, 0xFF, 0xFF, 0xFA,
  0xBB, 0xAD, 0x7E, 0xFF, 0xFF, 0xFF, 0xFF, 0xFF, 0xFF, 0xED, 0xDE, 0xFF, 0xFF, 0x80, 0x00, 0x00,
  0x00, 0x00, 0x00, 0x00, 0x00, 0x00, 0x00, 0x00, 0x00, 0x00, 0x00, 0x00, 0x00, 0x00, 0x00, 0x00,
  0x00, 0x00, 0x00, 0x00, 0x00, 0x00, 0x00, 0x00, 0x00, 0x00, 0x00, 0x00, 0x00, 0x00, 0x00, 0x00,
  0x00, 0x00, 0x00, 0x00, 0x00, 0x00, 0x00, 0x00, 0x00, 0x00, 0x00, 0x00, 0x00, 0x00, 0x00, 0x00,
  0x00, 0x00, 0x01, 0xB5, 0x7A, 0xEB, 0x55, 0x6B, 0xDB, 0xB5, 0x6B, 0xFF, 0xFF, 0xFC, 0x1F, 0xDD,
  0xBF, 0xFD, 0x56, 0xAD, 0xED, 0xB5, 0x76, 0xAD, 0xAF, 0xF9, 0xEF, 0xF6, 0xAB, 0x5D, 0xB5, 0x6D,
  0xAF, 0xFF, 0xFF, 0xFF, 0x56, 0xDB, 0x57, 0xB7, 0xFF, 0xFF, 0xFF, 0xFF, 0xDF, 0xFF, 0xFB, 0xFF,
  0xFF, 0x80, 0x00, 0x00, 0x00, 0x00, 0x00, 0x00, 0x00, 0x00, 0x00, 0x00, 0x00, 0x00, 0x00, 0x00,
  0x00, 0x00, 0x00, 0x00, 0x00, 0x00, 0x00, 0x00, 0x00, 0x00, 0x00, 0x00, 0x00, 0x00, 0x00, 0x00,
  0x00, 0x00, 0x00, 0x00, 0x00, 0x00, 0x00, 0x00, 0x00, 0x00, 0x00, 0x00, 0x00, 0x00, 0x00, 0x00,
  0x00, 0x00, 0x00, 0x00, 0x00, 0x00, 0x00, 0xAB, 0xAD, 0x5A, 0xDE, 0xAA, 0x55, 0x56, 0xBA, 0xBF,
  0xDB, 0xEF, 0x05, 0xFF, 0xFF, 0xFE, 0xEA, 0xF6, 0xAA, 0xD6, 0xAB, 0x75, 0x7F, 0xFE, 0x7D, 0xFD,
  0x6D, 0xEA, 0xDB, 0xB6, 0xD3, 0xFF, 0xFF, 0xFF, 0xED, 0x6D, 0xED, 0xFF, 0xFF, 0xFF, 0xFF, 0xFF,
  0xFD, 0xBF, 0x7F, 0xFF, 0xFF, 0x80, 0x00, 0x00, 0x00, 0x00, 0x00, 0x00, 0x00, 0x00, 0x00, 0x00,
  0x00, 0x00, 0x00, 0x00, 0x00, 0x00, 0x00, 0x00, 0x00, 0x00, 0x00, 0x00, 0x00, 0x00, 0x00, 0x00,
  0x00, 0x00, 0x00, 0x00, 0x00, 0x00, 0x00, 0x00, 0x00, 0x00, 0x00, 0x00, 0x00, 0x00, 0x00, 0x00,
  0x00, 0x00, 0x00, 0x00, 0x00, 0x00, 0x00, 0x00, 0x00, 0x00, 0x01, 0xDD, 0x56, 0xD7, 0x6B, 0x77,
  0xBD, 0xB5, 0x4D, 0x6B, 0xFF, 0x7D, 0x82, 0xF7, 0xFB, 0xFF, 0xBD, 0x55, 0x5B, 0x5B, 0xDA, 0xAB,
  0xA5, 0xFF, 0x9F, 0xFF, 0xB6, 0xAE, 0xAD, 0x5B, 0x7D, 0x7F, 0xFF, 0xFF, 0xDB, 0xB6, 0xB7, 0x7F,
  0xFF, 0xFF, 0xFF, 0xFF, 0xFF, 0xF7, 0xFF, 0xFF, 0xFF, 0x80, 0x00, 0x00, 0x00, 0x00, 0x00, 0x00,
  0x00, 0x00, 0x00, 0x00, 0x00, 0x00, 0x00, 0x00, 0x00, 0x00, 0x00, 0x00, 0x00, 0x00, 0x00, 0x00,
  0x00, 0x00, 0x00, 0x00, 0x00, 0x00, 0x00, 0x00, 0x00, 0x00, 0x00, 0x00, 0x00, 0x00, 0x00, 0x00,
  0x00, 0x00, 0x00, 0x00, 0x00, 0x00, 0x00, 0x00, 0x00, 0x00, 0x00, 0x00, 0x00, 0x00, 0x00, 0xAA,
  0xEB, 0x6A, 0xAA, 0xAA, 0xD6, 0xDB, 0x75, 0xBF, 0x7F, 0xF7, 0xE1, 0x7F, 0xEF, 0xFF, 0xCB, 0xAE,
  0xED, 0x6D, 0x56, 0xDD, 0x5B, 0xFF, 0xEF, 0xFF, 0xAA, 0xB5, 0xF6, 0xED, 0x4A, 0xFF, 0xFF, 0xFF,
  0xF6, 0xDB, 0x5D, 0xDF, 0xFF, 0xFF, 0xFF, 0xFF, 0xFF, 0xFF, 0xDF, 0xFF, 0xFF, 0x80, 0x00, 0x00,
  0x00, 0x00, 0x00, 0x00, 0x00, 0x00, 0x00, 0x00, 0x00, 0x00, 0x00, 0x00, 0x00, 0x00, 0x00, 0x00,
  0x00, 0x00, 0x00, 0x00, 0x00, 0x00, 0x00, 0x00, 0x00, 0x00, 0x00, 0x00, 0x00, 0x00, 0x00, 0x00,
  0x00, 0x00, 0x00, 0x00, 0x00, 0x00, 0x00, 0x00, 0x00, 0x00, 0x00, 0x00, 0x00, 0x00, 0x00, 0x00,
  0x00, 0x00, 0x01, 0x77, 0x5A, 0xB6, 0xDB, 0xBB, 0x55, 0x55, 0xAA, 0xA7, 0xFF, 0xFF, 0x70, 0xBD,
  0xBF, 0xFF, 0xF5, 0x75, 0xAB, 0xB5, 0x6B, 0x6A, 0xED, 0x5D, 0xE5, 0xBF, 0xEF, 0x5B, 0x5B, 0x55,
  0xB7, 0x5F, 0xFF, 0xFF, 0xFD, 0x6D, 0xEB, 0xFB, 0xFF, 0xFF, 0xFF, 0xFF, 0xFD, 0xBD, 0xFF, 0xFF,
  0xFF, 0x80, 0x00, 0x00, 0x00, 0x00, 0x00, 0x00, 0x00, 0x00, 0x00, 0x00, 0x00, 0x00, 0x00, 0x00,
  0x00, 0x00, 0x00, 0x00, 0x00, 0x00, 0x00, 0x00, 0x00, 0x00, 0x00, 0x00, 0x00, 0x00, 0x00, 0x00,
  0x00, 0x00, 0x00, 0x00, 0x00, 0x00, 0x00, 0x00, 0x00, 0x00, 0x00, 0x00, 0x00, 0x00, 0x00, 0x00,
  0x00, 0x00, 0x00, 0x00, 0x00, 0x00, 0x01, 0xAD, 0x6D, 0xAB, 0x6D, 0x55, 0x6D, 0xAD, 0x5D, 0xB9,
  0xBD, 0xDF, 0xFC, 0x2F, 0xFF, 0xBF, 0xFD, 0xAD, 0x6D, 0x56, 0xBD, 0xAD, 0x56, 0xF7, 0xBA, 0xFF,
  0xF5, 0xED, 0xAD, 0xB6, 0xDA, 0xAB, 0xFF, 0xFF, 0xFF, 0xB6, 0xBE, 0xBF, 0xFF, 0xFF, 0xFF, 0xFF,
  0xFF, 0xFF, 0xFB, 0xFF, 0xFF, 0x80, 0x00, 0x00, 0x00, 0x00, 0x00, 0x00, 0x00, 0x00, 0x00, 0x00,
  0x00, 0x00, 0x00, 0x00, 0x00, 0x00, 0x00, 0x00, 0x00, 0x00, 0x00, 0x00, 0x00, 0x00, 0x00, 0x00,
  0x00, 0x00, 0x00, 0x00, 0x00, 0x00, 0x00, 0x00, 0x00, 0x00, 0x00, 0x00, 0x00, 0x00, 0x00, 0x00,
  0x00, 0x00, 0x00, 0x00, 0x00, 0x00, 0x00, 0x00, 0x00, 0x00, 0x00, 0xD5, 0xB6, 0xDD, 0x55, 0xDB,
  0xB6, 0xD6, 0xD6, 0xCD, 0xEF, 0xFD, 0xDE, 0x0B, 0xFE, 0xFF, 0xFE, 0xD6, 0xB5, 0xB5, 0xD5, 0x77,
  0xBB, 0x5F, 0xFE, 0xF7, 0xFD, 0x56, 0xF6, 0xDB, 0x6D, 0xD7, 0xFF, 0xFF, 0xFF, 0x5B, 0x57, 0xFF,
  0xFF, 0xFF, 0xFF, 0xFF, 0xF7, 0xEF, 0x7F, 0xFF, 0xFF, 0x80, 0x00, 0x00, 0x00, 0x00, 0x00, 0x00,
  0x00, 0x00, 0x00, 0x00, 0x00, 0x00, 0x00, 0x00, 0x00, 0x00, 0x00, 0x00, 0x00, 0x00, 0x00, 0x00,
  0x00, 0x00, 0x00, 0x00, 0x00, 0x00, 0x00, 0x00, 0x00, 0x00, 0x00, 0x00, 0x00, 0x00, 0x00, 0x00,
  0x00, 0x00, 0x00, 0x00, 0x00, 0x00, 0x00, 0x00, 0x00, 0x00, 0x00, 0x00, 0x00, 0x00, 0x01, 0x7A,
  0xD5, 0x6A, 0xDA, 0xAD, 0x5A, 0xBA, 0xB5, 0x76, 0x7F, 0xFF, 0xFB, 0x87, 0x77, 0xFD, 0xFF, 0x6B,
  0xDA, 0xDA, 0xAB, 0x54, 0xD5, 0x6B, 0xFF, 0x9E, 0xFF, 0x7B, 0x5A, 0xAD, 0xB6, 0xBA, 0xFF, 0xFF,
  0xFF, 0xED, 0xED, 0x6F, 0xFF, 0xFF, 0xFF, 0xFF, 0xFE, 0xFF, 0xFF, 0xFF, 0xFF, 0x80, 0x00, 0x00,
  0x00, 0x00, 0x00, 0x00, 0x00, 0x00, 0x00, 0x00, 0x00, 0x00, 0x00, 0x00, 0x00, 0x00, 0x00, 0x00,
  0x00, 0x00, 0x00, 0x00, 0x00, 0x00, 0x00, 0x00, 0x00, 0x00, 0x00, 0x00, 0x00, 0x00, 0x00, 0x00,
  0x00, 0x00, 0x00, 0x00, 0x00, 0x00, 0x00, 0x00, 0x00, 0x00, 0x00, 0x00, 0x00, 0x00, 0x00, 0x00,
  0x00, 0x00, 0x01, 0xAF, 0x5B, 0x57, 0x6E, 0xD6, 0xD6, 0xD5, 0xD6, 0xAB, 0x57, 0x7F, 0xFF, 0xD1,
  0xDF, 0xF7, 0xFF, 0xBD, 0x57, 0x57, 0x75, 0xB7, 0x5B, 0xAD, 0xFF, 0xEF, 0xFF, 0xAA, 0xD7, 0x76,
  0xD5, 0xD5, 0x5F, 0xFF, 0xFF, 0xF6, 0xBB, 0xFF, 0xFF, 0xFF, 0xFF, 0xFF, 0xFF, 0xFB, 0xFF, 0xFF,
  0xFF, 0x80, 0x00, 0x00, 0x00, 0x00, 0x00, 0x00, 0x00, 0x00, 0x00, 0x00, 0x00, 0x00, 0x00, 0x00,
  0x00, 0x00, 0x00, 0x00, 0x00, 0x00, 0x00, 0x00, 0x00, 0x00, 0x00, 0x00, 0x00, 0x00, 0x00, 0x00,
  0x00, 0x00, 0x00, 0x00, 0x00, 0x00, 0x00, 0x00, 0x00, 0x00, 0x00, 0x00, 0x00, 0x00, 0x00, 0x00,
  0x00, 0x00, 0x00, 0x00, 0x00, 0x00, 0x00, 0xA9, 0x6D, 0xB9, 0x55, 0x75, 0x6B, 0x56, 0xAB, 0x55,
  0x5D, 0xFB, 0xBE, 0xE0, 0x7F, 0xDF, 0xFF, 0xE5, 0x6A, 0xB5, 0xAE, 0xDA, 0xED, 0x76, 0xBD, 0xEB,
  0xDF, 0xEF, 0x6A, 0xDA, 0xB6, 0xB6, 0xBB, 0x7F, 0xFF, 0xFD, 0xAF, 0xFF, 0xFF, 0xFF, 0xFF, 0xFF,
  0xDB, 0xBF, 0xEF, 0xFF, 0xFF, 0x80, 0x00, 0x00, 0x00, 0x00, 0x00, 0x00, 0x00, 0x00, 0x00, 0x00,
  0x00, 0x00, 0x00, 0x00, 0x00, 0x00, 0x00, 0x00, 0x00, 0x00, 0x00, 0x00, 0x00, 0x00, 0x00, 0x00,
  0x00, 0x00, 0x00, 0x00, 0x00, 0x00, 0x00, 0x00, 0x00, 0x00, 0x00, 0x00, 0x00, 0x00, 0x00, 0x00,
  0x00, 0x00, 0x00, 0x00, 0x00, 0x00, 0x00, 0x00, 0x00, 0x00, 0x01, 0xB7, 0xB6, 0xCE, 0xDB, 0xAD,
  0xB5, 0x6A, 0xDD, 0xBA, 0xE7, 0xFF, 0xF7, 0xFC, 0x5D, 0xFF, 0xFF, 0xFD, 0xBB, 0x5A, 0xB5, 0x55,
  0x56, 0xAA, 0xDF, 0xBA, 0xFF, 0xF9, 0xBD, 0xAD, 0xDB, 0x5B, 0xCF, 0xF7, 0x7F, 0xFE, 0xFA, 0xDF,
  0xFF, 0xFF, 0xFF, 0xFF, 0xFF, 0xFF, 0x7F, 0xFF, 0xFF, 0x80, 0x00, 0x00, 0x00, 0x00, 0x00, 0x00,
  0x00, 0x00, 0x00, 0x00, 0x00, 0x00, 0x00, 0x00, 0x00, 0x00, 0x00, 0x00, 0x00, 0x00, 0x00, 0x00,
  0x00, 0x00, 0x00, 0x00, 0x00, 0x00, 0x00, 0x00, 0x00, 0x00, 0x00, 0x00, 0x00, 0x00, 0x00, 0x00,
  0x00, 0x00, 0x00, 0x00, 0x00, 0x00, 0x00, 0x00, 0x00, 0x00, 0x00, 0x00, 0x00, 0x00, 0x00, 0xDA,
  0xD5, 0x73, 0x6D, 0x56, 0xDB, 0xB7, 0x6A, 0xD7, 0x5A, 0xBF, 0xFF, 0xBE, 0x17, 0xFF, 0xDF, 0xFE,
  0xD5, 0xED, 0xD6, 0xDB, 0xBB, 0x6F, 0x6F, 0xFE, 0xBF, 0xFE, 0xD6, 0xD6, 0xAD, 0xED, 0x75, 0xFF,
  0xDF, 0xFF, 0xAF, 0xFF, 0xFF, 0xFF, 0xFF, 0xFF, 0x7F, 0xED, 0xFF, 0xFF, 0xFF, 0x80, 0x00, 0x00,
  0x00, 0x00, 0x00, 0x00, 0x00, 0x00, 0x00, 0x00, 0x00, 0x00, 0x00, 0x00, 0x00, 0x00, 0x00, 0x00,
  0x00, 0x00, 0x00, 0x00, 0x00, 0x00, 0x00, 0x00, 0x00, 0x00, 0x00, 0x00, 0x00, 0x00, 0x00, 0x00,
  0x00, 0x00, 0x00, 0x00, 0x00, 0x00, 0x00, 0x00, 0x00, 0x00, 0x00, 0x00, 0x00, 0x00, 0x00, 0x00,
  0x00, 0x00, 0x01, 0x6D, 0x6D, 0x9D, 0x55, 0x75, 0x55, 0x5A, 0xAD, 0x59, 0x6A, 0xEF, 0xFF, 0xF7,
  0x8B, 0x77, 0x7F, 0xFF, 0x5E, 0xAA, 0xBB, 0x6D, 0x55, 0xB5, 0x57, 0xFF, 0xDB, 0xFF, 0x5B, 0x75,
  0xB6, 0xAA, 0xAD, 0xFF, 0xF7, 0xFF, 0xFB, 0xFF, 0xFF, 0xFF, 0xFF, 0xFF, 0xED, 0xBF, 0xFF, 0xFF,
  0xFF, 0x80, 0x00, 0x00, 0x00, 0x00, 0x00, 0x00, 0x00, 0x00, 0x00, 0x00, 0x00, 0x00, 0x00, 0x00,
  0x00, 0x00, 0x00, 0x00, 0x00, 0x00, 0x00, 0x00, 0x00, 0x00, 0x00, 0x00, 0x00, 0x00, 0x00, 0x00,
  0x00, 0x00, 0x00, 0x00, 0x00, 0x00, 0x00, 0x00, 0x00, 0x00, 0x00, 0x00, 0x00, 0x00, 0x00, 0x00,
  0x00, 0x00, 0x00, 0x00, 0x00, 0x00, 0x01, 0xB6, 0xB6, 0xE5, 0xB6, 0xAD, 0xB6, 0xAB, 0x6B, 0x6E,
  0xAD, 0x5B, 0x76, 0xFF, 0xC3, 0xFF, 0xFF, 0xFF, 0xD2, 0xB7, 0x55, 0x56, 0xED, 0x5B, 0xBA, 0xFF,
  0xDF, 0x7F, 0xAD, 0x5A, 0xDB, 0x77, 0x56, 0xBD, 0xFA, 0xFF, 0xFF, 0xFF, 0xFF, 0xFF, 0xFF, 0xFF,
  0xFF, 0xFF, 0xFF, 0xFF, 0xFF, 0x80, 0x00, 0x00, 0x00, 0x00, 0x00, 0x00, 0x00, 0x00, 0x00, 0x00,
  0x00, 0x00, 0x00, 0x00, 0x00, 0x00, 0x00, 0x00, 0x00, 0x00, 0x00, 0x00, 0x00, 0x00, 0x00, 0x00,
  0x00, 0x00, 0x00, 0x00, 0x00, 0x00, 0x00, 0x00, 0x00, 0x00, 0x00, 0x00, 0x00, 0x00, 0x00, 0x00,
  0x00, 0x00, 0x00, 0x00, 0x00, 0x00, 0x00, 0x00, 0x00, 0x00, 0x00, 0xAB, 0xDA, 0xBA, 0xDB, 0xB6,
  0xDB, 0x6D, 0xB5, 0xAA, 0xD6, 0xAF, 0xFF, 0xFD, 0x70, 0xDF, 0xFB, 0xFF, 0xEE, 0xDA, 0xDB, 0xBB,
  0x56, 0xED, 0x6B, 0x77, 0x75, 0xF7, 0xF5, 0xAF, 0x6D, 0xAA, 0xEB, 0x5F, 0xBF, 0xBF, 0xFD, 0xFF,
  0xFF, 0xFF, 0xFF, 0xFB, 0x7F, 0xFF, 0xFF, 0xFF, 0xFF, 0x80, 0x00, 0x00, 0x00, 0x00, 0x00, 0x00,
  0x00, 0x00, 0x00, 0x00, 0x00, 0x00, 0x00, 0x00, 0x00, 0x00, 0x00, 0x00, 0x00, 0x00, 0x00, 0x00,
  0x00, 0x00, 0x00, 0x00, 0x00, 0x00, 0x00, 0x00, 0x00, 0x00, 0x00, 0x00, 0x00, 0x00, 0x00, 0x00,
  0x00, 0x00, 0x00, 0x00, 0x00, 0x00, 0x00, 0x00, 0x00, 0x00, 0x00, 0x00, 0x00, 0x00, 0x01, 0xBA,
  0xAD, 0xAB, 0x55, 0x55, 0x55, 0xB5, 0x5D, 0x6B, 0x6B, 0x6B, 0x7F, 0xEF, 0xF8, 0x7B, 0x7F, 0xBF,
  0xFB, 0x6B, 0x6D, 0x55, 0x6B, 0x55, 0xAD, 0xBF, 0xFB, 0xDF, 0xFA, 0xF5, 0x56, 0xDD, 0x5D, 0xD7,
  0xFE, 0xFB, 0xFF, 0xFF, 0xFF, 0xFF, 0xFF, 0xFF, 0xEE, 0xFF, 0xFF, 0xFF, 0xFF, 0x80, 0x00, 0x00,
  0x00, 0x00, 0x00, 0x00, 0x00, 0x00, 0x00, 0x00, 0x00, 0x00, 0x00, 0x00, 0x00, 0x00, 0x00, 0x00,
  0x00, 0x00, 0x00, 0x00, 0x00, 0x00, 0x00, 0x00, 0x00, 0x00, 0x00, 0x00, 0x00, 0x00, 0x00, 0x00,
  0x00, 0x00, 0x00, 0x00, 0x00, 0x00, 0x00, 0x00, 0x00, 0x00, 0x00, 0x00, 0x00, 0x00, 0x00, 0x00,
  0x00, 0x00, 0x00, 0xD6, 0xF6, 0xAD, 0x6D, 0xB6, 0xDA, 0xD6, 0xD6, 0xB5, 0xB5, 0xB5, 0xDF, 0xBF,
  0xEE, 0x1F, 0xEF, 0xFF, 0xFD, 0x55, 0xAA, 0xED, 0xBD, 0xBA, 0xD6, 0xAF, 0xFE, 0x7F, 0xFF, 0x55,
  0xBB, 0x6B, 0x6A, 0xB7, 0xF7, 0xDF, 0xDF, 0xFF, 0xFF, 0xFF, 0xFF, 0xEF, 0xFF, 0xDF, 0xFF, 0xFF,
  0xFF, 0x80, 0x00, 0x00, 0x00, 0x00, 0x00, 0x00, 0x00, 0x00, 0x00, 0x00, 0x00, 0x00, 0x00, 0x00,
  0x00, 0x00, 0x00, 0x00, 0x00, 0x00, 0x00, 0x00, 0x00, 0x00, 0x00, 0x00, 0x00, 0x00, 0x00, 0x00,
  0x00, 0x00, 0x00, 0x00, 0x00, 0x00, 0x00, 0x00, 0x00, 0x00, 0x00, 0x00, 0x00, 0x00, 0x00, 0x00,
  0x00, 0x00, 0x00, 0x00, 0x00, 0x00, 0x01, 0x5B, 0x55, 0x6B, 0xB6, 0xDB, 0x6D, 0x5B, 0x6B, 0xAE,
  0xAD, 0x5A, 0xFF, 0xFF, 0xBF, 0x0B, 0xFF, 0xFF, 0xFF, 0x6E, 0xB7, 0x56, 0xD5, 0x57, 0x7A, 0xD7,
  0xDF, 0xDF, 0xFE, 0xBA, 0xD5, 0xB5, 0xB6, 0xD9, 0x7F, 0xEE, 0xFE, 0xFF, 0xFF, 0xFF, 0xFF, 0xFD,
  0xBF, 0xFF, 0xFF, 0xFF, 0xFF, 0x80, 0x00, 0x00, 0x00, 0x00, 0x00, 0x00, 0x00, 0x00, 0x00, 0x00,
  0x00, 0x00, 0x00, 0x00, 0x00, 0x00, 0x00, 0x00, 0x00, 0x00, 0x00, 0x00, 0x00, 0x00, 0x00, 0x00,
  0x00, 0x00, 0x00, 0x00, 0x00, 0x00, 0x00, 0x00, 0x00, 0x00, 0x00, 0x00, 0x00, 0x00, 0x00, 0x00,
  0x00, 0x00, 0x00, 0x00, 0x00, 0x00, 0x00, 0x00, 0x00, 0x00, 0x01, 0x6D, 0xAD, 0xB5, 0x55, 0x55,
  0x57, 0x6A, 0xB5, 0x75, 0x56, 0xAD, 0x56, 0xFD, 0xFF, 0xC5, 0xBD, 0xEF, 0xFF, 0xB5, 0xDA, 0xBB,
  0x56, 0xEA, 0xAB, 0x7A, 0xFF, 0xED, 0xBF, 0xD7, 0x7E, 0xDE, 0xDB, 0x6E, 0xFF, 0x7B, 0xFB, 0xFF,
  0xFF, 0xFF, 0xFF, 0x7F, 0xFB, 0xFF, 0xFF, 0xFF, 0xFF, 0x80, 0x00, 0x00, 0x00, 0x00, 0x00, 0x00,
  0x00, 0x00, 0x00, 0x00, 0x00, 0x00, 0x00, 0x00, 0x00, 0x00, 0x00, 0x00, 0x00, 0x00, 0x00, 0x00,
  0x00, 0x00, 0x00, 0x00, 0x00, 0x00, 0x00, 0x00, 0x00, 0x00, 0x00, 0x00, 0x00, 0x00, 0x00, 0x00,
  0x00, 0x00, 0x00, 0x00, 0x00, 0x00, 0x00, 0x00, 0x00, 0x00, 0x00, 0x00, 0x00, 0x00, 0x01, 0xB5,
  0x76, 0xAD, 0xB6, 0xDA, 0xDA, 0xAD, 0xAD, 0xAB, 0x75, 0xD6, 0xBF, 0xFF, 0xFB, 0xE2, 0xFF, 0xBE,
  0xFF, 0xD6, 0x6D, 0xD5, 0xBB, 0x5D, 0xAD, 0xAB, 0x7D, 0xB7, 0xFF, 0xED, 0xA5, 0x65, 0x55, 0xAB,
  0x5F, 0xFE, 0xEF, 0xDF, 0xFF, 0xFF, 0xFF, 0xEF, 0xFF, 0x7F, 0xFF, 0xFF, 0xFF, 0x80, 0x00, 0x00,
  0x00, 0x00, 0x00, 0x00, 0x00, 0x00, 0x00, 0x00, 0x00, 0x00, 0x00, 0x00, 0x00, 0x00, 0x00, 0x00,
  0x00, 0x00, 0x00, 0x00, 0x00, 0x00, 0x00, 0x00, 0x00, 0x00, 0x00, 0x00, 0x00, 0x00, 0x00, 0x00,
  0x00, 0x00, 0x00, 0x00, 0x00, 0x00, 0x00, 0x00, 0x00, 0x00, 0x00, 0x00, 0x00, 0x00, 0x00, 0x00,
  0x00, 0x00, 0x00, 0xAB, 0x55, 0x6A, 0xDB, 0x6D, 0x6B, 0x76, 0xDA, 0xB5, 0xAD, 0x5B, 0x55, 0xF7,
  0xFF, 0x78, 0xB7, 0xFF, 0xFF, 0xFB, 0xB6, 0xB6, 0xD5, 0x6A, 0xF6, 0xAD, 0xBF, 0xFD, 0xF7, 0xFA,
  0xDB, 0xBB, 0x6E, 0xB5, 0xAB, 0xFB, 0xBF, 0xFF, 0xFF, 0xFF, 0xFF, 0xFE, 0xEF, 0xFF, 0xFF, 0xFF,
  0xFF, 0x80, 0x00, 0x00, 0x00, 0x00, 0x00, 0x00, 0x00, 0x00, 0x00, 0x00, 0x00, 0x00, 0x00, 0x00,
  0x00, 0x00, 0x00, 0x00, 0x00, 0x00, 0x00, 0x00, 0x00, 0x00, 0x00, 0x00, 0x00, 0x00, 0x00, 0x00,
  0x00, 0x00, 0x00, 0x00, 0x00, 0x00, 0x00, 0x00, 0x00, 0x00, 0x00, 0x00, 0x00, 0x00, 0x00, 0x00,
  0x00, 0x00, 0x00, 0x00, 0x00, 0x00, 0x01, 0xB5, 0xAB, 0xAD, 0x55, 0x57, 0x5A, 0xAA, 0xB7, 0x5A,
  0xB6, 0xAA, 0xD6, 0xBF, 0xDF, 0xFC, 0x5E, 0xFF, 0xEF, 0xFD, 0x55, 0x5B, 0x5B, 0xAF, 0x55, 0x76,
  0xD7, 0xFE, 0xBF, 0xFE, 0xB6, 0xAD, 0xB5, 0xAE, 0xEF, 0xDF, 0xEF, 0xFB, 0xFF, 0xFF, 0xFB, 0x7B,
  0xFF, 0xFF, 0xFF, 0xFF, 0xFF, 0x80, 0x00, 0x00, 0x00, 0x00, 0x00, 0x00, 0x00, 0x00, 0x00, 0x00,
  0x00, 0x00, 0x00, 0x00, 0x00, 0x00, 0x00, 0x00, 0x00, 0x00, 0x00, 0x00, 0x00, 0x00, 0x00, 0x00,
  0x00, 0x00, 0x00, 0x00, 0x00, 0x00, 0x00, 0x00, 0x00, 0x00, 0x00, 0x00, 0x00, 0x00, 0x00, 0x00,
  0x00, 0x00, 0x00, 0x00, 0x00, 0x00, 0x00, 0x00, 0x00, 0x00, 0x00, 0xDE, 0xDC, 0xB6, 0xDB, 0x6A,
  0xED, 0xDB, 0x6A, 0xEE, 0xD5, 0xED, 0x6A, 0xFF, 0x7D, 0xEF, 0x2F, 0xF7, 0x7F, 0xFE, 0xED, 0xED,
  0x6D, 0x69, 0x5B, 0xAA, 0xAF, 0xFF, 0xDF, 0xFF, 0x5A, 0xD6, 0xDA, 0xF5, 0x59, 0x7F, 0xBB, 0x7F,
  0x7F, 0xFF, 0xFF, 0xEF, 0xFD, 0xFF, 0xFF, 0xFF, 0xFF, 0x80, 0x00, 0x00, 0x00, 0x00, 0x00, 0x00,
  0x00, 0x00, 0x00, 0x00, 0x00, 0x00, 0x00, 0x00, 0x00, 0x00, 0x00, 0x00, 0x00, 0x00, 0x00, 0x00,
  0x00, 0x00, 0x00, 0x00, 0x00, 0x00, 0x00, 0x00, 0x00, 0x00, 0x00, 0x00, 0x00, 0x00, 0x00, 0x00,
  0x00, 0x00, 0x00, 0x00, 0x00, 0x00, 0x00, 0x00, 0x00, 0x00, 0x00, 0x00, 0x00, 0x00, 0x01, 0x52,
  0xAB, 0x55, 0x6D, 0xB5, 0x56, 0xAD, 0xBB, 0x55, 0x6D, 0x36, 0xB7, 0x6F, 0xFF, 0xFF, 0x85, 0xDF,
  0xFF, 0xFF, 0x5B, 0x55, 0xB5, 0xB7, 0xAC, 0xB6, 0xF5, 0xEF, 0x76, 0xFF, 0xD7, 0x6B, 0x57, 0x5B,
  0xB6, 0xFF, 0xFD, 0xFF, 0xFF, 0xFF, 0xFF, 0xFF, 0xB7, 0xFF, 0xFF, 0xFF, 0xFF, 0x80, 0x00, 0x00,
  0x00, 0x00, 0x00, 0x00, 0x00, 0x00, 0x00, 0x00, 0x00, 0x00, 0x00, 0x00, 0x00, 0x00, 0x00, 0x00,
  0x00, 0x00, 0x00, 0x00, 0x00, 0x00, 0x00, 0x00, 0x00, 0x00, 0x00, 0x00, 0x00, 0x00, 0x00, 0x00,
  0x00, 0x00, 0x00, 0x00, 0x00, 0x00, 0x00, 0x00, 0x00, 0x00, 0x00, 0x00, 0x00, 0x00, 0x00, 0x00,
  0x00, 0x00, 0x01, 0x6E, 0xED, 0xDB, 0xAA, 0xAE, 0xDA, 0xD6, 0xD5, 0xB6, 0xB6, 0xDB, 0xAA, 0xBB,
  0xFF, 0xBD, 0xEB, 0xFF, 0xFE, 0xFF, 0xED, 0x6E, 0xD6, 0xAC, 0xEB, 0xAB, 0x56, 0xBF, 0xFB, 0xEF,
  0xF5, 0x5D, 0x6D, 0x6D, 0x6D, 0xBE, 0xFF, 0xDD, 0xFF, 0xFF, 0xED, 0xBF, 0xFF, 0xFF, 0xFF, 0xFF,
  0xFF, 0x80, 0x00, 0x00, 0x00, 0x00, 0x00, 0x00, 0x00, 0x00, 0x00, 0x00, 0x00, 0x00, 0x00, 0x00,
  0x00, 0x00, 0x00, 0x00, 0x00, 0x00, 0x00, 0x00, 0x00, 0x00, 0x00, 0x00, 0x00, 0x00, 0x00, 0x00,
  0x00, 0x00, 0x00, 0x00, 0x00, 0x00, 0x00, 0x00, 0x00, 0x00, 0x00, 0x00, 0x00, 0x00, 0x00, 0x00,
  0x00, 0x00, 0x00, 0x00, 0x00, 0x00, 0x01, 0xB5, 0xB5, 0x6D, 0x5B, 0x6B, 0x6B, 0x6B, 0x5E, 0xDB,
  0x5B, 0x6A, 0xDB, 0x4E, 0xFE, 0xFF, 0xF0, 0xBD, 0xF7, 0xFF, 0xF6, 0xB5, 0x6B, 0x77, 0x5D, 0x6D,
  0x5A, 0xFF, 0xEF, 0xBF, 0xFB, 0xB5, 0xB5, 0xAB, 0xB6, 0xD7, 0xF6, 0xBF, 0xEF, 0xFF, 0xFF, 0xFD,
  0xFF, 0xFF, 0xFF, 0xFF, 0xFF, 0x80, 0x00, 0x00, 0x00, 0x00, 0x00, 0x00, 0x00, 0x00, 0x00, 0x00,
  0x00, 0x00, 0x00, 0x00, 0x00, 0x00, 0x00, 0x00, 0x00, 0x00, 0x00, 0x00, 0x00, 0x00, 0x00, 0x00,
  0x00, 0x00, 0x00, 0x00, 0x00, 0x00, 0x00, 0x00, 0x00, 0x00, 0x00, 0x00, 0x00, 0x00, 0x00, 0x00,
  0x00, 0x00, 0x00, 0x00, 0x00, 0x00, 0x00, 0x00, 0x00, 0x00, 0x00, 0xD6, 0xD6, 0xAA, 0xED, 0xB5,
  0xAD, 0x5D, 0xB2, 0xAA, 0xEA, 0xB6, 0xAD, 0x75, 0xDF, 0xFF, 0xDE, 0x77, 0xBF, 0xFF, 0xFB, 0xAB,
  0xBD, 0xAA, 0xAA, 0xB5, 0xAD, 0x57, 0x7D, 0x7F, 0xFD, 0x56, 0xDB, 0x75, 0x5B, 0x7F, 0xFF, 0xEF,
  0xFD, 0xFF, 0xBF, 0xF7, 0xFF, 0xFF, 0xFF, 0xFF, 0xFF, 0x80, 0x00, 0x00, 0x00, 0x00, 0x00, 0x00,
  0x00, 0x00, 0x00, 0x00, 0x00, 0x00, 0x00, 0x00, 0x00, 0x00, 0x00, 0x00, 0x00, 0x00, 0x00, 0x00,
  0x00, 0x00, 0x00, 0x00, 0x00, 0x00, 0x00, 0x00, 0x00, 0x00, 0x00, 0x00, 0x00, 0x00, 0x00, 0x00,
  0x00, 0x00, 0x00, 0x00, 0x00, 0x00, 0x00, 0x00, 0x00, 0x00, 0x00, 0x00, 0x00, 0x00, 0x01, 0x5B,
  0x6D, 0xB6, 0xAA, 0xAD, 0x56, 0xD5, 0x6E, 0xDB, 0x5B, 0xDB, 0x75, 0xAB, 0x7B, 0xF7, 0x7E, 0x9F,
  0xFF, 0xDF, 0xFC, 0xDD, 0x55, 0x5B, 0x77, 0x5A, 0xEB, 0x5B, 0xFF, 0xDE, 0xFF, 0x7B, 0x6D, 0xAE,
  0xED, 0xAB, 0x7F, 0xF5, 0xBF, 0xFF, 0xF6, 0xDF, 0xDF, 0xFF, 0xFF, 0xFF, 0xFF, 0x80, 0x00, 0x00,
  0x00, 0x00, 0x00, 0x00, 0x00, 0x00, 0x00, 0x00, 0x00, 0x00, 0x00, 0x00, 0x00, 0x00, 0x00, 0x00,
  0x00, 0x00, 0x00, 0x00, 0x00, 0x00, 0x00, 0x00, 0x00, 0x00, 0x00, 0x00, 0x00, 0x00, 0x00, 0x00,
  0x00, 0x00, 0x00, 0x00, 0x00, 0x00, 0x00, 0x00, 0x00, 0x00, 0x00, 0x00, 0x00, 0x00, 0x00, 0x00,
  0x00, 0x00, 0x01, 0x6D, 0xB6, 0xD5, 0xB6, 0xD6, 0xFB, 0x6D, 0xB5, 0x6D, 0x6D, 0x55, 0xAD, 0x6D,
  0xEF, 0xFF, 0xFB, 0x4B, 0xFD, 0xFF, 0xFF, 0x6B, 0x6B, 0x6D, 0xAA, 0xED, 0x5A, 0xEB, 0xFF, 0xF7,
  0xFF, 0xCD, 0x56, 0xDB, 0x56, 0xFD, 0xFF, 0x7E, 0xFF, 0x7E, 0xFF, 0xFF, 0xFF, 0xFF, 0xFF, 0xFF,
  0xFF, 0x80, 0x00, 0x00, 0x00, 0x00, 0x00, 0x00, 0x00, 0x00, 0x00, 0x00, 0x00, 0x00, 0x00, 0x00,
  0x00, 0x00, 0x00, 0x00, 0x00, 0x00, 0x00, 0x00, 0x00, 0x00, 0x00, 0x00, 0x00, 0x00, 0x00, 0x00,
  0x00, 0x00, 0x00, 0x00, 0x00, 0x00, 0x00, 0x00, 0x00, 0x00, 0x00, 0x00, 0x00, 0x00, 0x00, 0x00,
  0x00, 0x00, 0x00, 0x00, 0x00, 0x00, 0x01, 0xB5, 0x5A, 0xB6, 0xDB, 0x7B, 0x4A, 0xB6, 0xDB, 0xB5,
  0xAA, 0xB6, 0xB6, 0xB6, 0x5F, 0xFF, 0xFF, 0xE5, 0x6F, 0xFB, 0xFF, 0xDA, 0xAD, 0xB5, 0x6D, 0x57,
  0x6D, 0x5A, 0xFE, 0xEF, 0xDF, 0xF5, 0xBB, 0x6A, 0xFB, 0x57, 0xEF, 0xED, 0xF7, 0xDF, 0xDF, 0xFF,
  0x7F, 0xFF, 0xFF, 0xFF, 0xFF, 0x80, 0x00, 0x00, 0x00, 0x00, 0x00, 0x00, 0x00, 0x00, 0x00, 0x00,
  0x00, 0x00, 0x00, 0x00, 0x00, 0x00, 0x00, 0x00, 0x00, 0x00, 0x00, 0x00, 0x00, 0x00, 0x00, 0x00,
  0x00, 0x00, 0x00, 0x00, 0x00, 0x00, 0x00, 0x00, 0x00, 0x00, 0x00, 0x00, 0x00, 0x00, 0x00, 0x00,
  0x00, 0x00, 0x00, 0x00, 0x00, 0x00, 0x00, 0x00, 0x00, 0x00, 0x00, 0xD6, 0xED, 0xAB, 0x55, 0xAA,
  0xB6, 0xD5, 0x6D, 0x56, 0xDD, 0xDA, 0xD5, 0xDB, 0xB5, 0xDD, 0xEF, 0xF4, 0xFF, 0xEF, 0xFF, 0xEE,
  0xEA, 0xAD, 0xB6, 0xAA, 0xAB, 0x6D, 0x37, 0xFA, 0xFF, 0xFA, 0xD5, 0x5D, 0x96, 0xFE, 0xFF, 0xFF,
  0x5F, 0xFB, 0xFB, 0x7B, 0xFF, 0xFF, 0xFF, 0xFF, 0xFF, 0x80, 0x00, 0x00, 0x00, 0x00, 0x00, 0x00,
  0x00, 0x00, 0x00, 0x00, 0x00, 0x00, 0x00, 0x00, 0x00, 0x00, 0x00, 0x00, 0x00, 0x00, 0x00, 0x00,
  0x00, 0x00, 0x00, 0x00, 0x00, 0x00, 0x00, 0x00, 0x00, 0x00, 0x00, 0x00, 0x00, 0x00, 0x00, 0x00,
  0x00, 0x00, 0x00, 0x00, 0x00, 0x00, 0x00, 0x00, 0x00, 0x00, 0x00, 0x00, 0x00, 0x00, 0x01, 0x5B,
  0x56, 0xDD, 0x6D, 0x56, 0xDB, 0x6F, 0xB6, 0xDA, 0xAA, 0xAB, 0x5A, 0xAA, 0xD7, 0x7F, 0xFF, 0x59,
  0xBB, 0x7F, 0xBF, 0xFB, 0x5B, 0x6A, 0xDB, 0x75, 0xB5, 0xAB, 0xAF, 0xFF, 0xBF, 0xFE, 0xAD, 0xAB,
  0x7B, 0xAB, 0xFE, 0xFF, 0xEE, 0xFF, 0x7F, 0xFF, 0xFF, 0xFF, 0xFF, 0xFF, 0xFF, 0x80, 0x00, 0x00,
  0x00, 0x00, 0x00, 0x00, 0x00, 0x00, 0x00, 0x00, 0x00, 0x00, 0x00, 0x00, 0x00, 0x00, 0x00, 0x00,
  0x00, 0x00, 0x00, 0x00, 0x00, 0x00, 0x00, 0x00, 0x00, 0x00, 0x00, 0x00, 0x00, 0x00, 0x00, 0x00,
  0x00, 0x00, 0x00, 0x00, 0x00, 0x00, 0x00, 0x00, 0x00, 0x00, 0x00, 0x00, 0x00, 0x00, 0x00, 0x00,
  0x00, 0x00, 0x01, 0x6D, 0xBA, 0xAA, 0xB6, 0xEB, 0x6D, 0xB4, 0xDB, 0x6B, 0x77, 0x6D, 0x6D, 0xB6,
  0xBB, 0xFF, 0xBD, 0xFC, 0xAF, 0xFF, 0xFF, 0xFD, 0x6D, 0xB7, 0x55, 0xAD, 0x5A, 0xB5, 0x6F, 0xFF,
  0x7B, 0x7F, 0x76, 0xF6, 0xD5, 0x7F, 0xFF, 0xFF, 0xB7, 0xF7, 0xFF, 0xEF, 0xFF, 0xFF, 0xFF, 0xFF,
  0xEF, 0x80, 0x00, 0x00, 0x00, 0x00, 0x00, 0x00, 0x00, 0x00, 0x00, 0x00, 0x00, 0x00, 0x00, 0x00,
  0x00, 0x00, 0x00, 0x00, 0x00, 0x00, 0x00, 0x00, 0x00, 0x00, 0x00, 0x00, 0x00, 0x00, 0x00, 0x00,
  0x00, 0x00, 0x00, 0x00, 0x00, 0x00, 0x00, 0x00, 0x00, 0x00, 0x00, 0x00, 0x00, 0x00, 0x00, 0x00,
  0x00, 0x00, 0x00, 0x00, 0x00, 0x00, 0x01, 0xB5, 0x6B, 0x77, 0x5B, 0x5D, 0x55, 0x57, 0x6A, 0xAD,
  0xAA, 0xB6, 0xB6, 0xDA, 0xD5, 0x6F, 0xFF, 0xFF, 0x9F, 0xFD, 0xFF, 0xFF, 0x55, 0x5A, 0xDA, 0xAB,
  0x6D, 0xAD, 0xB2, 0xDB, 0xEF, 0xFF, 0xDB, 0x5B, 0x5F, 0xAD, 0xFF, 0xF6, 0xFB, 0xBF, 0xEE, 0xFF,
  0xFF, 0xFF, 0xFF, 0xFF, 0xBD, 0x80, 0x00, 0x00, 0x00, 0x00, 0x00, 0x00, 0x00, 0x00, 0x00, 0x00,
  0x00, 0x00, 0x00, 0x00, 0x00, 0x00, 0x00, 0x00, 0x00, 0x00, 0x00, 0x00, 0x00, 0x00, 0x00, 0x00,
  0x00, 0x00, 0x00, 0x00, 0x00, 0x00, 0x00, 0x00, 0x00, 0x00, 0x00, 0x00, 0x00, 0x00, 0x00, 0x00,
  0x00, 0x00, 0x00, 0x00, 0x00, 0x00, 0x00, 0x00, 0x00, 0x00, 0x00, 0xD6, 0xD5, 0xAA, 0xEA, 0xAB,
  0x6E, 0xDA, 0xB6, 0xD6, 0xB6, 0xD5, 0xD5, 0x57, 0x6E, 0xBD, 0xFF, 0xFF, 0xE2, 0xDF, 0xEF, 0xFF,
  0xDB, 0x6B, 0x6D, 0xB5, 0xAA, 0xD6, 0xAD, 0xFF, 0xFB, 0xFF, 0xEA, 0xAD, 0xB5, 0x7F, 0xFF, 0xFF,
  0xFE, 0xFD, 0xBF, 0xFF, 0xFF, 0xFF, 0xFF, 0xFF, 0xFF, 0x80, 0x00, 0x00, 0x00, 0x00, 0x00, 0x00,
  0x00, 0x00, 0x00, 0x00, 0x00, 0x00, 0x00, 0x00, 0x00, 0x00, 0x00, 0x00, 0x00, 0x00, 0x00, 0x00,
  0x00, 0x00, 0x00, 0x00, 0x00, 0x00, 0x00, 0x00, 0x00, 0x00, 0x00, 0x00, 0x00, 0x00, 0x00, 0x00,
  0x00, 0x00, 0x00, 0x00, 0x00, 0x00, 0x00, 0x00, 0x00, 0x00, 0x00, 0x00, 0x00, 0x00, 0x01, 0x5B,
  0x6E, 0xB5, 0x5B, 0x75, 0xB5, 0x6D, 0xDB, 0x6A, 0xDB, 0x5A, 0xAD, 0xB5, 0x55, 0xD7, 0xF7, 0xED,
  0xB7, 0xFF, 0xBE, 0xFF, 0xED, 0xB5, 0x56, 0xDA, 0xB6, 0xBA, 0xD6, 0xBF, 0xEE, 0xEF, 0xFB, 0xD6,
  0xD6, 0xEF, 0xBF, 0xFF, 0xFF, 0x7F, 0xFF, 0xFF, 0xFF, 0xFF, 0xFF, 0xFE, 0xDB, 0x80, 0x00, 0x00,
  0x00, 0x00, 0x00, 0x00, 0x00, 0x00, 0x00, 0x00, 0x00, 0x00, 0x00, 0x00, 0x00, 0x00, 0x00, 0x00,
  0x00, 0x00, 0x00, 0x00, 0x00, 0x00, 0x00, 0x00, 0x00, 0x00, 0x00, 0x00, 0x00, 0x00, 0x00, 0x00,
  0x00, 0x00, 0x00, 0x00, 0x00, 0x00, 0x00, 0x00, 0x00, 0x00, 0x00, 0x00, 0x00, 0x00, 0x00, 0x00,
  0x00, 0x00, 0x01, 0xAD, 0xB5, 0x5B, 0xAD, 0xAD, 0x56, 0xB6, 0xAD, 0x5D, 0x6D, 0x6E, 0xD6, 0xDB,
  0x76, 0xBE, 0xFF, 0xBF, 0xF8, 0xB6, 0xFF, 0xFF, 0xF5, 0x5B, 0x6A, 0xAD, 0xAB, 0x56, 0xBA, 0xAF,
  0xBF, 0xBF, 0xFE, 0x7B, 0x7B, 0xBB, 0xFF, 0xFF, 0xFB, 0xEF, 0xFB, 0xBF, 0xFF, 0xFF, 0xFF, 0xFF,
  0x7F, 0x80, 0x00, 0x00, 0x00, 0x00, 0x00, 0x00, 0x00, 0x00, 0x00, 0x00, 0x00, 0x00, 0x00, 0x00,
  0x00, 0x00, 0x00, 0x00, 0x00, 0x00, 0x00, 0x00, 0x00, 0x00, 0x00, 0x00, 0x00, 0x00, 0x00, 0x00,
  0x00, 0x00, 0x00, 0x00, 0x00, 0x00, 0x00, 0x00, 0x00, 0x00, 0x00, 0x00, 0x00, 0x00, 0x00, 0x00,
  0x00, 0x00, 0x00, 0x00, 0x00, 0x00, 0x00, 0xF6, 0xAB, 0xAD, 0x76, 0xD6, 0xDB, 0xD5, 0xD5, 0xAB,
  0xAA, 0xB3, 0x75, 0x55, 0xAB, 0x53, 0xBF, 0xFF, 0xFE, 0xBF, 0xFF, 0xFF, 0xFE, 0xED, 0xB6, 0xD6,
  0xB5, 0xB5, 0xAB, 0x6F, 0xFE, 0xFD, 0xFF, 0xAA, 0xAD, 0xEF, 0xFF, 0xFF, 0xDE, 0xFD, 0xDF, 0xFF,
  0xFF, 0xFF, 0xFF, 0xFD, 0xED, 0x80, 0x00, 0x00, 0x00, 0x00, 0x00, 0x00, 0x00, 0x00, 0x00, 0x00,
  0x00, 0x00, 0x00, 0x00, 0x00, 0x00, 0x00, 0x00, 0x00, 0x00, 0x00, 0x00, 0x00, 0x00, 0x00, 0x00,
  0x00, 0x00, 0x00, 0x00, 0x00, 0x00, 0x00, 0x00, 0x00, 0x00, 0x00, 0x00, 0x00, 0x00, 0x00, 0x00,
  0x00, 0x00, 0x00, 0x00, 0x00, 0x00, 0x00, 0x00, 0x00, 0x00, 0x01, 0x55, 0x76, 0xEB, 0x55, 0x6B,
  0x6A, 0x5A, 0xBA, 0xED, 0x6D, 0xDD, 0x5B, 0x6E, 0xDD, 0xAD, 0xFE, 0xFF, 0x6F, 0x57, 0xFB, 0xDF,
  0xFF, 0x55, 0x5B, 0x6A, 0xD6, 0xDA, 0xD5, 0xB2, 0xFF, 0xD7, 0xDF, 0xAF, 0xD7, 0x7F, 0xFF, 0xFF,
  0xFE, 0xFF, 0xFF, 0xFF, 0xFF, 0xFF, 0xFF, 0xFB, 0xBF, 0x80, 0x00, 0x00, 0x00, 0x00, 0x00, 0x00,
  0x00, 0x00, 0x00, 0x00, 0x00, 0x00, 0x00, 0x00, 0x00, 0x00, 0x00, 0x00, 0x00, 0x00, 0x00, 0x00,
  0x00, 0x00, 0x00, 0x00, 0x00, 0x00, 0x00, 0x00, 0x00, 0x00, 0x00, 0x00, 0x00, 0x00, 0x00, 0x00,
  0x00, 0x00, 0x00, 0x00, 0x00, 0x00, 0x00, 0x00, 0x00, 0x00, 0x00, 0x00, 0x00, 0x00, 0x01, 0x5B,
  0xAA, 0xB5, 0xBB, 0xBA, 0xAD, 0xAE, 0xD7, 0x55, 0xB6, 0xAB, 0x6D, 0xB5, 0x6A, 0xF6, 0xB7, 0xFD,
  0xFD, 0xAD, 0xDF, 0xFD, 0xFF, 0xB6, 0xEA, 0xAD, 0x5A, 0xAD, 0x6E, 0xDD, 0xFF, 0xFF, 0xFF, 0xF4,
  0xBD, 0xFF, 0xFF, 0xFF, 0xEF, 0xDE, 0xFD, 0xFF, 0xFF, 0xFF, 0xFF, 0xFE, 0xEA, 0x80, 0x00, 0x00,
  0x00, 0x00, 0x00, 0x00, 0x00, 0x00, 0x00, 0x00, 0x00, 0x00, 0x00, 0x00, 0x00, 0x00, 0x00, 0x00,
  0x00, 0x00, 0x00, 0x00, 0x00, 0x00, 0x00, 0x00, 0x00, 0x00, 0x00, 0x00, 0x00, 0x00, 0x00, 0x00,
  0x00, 0x00, 0x00, 0x00, 0x00, 0x00, 0x00, 0x00, 0x00, 0x00, 0x00, 0x00, 0x00, 0x00, 0x00, 0x00,
  0x00, 0x00, 0x01, 0xAD, 0x5D, 0xAE, 0xD6, 0xAD, 0xB6, 0xF5, 0x6D, 0x6E, 0xAB, 0x6D, 0xAA, 0xD6,
  0xAD, 0x55, 0x5F, 0xF7, 0xFF, 0xEB, 0x7F, 0x7F, 0xFF, 0xDB, 0x56, 0xD5, 0xAA, 0xD6, 0xB5, 0x56,
  0xBF, 0xFA, 0xFF, 0xFB, 0xD7, 0x6F, 0xFF, 0xFF, 0xFD, 0xF7, 0xF7, 0xFF, 0xFF, 0xFF, 0xFF, 0xEB,
  0xBF, 0x80, 0x00, 0x00, 0x00, 0x00, 0x00, 0x00, 0x00, 0x00, 0x00, 0x00, 0x00, 0x00, 0x00, 0x00,
  0x00, 0x00, 0x00, 0x00, 0x00, 0x00, 0x00, 0x00, 0x00, 0x00, 0x00, 0x00, 0x00, 0x00, 0x00, 0x00,
  0x00, 0x00, 0x00, 0x00, 0x00, 0x00, 0x00, 0x00, 0x00, 0x00, 0x00, 0x00, 0x00, 0x00, 0x00, 0x00,
  0x00, 0x00, 0x00, 0x00, 0x00, 0x00, 0x00, 0xF5, 0xB6, 0xD5, 0x6A, 0xD6, 0xDB, 0x56, 0xD5, 0xB5,
  0xBA, 0xB5, 0x6D, 0x5B, 0x76, 0xAD, 0xED, 0xFF, 0xF7, 0xF5, 0xFF, 0xFF, 0xFF, 0xF5, 0xBB, 0x6D,
  0x6D, 0x6B, 0x56, 0xDA, 0xAE, 0xDF, 0xBB, 0xFE, 0xBD, 0xFF, 0xFF, 0xFF, 0xFF, 0xFF, 0xDF, 0xFF,
  0xFF, 0xFF, 0xFF, 0xFE, 0xEB, 0x00, 0x00, 0x00, 0x00, 0x00, 0x00, 0x00, 0x00, 0x00, 0x00, 0x00,
  0x00, 0x00, 0x00, 0x00, 0x00, 0x00, 0x00, 0x00, 0x00, 0x00, 0x00, 0x00, 0x00, 0x00, 0x00, 0x00,
  0x00, 0x00, 0x00, 0x00, 0x00, 0x00, 0x00, 0x00, 0x00, 0x00, 0x00, 0x00, 0x00, 0x00, 0x00, 0x00,
  0x00, 0x00, 0x00, 0x00, 0x00, 0x00, 0x00, 0x00, 0x00, 0x00, 0x01, 0x56, 0xD5, 0x77, 0x5F, 0x6B,
  0x55, 0x5B, 0x7A, 0xAA, 0xD7, 0x56, 0xB7, 0x6D, 0xAB, 0x76, 0xB7, 0xBF, 0xFF, 0x7C, 0xB7, 0xF7,
  0xDF, 0xFA, 0xD5, 0x56, 0xAB, 0x5A, 0xDA, 0xAB, 0x6B, 0xFE, 0xEF, 0xFF, 0xEF, 0xFF, 0xFF, 0xFF,
  0xFF, 0x7F, 0x7F, 0xFF, 0xFF, 0xFF, 0xFF, 0xD7, 0x7D, 0x80, 0x00, 0x00, 0x00, 0x00, 0x00, 0x00,
  0x00, 0x00, 0x00, 0x00, 0x00, 0x00, 0x00, 0x00, 0x00, 0x00, 0x00, 0x00, 0x00, 0x00, 0x00, 0x00,
  0x00, 0x00, 0x00, 0x00, 0x00, 0x00, 0x00, 0x00, 0x00, 0x00, 0x00, 0x00, 0x00, 0x00, 0x00, 0x00,
  0x00, 0x00, 0x00, 0x00, 0x00, 0x00, 0x00, 0x00, 0x00, 0x00, 0x00, 0x00, 0x00, 0x00, 0x01, 0x5A,
  0xB7, 0x5A, 0xE9, 0xB5, 0x6D, 0xAA, 0xAD, 0xDD, 0x6A, 0xEB, 0xDA, 0xB5, 0x5A, 0xD5, 0xAA, 0xFF,
  0xDF, 0xF7, 0x5E, 0xFF, 0x7F, 0xFF, 0x5A, 0xDA, 0xDA, 0xD6, 0xAB, 0x75, 0xB7, 0xFF, 0xFF, 0x7F,
  0xBD, 0xFF, 0xFF, 0xFF, 0xF7, 0xED, 0xFF, 0xFF, 0xFF, 0xFF, 0xFF, 0xFB, 0xAF, 0x80, 0x00, 0x00,
  0x00, 0x00, 0x00, 0x00, 0x00, 0x00, 0x00, 0x00, 0x00, 0x00, 0x00, 0x00, 0x00, 0x00, 0x00, 0x00,
  0x00, 0x00, 0x00, 0x00, 0x00, 0x00, 0x00, 0x00, 0x00, 0x00, 0x00, 0x00, 0x00, 0x00, 0x00, 0x00,
  0x00, 0x00, 0x00, 0x00, 0x00, 0x00, 0x00, 0x00, 0x00, 0x00, 0x00, 0x00, 0x00, 0x00, 0x00, 0x00,
  0x00, 0x00, 0x01, 0xB6, 0xDA, 0xD5, 0x5E, 0xAE, 0xDA, 0xED, 0xD6, 0xAB, 0xB7, 0x5D, 0x55, 0xD6,
  0xD6, 0xAE, 0xDD, 0xEF, 0x7F, 0xDF, 0xB7, 0xDF, 0xFF, 0xFF, 0x6B, 0x6B, 0x6B, 0x6B, 0x75, 0xAD,
  0x5A, 0xFF, 0xBB, 0xFF, 0xF7, 0xDF, 0xFF, 0xFF, 0xFF, 0xBF, 0xFF, 0xFF, 0xFF, 0xFF, 0xFF, 0x5D,
  0xF5, 0x00, 0x00, 0x00, 0x00, 0x00, 0x00, 0x00, 0x00, 0x00, 0x00, 0x00, 0x00, 0x00, 0x00, 0x00,
  0x00, 0x00, 0x00, 0x00, 0x00, 0x00, 0x00, 0x00, 0x00, 0x00, 0x00, 0x00, 0x00, 0x00, 0x00, 0x00,
  0x00, 0x00, 0x00, 0x00, 0x00, 0x00, 0x00, 0x00, 0x00, 0x00, 0x00, 0x00, 0x00, 0x00, 0x00, 0x00,
  0x00, 0x00, 0x00, 0x00, 0x00, 0x00, 0x00, 0xDB, 0x6D, 0x6F, 0xAA, 0xF5, 0xAF, 0x56, 0xB5, 0x75,
  0x5A, 0xB5, 0x6E, 0xB5, 0x6B, 0x75, 0x6B, 0x5F, 0xFE, 0xFF, 0xD5, 0xFD, 0xFD, 0xFF, 0xDD, 0xAD,
  0x55, 0xB5, 0xAE, 0xB6, 0xED, 0x5D, 0xFE, 0xF7, 0xFF, 0xFF, 0xFF, 0xFF, 0xDD, 0xFF, 0xFF, 0xFF,
  0xFF, 0xFF, 0xFF, 0xF7, 0x5F, 0x80, 0x00, 0x00, 0x00, 0x00, 0x00, 0x00, 0x00, 0x00, 0x00, 0x00,
  0x00, 0x00, 0x00, 0x00, 0x00, 0x00, 0x00, 0x00, 0x00, 0x00, 0x00, 0x00, 0x00, 0x00, 0x00, 0x00,
  0x00, 0x00, 0x00, 0x00, 0x00, 0x00, 0x00, 0x00, 0x00, 0x00, 0x00, 0x00, 0x00, 0x00, 0x00, 0x00,
  0x00, 0x00, 0x00, 0x00, 0x00, 0x00, 0x00, 0x00, 0x00, 0x00, 0x01, 0x6A, 0xAB, 0xB4, 0xEB, 0x5B,
  0x75, 0x6B, 0x5B, 0xAE, 0xD5, 0xD7, 0xB5, 0x5B, 0xB5, 0xAB, 0x5A, 0xF5, 0xFF, 0xFD, 0xFB, 0x7F,
  0xFF, 0xFF, 0xE6, 0xB5, 0xB6, 0xAE, 0xB5, 0x55, 0x56, 0xDF, 0xF7, 0xDF, 0xFF, 0xFF, 0xFF, 0xFF,
  0xFF, 0xFF, 0xFF, 0xFF, 0xFF, 0xFF, 0xFF, 0x7D, 0xF5, 0x80, 0x00, 0x00, 0x00, 0x00, 0x00, 0x00,
  0x00, 0x00, 0x00, 0x00, 0x00, 0x00, 0x00, 0x00, 0x00, 0x00, 0x00, 0x00, 0x00, 0x00, 0x00, 0x00,
  0x00, 0x00, 0x00, 0x00, 0x00, 0x00, 0x00, 0x00, 0x00, 0x00, 0x00, 0x00, 0x00, 0x00, 0x00, 0x00,
  0x00, 0x00, 0x00, 0x00, 0x00, 0x00, 0x00, 0x00, 0x00, 0x00, 0x00, 0x00, 0x00, 0x00, 0x01, 0xAD,
  0xDA, 0xDB, 0x5D, 0xAD, 0xAB, 0x5D, 0xAD, 0x55, 0x6E, 0xBA, 0xAD, 0xD5, 0x5D, 0x5A, 0xEF, 0x5F,
  0xFF, 0xFF, 0xED, 0xDF, 0xEF, 0xFF, 0xFA, 0xD6, 0xAA, 0xD5, 0x55, 0xDB, 0xB5, 0x6F, 0xFE, 0xFE,
  0xFF, 0xFF, 0xFF, 0xFF, 0x7F, 0xF7, 0x7F, 0xFF, 0xFF, 0xFF, 0xDF, 0xD7, 0x5E, 0x80, 0x00, 0x00,
  0x00, 0x00, 0x00, 0x00, 0x00, 0x00, 0x00, 0x00, 0x00, 0x00, 0x00, 0x00, 0x00, 0x00, 0x00, 0x00,
  0x00, 0x00, 0x00, 0x00, 0x00, 0x00, 0x00, 0x00, 0x00, 0x00, 0x00, 0x00, 0x00, 0x00, 0x00, 0x00,
  0x00, 0x00, 0x00, 0x00, 0x00, 0x00, 0x00, 0x00, 0x00, 0x00, 0x00, 0x00, 0x00, 0x00, 0x00, 0x00,
  0x00, 0x00, 0x00, 0xB6, 0xAD, 0x6D, 0xAA, 0xD6, 0xDD, 0xB5, 0x75, 0xBB, 0xB5, 0x55, 0x76, 0xBB,
  0x6B, 0x6D, 0x55, 0x6B, 0x7B, 0xEF, 0xBE, 0x77, 0x7F, 0x7F, 0xFE, 0xB5, 0x6D, 0x6D, 0xDA, 0xAD,
  0x5B, 0xB3, 0xFF, 0xAF, 0xFF, 0xFF, 0xFF, 0xFF, 0xF6, 0xDF, 0xFF, 0xFF, 0xFF, 0xFF, 0xFF, 0xFF,
  0xF7, 0x80, 0x00, 0x00, 0x00, 0x00, 0x00, 0x00, 0x00, 0x00, 0x00, 0x00, 0x00, 0x00, 0x00, 0x00,
  0x00, 0x00, 0x00, 0x00, 0x00, 0x00, 0x00, 0x00, 0x00, 0x00, 0x00, 0x00, 0x00, 0x00, 0x00, 0x00,
  0x00, 0x00, 0x00, 0x00, 0x00, 0x00, 0x00, 0x00, 0x00, 0x00, 0x00, 0x00, 0x00, 0x00, 0x00, 0x00,
  0x00, 0x00, 0x00, 0x00, 0x00, 0x00, 0x01, 0xAA, 0xD7, 0x56, 0xF7, 0x7B, 0x6A, 0xD6, 0xD6, 0xD5,
  0x5B, 0xDB, 0xAB, 0x55, 0xAD, 0xB7, 0x6B, 0xAD, 0xDF, 0xFF, 0xFF, 0x9D, 0xFF, 0xEF, 0xFF, 0xAD,
  0xB7, 0xB6, 0xAF, 0x75, 0xAD, 0x5D, 0x7F, 0xFB, 0xDE, 0xFF, 0xFF, 0xFF, 0xDF, 0xFF, 0xFF, 0xFF,
  0xFF, 0xFF, 0xFF, 0x7A, 0xDD, 0x00, 0x00, 0x00, 0x00, 0x00, 0x00, 0x00, 0x00, 0x00, 0x00, 0x00,
  0x00, 0x00, 0x00, 0x00, 0x00, 0x00, 0x00, 0x00, 0x00, 0x00, 0x00, 0x00, 0x00, 0x00, 0x00, 0x00,
  0x00, 0x00, 0x00, 0x00, 0x00, 0x00, 0x00, 0x00, 0x00, 0x00, 0x00, 0x00, 0x00, 0x00, 0x00, 0x00,
  0x00, 0x00, 0x00, 0x00, 0x00, 0x00, 0x00, 0x00, 0x00, 0x00, 0x00, 0xDB, 0x7A, 0xEB, 0x5A, 0xAA,
  0xB7, 0x6D, 0xBB, 0x6E, 0xD5, 0x6D, 0x6D, 0xB6, 0xB5, 0x55, 0xB5, 0x76, 0xBF, 0xFE, 0xFB, 0xEF,
  0xF7, 0xFF, 0xFF, 0xD6, 0xD9, 0x55, 0x75, 0xAE, 0xEB, 0xB6, 0xDD, 0xFD, 0xFB, 0xFF, 0xFF, 0xFB,
  0x7F, 0xFF, 0xFF, 0xFF, 0xFF, 0xFF, 0xFF, 0xFF, 0xF7, 0x80, 0x00, 0x00, 0x00, 0x00, 0x00, 0x00,
  0x00, 0x00, 0x00, 0x00, 0x00, 0x00, 0x00, 0x00, 0x00, 0x00, 0x00, 0x00, 0x00, 0x00, 0x00, 0x00,
  0x00, 0x00, 0x00, 0x00, 0x00, 0x00, 0x00, 0x00, 0x00, 0x00, 0x00, 0x00, 0x00, 0x00, 0x00, 0x00,
  0x00, 0x00, 0x00, 0x00, 0x00, 0x00, 0x00, 0x00, 0x00, 0x00, 0x00, 0x00, 0x00, 0x00, 0x01, 0x6D,
  0xAB, 0x5D, 0xAD, 0xDD, 0xDA, 0xB6, 0xCD, 0x55, 0x6E, 0xB6, 0xB6, 0xDB, 0x56, 0xDA, 0xAE, 0xDA,
  0xDB, 0xBF, 0xFF, 0xB5, 0xBF, 0x7D, 0xFF, 0xEB, 0x56, 0xDB, 0xAA, 0xB5, 0x5D, 0x6B, 0xBF, 0xEE,
  0xBF, 0xFF, 0xFF, 0xFF, 0xFE, 0xFD, 0xFF, 0xFF, 0xFF, 0xFF, 0xFF, 0xEF, 0x7D, 0x80, 0x00, 0x00,
  0x00, 0x00, 0x00, 0x00, 0x00, 0x00, 0x00, 0x00, 0x00, 0x00, 0x00, 0x00, 0x00, 0x00, 0x00, 0x00,
  0x00, 0x00, 0x00, 0x00, 0x00, 0x00, 0x00, 0x00, 0x00, 0x00, 0x00, 0x00, 0x00, 0x00, 0x00, 0x00,
  0x00, 0x00, 0x00, 0x00, 0x00, 0x00, 0x00, 0x00, 0x00, 0x00, 0x00, 0x00, 0x00, 0x00, 0x00, 0x00,
  0x00, 0x00, 0x01, 0xB6, 0xAD, 0x6A, 0xD6, 0xAB, 0x6D, 0xAB, 0x75, 0xBB, 0xB5, 0xAB, 0xDA, 0xAD,
  0xBB, 0x6B, 0x75, 0xAD, 0xAF, 0xFF, 0xEF, 0xFB, 0xFD, 0xFF, 0xFF, 0xFA, 0xDB, 0x6D, 0x5D, 0xD6,
  0xD6, 0xDE, 0xEF, 0xFF, 0xFF, 0xEF, 0xFF, 0xFF, 0xFB, 0xEF, 0xFF, 0xFF, 0xFF, 0xFF, 0xFF, 0xFD,
  0xDF, 0x00, 0x00, 0x00, 0x00, 0x00, 0x00, 0x00, 0x00, 0x00, 0x00, 0x00, 0x00, 0x00, 0x00, 0x00,
  0x00, 0x00, 0x00, 0x00, 0x00, 0x00, 0x00, 0x00, 0x00, 0x00, 0x00, 0x00, 0x00, 0x00, 0x00, 0x00,
  0x00, 0x00, 0x00, 0x00, 0x00, 0x00, 0x00, 0x00, 0x00, 0x00, 0x00, 0x00, 0x00, 0x00, 0x00, 0x00,
  0x00, 0x00, 0x00, 0x00, 0x00, 0x00, 0x00, 0xAA, 0xF6, 0xDD, 0x7B, 0x76, 0xB6, 0xDD, 0x56, 0xD5,
  0x5A, 0xDD, 0x6B, 0x6A, 0xD5, 0x55, 0xAE, 0xF6, 0xF5, 0xFB, 0xFE, 0xFD, 0x5F, 0xF7, 0xDF, 0xFD,
  0x6A, 0xAA, 0xEA, 0xB5, 0x6B, 0x77, 0xFB, 0xFF, 0x57, 0xFF, 0xFF, 0xED, 0xDF, 0xFF, 0xFF, 0xFF,
  0xFF, 0xFF, 0xFF, 0xFF, 0xF5, 0x80, 0x00, 0x00, 0x00, 0x00, 0x00, 0x00, 0x00, 0x00, 0x00, 0x00,
  0x00, 0x00, 0x00, 0x00, 0x00, 0x00, 0x00, 0x00, 0x00, 0x00, 0x00, 0x00, 0x00, 0x00, 0x00, 0x00,
  0x00, 0x00, 0x00, 0x00, 0x00, 0x00, 0x00, 0x00, 0x00, 0x00, 0x00, 0x00, 0x00, 0x00, 0x00, 0x00,
  0x00, 0x00, 0x00, 0x00, 0x00, 0x00, 0x00, 0x00, 0x00, 0x00, 0x01, 0xB7, 0x55, 0xAB, 0xAD, 0xAD,
  0xD5, 0x6B, 0xBB, 0x6E, 0xED, 0x6A, 0xB5, 0xB6, 0xAD, 0xBA, 0xB3, 0x55, 0x56, 0xDF, 0xFF, 0xEF,
  0xBF, 0xFF, 0xFF, 0xFF, 0xB6, 0xDB, 0x56, 0xDB, 0xBD, 0xDD, 0xBF, 0xBD, 0xFB, 0x7E, 0xFF, 0xFF,
  0xFF, 0xFF, 0xFF, 0xFF, 0xFF, 0xFF, 0xFF, 0xFF, 0xFF, 0x80, 0x00, 0x00, 0x00, 0x00, 0x00, 0x00,
  0x00, 0x00, 0x00, 0x00, 0x00, 0x00, 0x00, 0x00, 0x00, 0x00, 0x00, 0x00, 0x00, 0x00, 0x00, 0x00,
  0x00, 0x00, 0x00, 0x00, 0x00, 0x00, 0x00, 0x00, 0x00, 0x00, 0x00, 0x00, 0x00, 0x00, 0x00, 0x00,
  0x00, 0x00, 0x00, 0x00, 0x00, 0x00, 0x00, 0x00, 0x00, 0x00, 0x00, 0x00, 0x00, 0x00, 0x00, 0xDA,
  0xBB, 0x76, 0xD6, 0xDA, 0xBB, 0xB5, 0x55, 0xB5, 0xAB, 0xB7, 0xAE, 0xDB, 0x76, 0xCE, 0xDD, 0xBB,
  0x5A, 0xFF, 0xBF, 0xFE, 0xD5, 0xBF, 0x7F, 0xFF, 0xAB, 0x6D, 0xB5, 0x6D, 0x6B, 0x77, 0xFF, 0xFF,
  0xFD, 0xFF, 0xDF, 0xBF, 0x7F, 0xBF, 0xFF, 0xFF, 0xFF, 0xFF, 0xFF, 0xFF, 0xBF, 0x80, 0x00, 0x00,
  0x00, 0x00, 0x00, 0x00, 0x00, 0x00, 0x00, 0x00, 0x00, 0x00, 0x00, 0x00, 0x00, 0x00, 0x00, 0x00,
  0x00, 0x00, 0x00, 0x00, 0x00, 0x00, 0x00, 0x00, 0x00, 0x00, 0x00, 0x00, 0x00, 0x00, 0x00, 0x00,
  0x00, 0x00, 0x00, 0x00, 0x00, 0x00, 0x00, 0x00, 0x00, 0x00, 0x00, 0x00, 0x00, 0x00, 0x00, 0x00,
  0x00, 0x00, 0x01, 0x6B, 0xD6, 0xDA, 0xBB, 0x6F, 0x6D, 0x5E, 0xEE, 0xAE, 0xB6, 0xDA, 0xDA, 0xAA,
  0xAA, 0xB3, 0x55, 0x55, 0xAD, 0x5F, 0xFB, 0xBF, 0xF7, 0xFF, 0xFB, 0xFF, 0xED, 0xB6, 0xDB, 0xB6,
  0xDF, 0xDF, 0xEF, 0xFF, 0xEE, 0xDF, 0xFF, 0xF7, 0xFB, 0xFF, 0xFF, 0xFF, 0xFF, 0xFF, 0xFF, 0xFF,
  0xF6, 0x80, 0x00, 0x00, 0x00, 0x00, 0x00, 0x00, 0x00, 0x00, 0x00, 0x00, 0x00, 0x00, 0x00, 0x00,
  0x00, 0x00, 0x00, 0x00, 0x00, 0x00, 0x00, 0x00, 0x00, 0x00, 0x00, 0x00, 0x00, 0x00, 0x00, 0x00,
  0x00, 0x00, 0x00, 0x00, 0x00, 0x00, 0x00, 0x00, 0x00, 0x00, 0x00, 0x00, 0x00, 0x00, 0x00, 0x00,
  0x00, 0x00, 0x00, 0x00, 0x00, 0x00, 0x01, 0xAD, 0x5B, 0x6D, 0xD5, 0xB5, 0xB6, 0xEB, 0x55, 0xB5,
  0xDA, 0xAB, 0x6B, 0x6D, 0xB6, 0xDD, 0x6E, 0xEE, 0xF7, 0x6B, 0xFF, 0xFB, 0xDD, 0xED, 0xFF, 0x7F,
  0xFA, 0xAA, 0xAD, 0x5B, 0xB5, 0xFE, 0xFF, 0xFF, 0xFF, 0x6D, 0xF7, 0x7F, 0xEF, 0xFF, 0xFF, 0xFF,
  0xFF, 0xFF, 0xFF, 0xFF, 0xFF, 0x80, 0x00, 0x00, 0x00, 0x00, 0x00, 0x00, 0x00, 0x00, 0x00, 0x00,
  0x00, 0x00, 0x00, 0x00, 0x00, 0x00, 0x00, 0x00, 0x00, 0x00, 0x00, 0x00, 0x00, 0x00, 0x00, 0x00,
  0x00, 0x00, 0x00, 0x00, 0x00, 0x00, 0x00, 0x00, 0x00, 0x00, 0x00, 0x00, 0x00, 0x00, 0x00, 0x00,
  0x00, 0x00, 0x00, 0x00, 0x00, 0x00, 0x00, 0x00, 0x00, 0x00, 0x00, 0xB6, 0xAD, 0xB6, 0xB6, 0xDA,
  0xDB, 0x55, 0x76, 0xDA, 0xAD, 0xB5, 0x5A, 0xB6, 0xDB, 0x55, 0xB3, 0x5B, 0x55, 0xB7, 0x7F, 0xFF,
  0xFE, 0xBF, 0xFF, 0xFF, 0xFD, 0xDD, 0xB6, 0xED, 0xFF, 0x7B, 0xFF, 0xFF, 0x7F, 0xDF, 0xFF, 0xFD,
  0xFF, 0xFF, 0xFF, 0xFF, 0xFF, 0xFF, 0xFF, 0xFF, 0xFF, 0x80, 0x00, 0x00, 0x00, 0x00, 0x00, 0x00,
  0x00, 0x00, 0x00, 0x00, 0x00, 0x00, 0x00, 0x00, 0x00, 0x00, 0x00, 0x00, 0x00, 0x00, 0x00, 0x00,
  0x00, 0x00, 0x00, 0x00, 0x00, 0x00, 0x00, 0x00, 0x00, 0x00, 0x00, 0x00, 0x00, 0x00, 0x00, 0x00,
  0x00, 0x00, 0x00, 0x00, 0x00, 0x00, 0x00, 0x00, 0x00, 0x00, 0x00, 0x00, 0x00, 0x00, 0x01, 0xDB,
  0x76, 0xDB, 0xDB, 0x6F, 0x6A, 0xBB, 0xAB, 0x56, 0xD6, 0xDE, 0xD7, 0xDA, 0xAA, 0xDA, 0xDD, 0xED,
  0x5A, 0xDB, 0xFF, 0xFF, 0x7B, 0xFF, 0xB7, 0xFF, 0xFF, 0x6A, 0xDB, 0xBE, 0xB7, 0xFF, 0xFF, 0xFF,
  0xFD, 0xF3, 0xBD, 0xEF, 0xBF, 0xFF, 0xFF, 0xFF, 0xFF, 0xFF, 0xFF, 0xFF, 0xFF, 0x80, 0x00, 0x00,
  0x00, 0x00, 0x00, 0x00, 0x00, 0x00, 0x00, 0x00, 0x00, 0x00, 0x00, 0x00, 0x00, 0x00, 0x00, 0x00,
  0x00, 0x00, 0x00, 0x00, 0x00, 0x00, 0x00, 0x00, 0x00, 0x00, 0x00, 0x00, 0x00, 0x00, 0x00, 0x00,
  0x00, 0x00, 0x00, 0x00, 0x00, 0x00, 0x00, 0x00, 0x00, 0x00, 0x00, 0x00, 0x00, 0x00, 0x00, 0x00,
  0x00, 0x00, 0x00, 0xAD, 0xAB, 0x7D, 0x6D, 0xB5, 0xB7, 0x6D, 0x5D, 0x6B, 0x75, 0x6B, 0x6A, 0x55,
  0xB6, 0xAF, 0x56, 0xB5, 0xB7, 0x6D, 0x6E, 0xEF, 0xFF, 0x56, 0xFF, 0xDF, 0xFF, 0xB7, 0x6D, 0xD7,
  0xFF, 0xFF, 0xFF, 0xFF, 0xFF, 0xFD, 0xFF, 0xFF, 0xFE, 0xFF, 0xFF, 0xFF, 0xFF, 0xFF, 0xFF, 0xFF,
  0xFF, 0x80, 0x00, 0x00, 0x00, 0x00, 0x00, 0x00, 0x00, 0x00, 0x00, 0x00, 0x00, 0x00, 0x00, 0x00,
  0x00, 0x00, 0x00, 0x00, 0x00, 0x00, 0x00, 0x00, 0x00, 0x00, 0x00, 0x00, 0x00, 0x00, 0x00, 0x00,
  0x00, 0x00, 0x00, 0x00, 0x00, 0x00, 0x00, 0x00, 0x00, 0x00, 0x00, 0x00, 0x00, 0x00, 0x00, 0x00,
  0x00, 0x00, 0x00, 0x00, 0x00, 0x00, 0x01, 0xB6, 0xDD, 0xD7, 0x56, 0xDA, 0xDA, 0xD6, 0xEB, 0xBD,
  0xAE, 0xAA, 0xBB, 0xB6, 0xDB, 0x75, 0x6B, 0x5B, 0x6D, 0xB6, 0xBF, 0xFF, 0xFF, 0xFF, 0xFF, 0x7D,
  0xFF, 0xDB, 0xBE, 0xFD, 0xDF, 0xFF, 0xFF, 0xFF, 0xF7, 0xBE, 0x77, 0xBD, 0xFF, 0xFF, 0xFF, 0xFF,
  0xFF, 0xFF, 0xFF, 0xFF, 0xFF, 0x80, 0x00, 0x00, 0x00, 0x00, 0x00, 0x00, 0x00, 0x00, 0x00, 0x00,
  0x00, 0x00, 0x00, 0x00, 0x00, 0x00, 0x00, 0x00, 0x00, 0x00, 0x00, 0x00, 0x00, 0x00, 0x00, 0x00,
  0x00, 0x00, 0x00, 0x00, 0x00, 0x00, 0x00, 0x00, 0x00, 0x00, 0x00, 0x00, 0x00, 0x00, 0x00, 0x00,
  0x00, 0x00, 0x00, 0x00, 0x00, 0x00, 0x00, 0x00, 0x00, 0x00, 0x00, 0xDB, 0x6A, 0xBA, 0xFB, 0x6F,
  0x6D, 0x6B, 0x5D, 0x55, 0x55, 0xDD, 0xAD, 0x5B, 0x55, 0xAA, 0xB5, 0xED, 0xB5, 0x5B, 0x6F, 0xFE,
  0xED, 0xEB, 0xEF, 0xFF, 0xFF, 0xFD, 0x6B, 0xB7, 0xFF, 0xFF, 0xFF, 0xFF, 0xFF, 0xF7, 0xBF, 0xF7,
  0xFB, 0xFF, 0xFF, 0xFF, 0xFF, 0xFF, 0xFF, 0xFD, 0xFF, 0x80, 0x00, 0x00, 0x00, 0x00, 0x00, 0x00,
  0x00, 0x00, 0x00, 0x00, 0x00, 0x00, 0x00, 0x00, 0x00, 0x00, 0x00, 0x00, 0x00, 0x00, 0x00, 0x00,
  0x00, 0x00, 0x00, 0x00, 0x00, 0x00, 0x00, 0x00, 0x00, 0x00, 0x00, 0x00, 0x00, 0x00, 0x00, 0x00,
  0x00, 0x00, 0x00, 0x00, 0x00, 0x00, 0x00, 0x00, 0x00, 0x00, 0x00, 0x00, 0x00, 0x00, 0x01, 0x6D,
  0x5B, 0x6F, 0x56, 0xD5, 0xAB, 0xBD, 0xAA, 0xEB, 0x76, 0xB6, 0xD5, 0xD5, 0x6E, 0xDB, 0xDE, 0xB6,
  0xD6, 0xEA, 0xDB, 0xFB, 0xFF, 0xBE, 0xBD, 0xFF, 0xFF, 0xFB, 0xFF, 0xFF, 0xFF, 0xFF, 0xFF, 0xFF,
  0xFF, 0xFF, 0xDE, 0xFF, 0xEF, 0xFF, 0xFF, 0xFF, 0xFF, 0xFF, 0xFF, 0xFF, 0xFF, 0x80, 0x00, 0x00,
  0x00, 0x00, 0x00, 0x00, 0x00, 0x00, 0x00, 0x00, 0x00, 0x00, 0x00, 0x00, 0x00, 0x00, 0x00, 0x00,
  0x00, 0x00, 0x00, 0x00, 0x00, 0x00, 0x00, 0x00, 0x00, 0x00, 0x00, 0x00, 0x00, 0x00, 0x00, 0x00,
  0x00, 0x00, 0x00, 0x00, 0x00, 0x00, 0x00, 0x00, 0x00, 0x00, 0x00, 0x00, 0x00, 0x00, 0x00, 0x00,
  0x00, 0x00, 0x01, 0xB5, 0xB6, 0xD5, 0xBB, 0x7A, 0xDD, 0x55, 0x77, 0x5D, 0xAB, 0x55, 0x6E, 0xBB,
  0x55, 0x6D, 0x55, 0xAB, 0x5B, 0x5D, 0xAD, 0xBF, 0xFF, 0xFD, 0xFF, 0xF7, 0x77, 0xFF, 0x6E, 0xFF,
  0xFF, 0xFF, 0xFF, 0xFF, 0xFF, 0xFD, 0xBF, 0xDF, 0xBF, 0xFF, 0xFF, 0xFF, 0xFF, 0xFF, 0xFF, 0xF7,
  0xFF, 0x80, 0x00, 0x00, 0x00, 0x00, 0x00, 0x00, 0x00, 0x00, 0x00, 0x00, 0x00, 0x00, 0x00, 0x00,
  0x00, 0x00, 0x00, 0x00, 0x00, 0x00, 0x00, 0x00, 0x00, 0x00, 0x00, 0x00, 0x00, 0x00, 0x00, 0x00,
  0x00, 0x00, 0x00, 0x00, 0x00, 0x00, 0x00, 0x00, 0x00, 0x00, 0x00, 0x00, 0x00, 0x00, 0x00, 0x00,
  0x00, 0x00, 0x00, 0x00, 0x00, 0x00, 0x00, 0xD6, 0xDB, 0x6D, 0x6D, 0xAF, 0x6A, 0xDB, 0xAD, 0xAA,
  0xDD, 0xBB, 0x55, 0x55, 0xBB, 0x55, 0x6A, 0xDD, 0x6D, 0xAB, 0x76, 0xFF, 0xFF, 0xFF, 0xB7, 0xDF,
  0xFF, 0xFF, 0xFF, 0xFF, 0xFF, 0xFF, 0xFF, 0xFF, 0xFF, 0xBF, 0xFB, 0xFF, 0xFF, 0xFF, 0xFF, 0xFF,
  0xFF, 0xFF, 0xFF, 0xFF, 0xDD, 0x80, 0x00, 0x00, 0x00, 0x00, 0x00, 0x00, 0x00, 0x00, 0x00, 0x00,
  0x00, 0x00, 0x00, 0x00, 0x00, 0x00, 0x00, 0x00, 0x00, 0x00, 0x00, 0x00, 0x00, 0x00, 0x00, 0x00,
  0x00, 0x00, 0x00, 0x00, 0x00, 0x00, 0x00, 0x00, 0x00, 0x00, 0x00, 0x00, 0x00, 0x00, 0x00, 0x00,
  0x00, 0x00, 0x00, 0x00, 0x00, 0x00, 0x00, 0x00, 0x00, 0x00, 0x01, 0x5B, 0x6D, 0xB6, 0xD6, 0xEA,
  0xB7, 0x6D, 0x76, 0xF7, 0x6A, 0xD5, 0xBB, 0xDA, 0xD5, 0xB7, 0xB7, 0x6A, 0xB5, 0x76, 0xAB, 0x7F,
  0xDB, 0xDE, 0xEF, 0x7F, 0xFF, 0xFF, 0xFF, 0xFF, 0xFF, 0xFF, 0xFF, 0xFF, 0xFF, 0xF7, 0x6F, 0xFE,
  0xFF, 0xFF, 0xFF, 0xFF, 0xFF, 0xFF, 0xFF, 0xFF, 0xFF, 0x80, 0x00, 0x00, 0x00, 0x00, 0x00, 0x00,
  0x00, 0x00, 0x00, 0x00, 0x00, 0x00, 0x00, 0x00, 0x00, 0x00, 0x00, 0x00, 0x00, 0x00, 0x00, 0x00,
  0x00, 0x00, 0x00, 0x00, 0x00, 0x00, 0x00, 0x00, 0x00, 0x00, 0x00, 0x00, 0x00, 0x00, 0x00, 0x00,
  0x00, 0x00, 0x00, 0x00, 0x00, 0x00, 0x00, 0x00, 0x00, 0x00, 0x00, 0x00, 0x00, 0x00, 0x01, 0xAD,
  0xB5, 0x5B, 0x7B, 0x5D, 0xDA, 0xB6, 0xAD, 0xAA, 0xB7, 0x5A, 0xD5, 0x6F, 0x5A, 0xDA, 0xAD, 0xB7,
  0xD6, 0xAD, 0xDD, 0xAF, 0xFF, 0xFB, 0xFD, 0xFF, 0xFF, 0xFF, 0xFF, 0xFF, 0xFF, 0xFF, 0xFF, 0xFF,
  0xFE, 0xFF, 0xFF, 0x77, 0xFF, 0xFF, 0xFF, 0xFF, 0xFF, 0xFF, 0xFF, 0xDF, 0xFF, 0x80, 0x00, 0x00,
  0x00, 0x00, 0x00, 0x00, 0x00, 0x00, 0x00, 0x00, 0x00, 0x00, 0x00, 0x00, 0x00, 0x00, 0x00, 0x00,
  0x00, 0x00, 0x00, 0x00, 0x00, 0x00, 0x00, 0x00, 0x00, 0x00, 0x00, 0x00, 0x00, 0x00, 0x00, 0x00,
  0x00, 0x00, 0x00, 0x00, 0x00, 0x00, 0x00, 0x00, 0x00, 0x00, 0x00, 0x00, 0x00, 0x00, 0x00, 0x00,
  0x00, 0x00, 0x00, 0xF6, 0xD6, 0xD5, 0xAD, 0xB6, 0xAD, 0xDB, 0x76, 0xDD, 0xDA, 0xEF, 0x6E, 0xB5,
  0x6D, 0x55, 0x76, 0xDA, 0x5B, 0xD6, 0xB5, 0x76, 0xFF, 0x7F, 0xEF, 0xFB, 0x6D, 0xDF, 0xFF, 0xFF,
  0xFF, 0xFF, 0xFF, 0xFF, 0xF7, 0xB7, 0xFD, 0xFF, 0xFF, 0xFF, 0xFF, 0xFF, 0xFF, 0xFF, 0xFF, 0xFF,
  0x7F, 0x80, 0x00, 0x00, 0x00, 0x00, 0x00, 0x00, 0x00, 0x00, 0x00, 0x00, 0x00, 0x00, 0x00, 0x00,
  0x00, 0x00, 0x00, 0x00, 0x00, 0x00, 0x00, 0x00, 0x00, 0x00, 0x00, 0x00, 0x00, 0x00, 0x00, 0x00,
  0x00, 0x00, 0x00, 0x00, 0x00, 0x00, 0x00, 0x00, 0x00, 0x00, 0x00, 0x00, 0x00, 0x00, 0x00, 0x00,
  0x00, 0x00, 0x00, 0x00, 0x00, 0x00, 0x01, 0x55, 0x6D, 0x6E, 0xD6, 0xDB, 0xF6, 0xAA, 0xDB, 0x6B,
  0x56, 0xAA, 0xB5, 0xAA, 0xB7, 0x6E, 0xDA, 0xAB, 0xAD, 0x7B, 0x6E, 0xAB, 0xFF, 0xFF, 0xBD, 0x6F,
  0xFF, 0xFF, 0xFF, 0xFF, 0xFF, 0xFF, 0xFF, 0xFF, 0xBF, 0xEE, 0xDF, 0xFF, 0xFF, 0xFF, 0xFF, 0xFF,
  0xFF, 0xFF, 0xFF, 0x7D, 0xFF, 0x80, 0x00, 0x00, 0x00, 0x00, 0x00, 0x00, 0x00, 0x00, 0x00, 0x00,
  0x00, 0x00, 0x00, 0x00, 0x00, 0x00, 0x00, 0x00, 0x00, 0x00, 0x00, 0x00, 0x00, 0x00, 0x00, 0x00,
  0x00, 0x00, 0x00, 0x00, 0x00, 0x00, 0x00, 0x00, 0x00, 0x00, 0x00, 0x00, 0x00, 0x00, 0x00, 0x00,
  0x00, 0x00, 0x00, 0x00, 0x00, 0x00, 0x00, 0x00, 0x00, 0x00, 0x01, 0xB7, 0xB7, 0xB5, 0x6B, 0x6D,
  0x2B, 0x6D, 0x55, 0xB6, 0xED, 0xB5, 0xAA, 0xDD, 0xD5, 0xB5, 0x57, 0x75, 0x75, 0x4D, 0xB5, 0xDD,
  0xFF, 0xFF, 0xFF, 0xFF, 0xFF, 0xFF, 0xFF, 0xFF, 0xFF, 0xFF, 0xFF, 0xFF, 0xFA, 0xBF, 0xFF, 0xFF,
  0xFF, 0xFF, 0xFF, 0xFF, 0xFF, 0xFF, 0xFF, 0xFF, 0xFB, 0x80, 0x00, 0x00, 0x00, 0x00, 0x00, 0x00,
  0x00, 0x00, 0x00, 0x00, 0x00, 0x00, 0x00, 0x00, 0x00, 0x00, 0x00, 0x00, 0x00, 0x00, 0x00, 0x00,
  0x00, 0x00, 0x00, 0x00, 0x00, 0x00, 0x00, 0x00, 0x00, 0x00, 0x00, 0x00, 0x00, 0x00, 0x00, 0x00,
  0x00, 0x00, 0x00, 0x00, 0x00, 0x00, 0x00, 0x00, 0x00, 0x00, 0x00, 0x00, 0x00, 0x00, 0x00, 0xDA,
  0xFA, 0xAD, 0xBD, 0xB5, 0xDD, 0xB7, 0xBE, 0xDB, 0x5A, 0xDE, 0xDF, 0x6B, 0x5A, 0xAB, 0xBA, 0xDE,
  0xAE, 0xF5, 0x5A, 0xAB, 0x5F, 0xEE, 0xFF, 0x6E, 0xFF, 0x7F, 0xFF, 0xFF, 0xFF, 0xFF, 0xFF, 0xFD,
  0xDF, 0xEF, 0xF7, 0xB7, 0xBF, 0xFF, 0xFF, 0xFF, 0xFF, 0xFF, 0xFE, 0xDF, 0xFF, 0x80, 0x00, 0x00,
  0x00, 0x00, 0x00, 0x00, 0x00, 0x00, 0x00, 0x00, 0x00, 0x00, 0x00, 0x00, 0x00, 0x00, 0x00, 0x00,
  0x00, 0x00, 0x00, 0x00, 0x00, 0x00, 0x00, 0x00, 0x00, 0x00, 0x00, 0x00, 0x00, 0x00, 0x00, 0x00,
  0x00, 0x00, 0x00, 0x00, 0x00, 0x00, 0x00, 0x00, 0x00, 0x00, 0x00, 0x00, 0x00, 0x00, 0x00, 0x00,
  0x00, 0x00, 0x01, 0x6D, 0xAD, 0xB6, 0xD5, 0x56, 0xB6, 0xDA, 0xD3, 0x6D, 0x6F, 0x6A, 0xB2, 0xAD,
  0x6D, 0xBD, 0x57, 0x6B, 0x75, 0x57, 0xED, 0xB5, 0xFB, 0xBF, 0xF7, 0xFB, 0xDB, 0xFB, 0xFF, 0xFF,
  0xFF, 0xFF, 0xFF, 0xF7, 0x75, 0x5D, 0xBE, 0xFF, 0xFF, 0xFF, 0xFF, 0xFF, 0xFF, 0xFF, 0xFF, 0x6D,
  0xEF, 0x80, 0x00, 0x00, 0x00, 0x00, 0x00, 0x00, 0x00, 0x00, 0x00, 0x00, 0x00, 0x00, 0x00, 0x00,
  0x00, 0x00, 0x00, 0x00, 0x00, 0x00, 0x00, 0x00, 0x00, 0x00, 0x00, 0x00, 0x00, 0x00, 0x00, 0x00,
  0x00, 0x00, 0x00, 0x00, 0x00, 0x00, 0x00, 0x00, 0x00, 0x00, 0x00, 0x00, 0x00, 0x00, 0x00, 0x00,
  0x00, 0x00, 0x00, 0x00, 0x00, 0x00, 0x01, 0xB6, 0xF6, 0xDB, 0x56, 0xDB, 0x55, 0x55, 0x5D, 0xB6,
  0xD5, 0x56, 0xDD, 0xB6, 0xD6, 0xD5, 0xEA, 0xAA, 0xD7, 0x5A, 0x56, 0xDE, 0xAF, 0xFF, 0xFF, 0xBF,
  0xFF, 0xFF, 0xFF, 0xFF, 0xFF, 0xFF, 0xFF, 0xBF, 0xDF, 0xFF, 0xFF, 0xFF, 0xFF, 0xFF, 0xFF, 0xFF,
  0xFF, 0xFF, 0xFF, 0xAB, 0xBF, 0x80, 0x00, 0x00, 0x00, 0x00, 0x00, 0x00, 0x00, 0x00, 0x00, 0x00,
  0x00, 0x00, 0x00, 0x00, 0x00, 0x00, 0x00, 0x00, 0x00, 0x00, 0x00, 0x00, 0x00, 0x00, 0x00, 0x00,
  0x00, 0x00, 0x00, 0x00, 0x00, 0x00, 0x00, 0x00, 0x00, 0x00, 0x00, 0x00, 0x00, 0x00, 0x00, 0x00,
  0x00, 0x00, 0x00, 0x00, 0x00, 0x00, 0x00, 0x00, 0x00, 0x00, 0x00, 0xD7, 0x5B, 0x6D, 0xBB, 0x6D,
  0xED, 0xB6, 0xD5, 0x5B, 0x76, 0xEB, 0x6A, 0xDB, 0x7B, 0x5B, 0x3B, 0xDD, 0xB5, 0xB5, 0xBB, 0x6A,
  0xDE, 0xFF, 0xDE, 0xF6, 0xFF, 0xDF, 0x6F, 0xFF, 0xFF, 0xFF, 0xFD, 0xF6, 0xF5, 0x5F, 0xFB, 0xFF,
  0xFF, 0xFF, 0xFF, 0xFF, 0xFF, 0xFF, 0xFF, 0xD0, 0xFE, 0x80, 0x00, 0x00, 0x00, 0x00, 0x00, 0x00,
  0x00, 0x00, 0x00, 0x00, 0x00, 0x00, 0x00, 0x00, 0x00, 0x00, 0x00, 0x00, 0x00, 0x00, 0x00, 0x00,
  0x00, 0x00, 0x00, 0x00, 0x00, 0x00, 0x00, 0x00, 0x00, 0x00, 0x00, 0x00, 0x00, 0x00, 0x00, 0x00,
  0x00, 0x00, 0x00, 0x00, 0x00, 0x00, 0x00, 0x00, 0x00, 0x00, 0x00, 0x00, 0x00, 0x00, 0x01, 0x5A,
  0xED, 0xB6, 0xD5, 0xB6, 0x56, 0xDB, 0x6D, 0xD5, 0xAB, 0x5D, 0xB7, 0x6D, 0xAD, 0x6D, 0xD6, 0x6A,
  0xDA, 0xDE, 0xD5, 0xB7, 0x77, 0xFF, 0x7F, 0xFF, 0xAD, 0xFF, 0xFF, 0x7F, 0xFF, 0xFF, 0xB7, 0xDF,
  0x5E, 0xFB, 0x6F, 0xFF, 0xFF, 0xFF, 0xFF, 0xFF, 0xFF, 0xFF, 0xFF, 0x74, 0x1B, 0x80, 0x00, 0x00,
  0x00, 0x00, 0x00, 0x00, 0x00, 0x00, 0x00, 0x00, 0x00, 0x00, 0x00, 0x00, 0x00, 0x00, 0x00, 0x00,
  0x00, 0x00, 0x00, 0x00, 0x00, 0x00, 0x00, 0x00, 0x00, 0x00, 0x00, 0x00, 0x00, 0x00, 0x00, 0x00,
  0x00, 0x00, 0x00, 0x00, 0x00, 0x00, 0x00, 0x00, 0x00, 0x00, 0x00, 0x00, 0x00, 0x00, 0x00, 0x00,
  0x00, 0x00, 0x01, 0xB7, 0x76, 0xAB, 0x6E, 0xAB, 0xBB, 0x6D, 0xB6, 0xBA, 0xDD, 0x6A, 0xDA, 0xB5,
  0x6B, 0xB6, 0xAD, 0xB7, 0x6E, 0xAB, 0x6E, 0xDB, 0xDD, 0xFF, 0xFF, 0xFD, 0xFF, 0xFD, 0xFF, 0xFF,
  0xFF, 0xFE, 0xFF, 0x75, 0xEB, 0x7F, 0xFF, 0xFF, 0xFF, 0xFF, 0xFF, 0xFF, 0xFF, 0xFF, 0xFF, 0xFA,
  0x0F, 0x80, 0x00, 0x00, 0x00, 0x00, 0x00, 0x00, 0x00, 0x00, 0x00, 0x00, 0x00, 0x00, 0x00, 0x00,
  0x00, 0x00, 0x00, 0x00, 0x00, 0x00, 0x00, 0x00, 0x00, 0x00, 0x00, 0x00, 0x00, 0x00, 0x00, 0x00,
  0x00, 0x00, 0x00, 0x00, 0x00, 0x00, 0x00, 0x00, 0x00, 0x00, 0x00, 0x00, 0x00, 0x00, 0x00, 0x00,
  0x00, 0x00, 0x00, 0x00, 0x00, 0x00, 0x00, 0xDA, 0xAB, 0x6D, 0xB5, 0xB5, 0x55, 0x55, 0x5A, 0xD7,
  0x6B, 0xBF, 0x56, 0xD6, 0xDD, 0x5A, 0xDB, 0x5A, 0xB5, 0xED, 0xB5, 0xB6, 0xF7, 0xB7, 0xFF, 0xDF,
  0xFB, 0xBF, 0xFB, 0xFD, 0xFF, 0xDB, 0xFD, 0xDE, 0xB5, 0xEF, 0xFF, 0xBB, 0xFF, 0xFF, 0xFF, 0xFF,
  0xFF, 0xFF, 0xFF, 0xFD, 0x01, 0x80, 0x00, 0x00, 0x00, 0x00, 0x00, 0x00, 0x00, 0x00, 0x00, 0x00,
  0x00, 0x00, 0x00, 0x00, 0x00, 0x00, 0x00, 0x00, 0x00, 0x00, 0x00, 0x00, 0x00, 0x00, 0x00, 0x00,
  0x00, 0x00, 0x00, 0x00, 0x00, 0x00, 0x00, 0x00, 0x00, 0x00, 0x00, 0x00, 0x00, 0x00, 0x00, 0x00,
  0x00, 0x00, 0x00, 0x00, 0x00, 0x00, 0x00, 0x00, 0x00, 0x00, 0x01, 0x6B, 0xBD, 0xB6, 0xAA, 0xDD,
  0xB6, 0xDB, 0xAB, 0x6D, 0x55, 0x55, 0xBB, 0x6B, 0x6B, 0x6B, 0x6D, 0xED, 0xD6, 0xB6, 0xDF, 0x7F,
  0xBF, 0xFF, 0xFB, 0xFF, 0xBF, 0xF7, 0xEF, 0xF7, 0xF7, 0x7F, 0xD7, 0x75, 0xDF, 0xFD, 0xBE, 0xFF,
  0xFF, 0xFF, 0xFF, 0xFF, 0xFF, 0xFF, 0xFF, 0xEE, 0x80, 0x00, 0x00, 0x00, 0x00, 0x00, 0x00, 0x00,
  0x00, 0x00, 0x00, 0x00, 0x00, 0x00, 0x00, 0x00, 0x00, 0x00, 0x00, 0x00, 0x00, 0x00, 0x00, 0x00,
  0x00, 0x00, 0x00, 0x00, 0x00, 0x00, 0x00, 0x00, 0x00, 0x00, 0x00, 0x00, 0x00, 0x00, 0x00, 0x00,
  0x00, 0x00, 0x00, 0x00, 0x00, 0x00, 0x00, 0x00, 0x00, 0x00, 0x00, 0x00, 0x00, 0x00, 0x01, 0xB5,
  0x55, 0x5B, 0x77, 0x6A, 0xDB, 0x6D, 0x76, 0xB5, 0xBA, 0xEA, 0xD5, 0xB6, 0xDD, 0xAD, 0xB5, 0x36,
  0xBB, 0x5B, 0x75, 0xEE, 0xFF, 0xFD, 0xFF, 0xFE, 0xFE, 0xFF, 0xBF, 0xDF, 0xFF, 0xFF, 0xFD, 0xDF,
  0x7E, 0xFF, 0xF7, 0xFF, 0xFF, 0xFF, 0xFF, 0xFF, 0xF7, 0xFF, 0xFF, 0xFF, 0xF4, 0x00, 0x00, 0x00,
  0x00, 0x00, 0x00, 0x00, 0x00, 0x00, 0x00, 0x00, 0x00, 0x00, 0x00, 0x00, 0x00, 0x00, 0x00, 0x00,
  0x00, 0x00, 0x00, 0x00, 0x00, 0x00, 0x00, 0x00, 0x00, 0x00, 0x00, 0x00, 0x00, 0x00, 0x00, 0x00,
  0x00, 0x00, 0x00, 0x00, 0x00, 0x00, 0x00, 0x00, 0x00, 0x00, 0x00, 0x00, 0x00, 0x00, 0x00, 0x00,
  0x00, 0x00, 0x00, 0xDE, 0xEB, 0x6D, 0xAD, 0x57, 0x6D, 0x56, 0xAD, 0xDB, 0x57, 0x5E, 0xAD, 0x5B,
  0x6A, 0xB6, 0xAE, 0xDB, 0x55, 0xED, 0xDF, 0xFF, 0xFF, 0xFF, 0xFF, 0xBB, 0xF7, 0xDF, 0xFF, 0xFF,
  0xFF, 0xFF, 0xFF, 0xFF, 0xFB, 0xDB, 0xFF, 0xFF, 0xFF, 0xFF, 0xFF, 0xFF, 0xDF, 0xFF, 0xFF, 0xFF,
  0xDA, 0x80, 0x00, 0x00, 0x00, 0x00, 0x00, 0x00, 0x00, 0x00, 0x00, 0x00, 0x00, 0x00, 0x00, 0x00,
  0x00, 0x00, 0x00, 0x00, 0x00, 0x00, 0x00, 0x00, 0x00, 0x00, 0x00, 0x00, 0x00, 0x00, 0x00, 0x00,
  0x00, 0x00, 0x00, 0x00, 0x00, 0x00, 0x00, 0x00, 0x00, 0x00, 0x00, 0x00, 0x00, 0x00, 0x00, 0x00,
  0x00, 0x00, 0x00, 0x00, 0x00, 0x00, 0x01, 0x6B, 0x5D, 0xB5, 0x55, 0xBA, 0xAB, 0x75, 0xD6, 0xAD,
  0xDA, 0xEB, 0x76, 0xED, 0xB6, 0xDA, 0xD5, 0xAD, 0xEE, 0xBF, 0x7E, 0xFF, 0xFF, 0xFF, 0xBF, 0xFF,
  0xFF, 0xFD, 0xFF, 0x7F, 0xDF, 0xFF, 0x7F, 0xFF, 0xFF, 0xFF, 0x7F, 0xFF, 0xFF, 0xFF, 0xFF, 0xFF,
  0xFE, 0xFF, 0xFF, 0xF7, 0x7E, 0x80, 0x00, 0x00, 0x00, 0x00, 0x00, 0x00, 0x00, 0x00, 0x00, 0x00,
  0x00, 0x00, 0x00, 0x00, 0x00, 0x00, 0x00, 0x00, 0x00, 0x00, 0x00, 0x00, 0x00, 0x00, 0x00, 0x00,
  0x00, 0x00, 0x00, 0x00, 0x00, 0x00, 0x00, 0x00, 0x00, 0x00, 0x00, 0x00, 0x00, 0x00, 0x00, 0x00,
  0x00, 0x00, 0x00, 0x00, 0x00, 0x00, 0x00, 0x00, 0x00, 0x00, 0x01, 0xAA, 0xAA, 0xD6, 0xFB, 0x56,
  0xDD, 0xAE, 0xBB, 0x76, 0xAD, 0x5A, 0xDB, 0x56, 0xDB, 0x6B, 0x6D, 0xF6, 0xB7, 0xD5, 0xF7, 0xFF,
  0xFF, 0xFF, 0xFF, 0xFF, 0xFF, 0x7F, 0xFD, 0xFF, 0x7F, 0xFF, 0xFF, 0xF7, 0xFF, 0x7D, 0xF7, 0xFF,
  0xFF, 0xFF, 0xFF, 0xFF, 0xFF, 0xDF, 0xFF, 0xDF, 0xFF, 0x80, 0x00, 0x00, 0x00, 0x00, 0x00, 0x00,
  0x00, 0x00, 0x00, 0x00, 0x00, 0x00, 0x00, 0x00, 0x00, 0x00, 0x00, 0x00, 0x00, 0x00, 0x00, 0x00,
  0x00, 0x00, 0x00, 0x00, 0x00, 0x00, 0x00, 0x00, 0x00, 0x00, 0x00, 0x00, 0x00, 0x00, 0x00, 0x00,
  0x00, 0x00, 0x00, 0x00, 0x00, 0x00, 0x00, 0x00, 0x00, 0x00, 0x00, 0x00, 0x00, 0x00, 0x00, 0xDD,
  0xED, 0x5B, 0x4D, 0xEB, 0x6A, 0xB5, 0xD5, 0xAB, 0x77, 0xB7, 0x6A, 0xDB, 0x55, 0xAD, 0x56, 0x9B,
  0x5D, 0x7F, 0xFF, 0xFF, 0xFF, 0xFF, 0xF7, 0xFF, 0xFD, 0xF7, 0xB7, 0xFF, 0xFF, 0xFB, 0xFB, 0xDF,
  0x6D, 0xEF, 0xFF, 0xFF, 0xF7, 0xFF, 0xFF, 0xFF, 0xFF, 0xFF, 0xFF, 0xFF, 0xFB, 0x80, 0x00, 0x00,
  0x00, 0x00, 0x00, 0x00, 0x00, 0x00, 0x00, 0x00, 0x00, 0x00, 0x00, 0x00, 0x00, 0x00, 0x00, 0x00,
  0x00, 0x00, 0x00, 0x00, 0x00, 0x00, 0x00, 0x00, 0x00, 0x00, 0x00, 0x00, 0x00, 0x00, 0x00, 0x00,
  0x00, 0x00, 0x00, 0x00, 0x00, 0x00, 0x00, 0x00, 0x00, 0x00, 0x00, 0x00, 0x00, 0x00, 0x00, 0x00,
  0x00, 0x00, 0x01, 0x6A, 0xB7, 0xAD, 0x76, 0xB5, 0xB6, 0xD6, 0xAE, 0xDD, 0xAA, 0xDA, 0xB7, 0x6D,
  0x6E, 0xB6, 0xED, 0xED, 0xF7, 0xFF, 0xFF, 0xFF, 0xFF, 0xFF, 0xFF, 0xFF, 0xDF, 0xFF, 0xFF, 0xFB,
  0xFD, 0xBF, 0xFF, 0xFF, 0xFF, 0xFB, 0xDF, 0xFF, 0xFF, 0xFF, 0xFF, 0xFF, 0xFF, 0xF7, 0xFF, 0xFF,
  0xFF, 0x80, 0x00, 0x00, 0x00, 0x00, 0x00, 0x00, 0x00, 0x00, 0x00, 0x00, 0x00, 0x00, 0x00, 0x00,
  0x00, 0x00, 0x00, 0x00, 0x00, 0x00, 0x00, 0x00, 0x00, 0x00, 0x00, 0x00, 0x00, 0x00, 0x00, 0x00,
  0x00, 0x00, 0x00, 0x00, 0x00, 0x00, 0x00, 0x00, 0x00, 0x00, 0x00, 0x00, 0x00, 0x00, 0x00, 0x00,
  0x00, 0x00, 0x00, 0x00, 0x00, 0x00, 0x01, 0xB7, 0x5A, 0xF5, 0xAA, 0xAE, 0xAB, 0x6B, 0x75, 0x6A,
  0xB5, 0x6F, 0xDA, 0xB5, 0xB5, 0x5B, 0x5B, 0x5E, 0xDF, 0xFF, 0xFF, 0xFF, 0xFF, 0xFF, 0xFE, 0xFF,
  0x7F, 0xFF, 0xFF, 0xEF, 0xFF, 0xFF, 0xEF, 0xFF, 0xFF, 0xEF, 0x7F, 0xFF, 0xFF, 0xFF, 0xFF, 0xFF,
  0xFF, 0x7E, 0xFF, 0xFF, 0xEF, 0x80, 0x00, 0x00, 0x00, 0x00, 0x00, 0x00, 0x00, 0x00, 0x00, 0x00,
  0x00, 0x00, 0x00, 0x00, 0x00, 0x00, 0x00, 0x00, 0x00, 0x00, 0x00, 0x00, 0x00, 0x00, 0x00, 0x00,
  0x00, 0x00, 0x00, 0x00, 0x00, 0x00, 0x00, 0x00, 0x00, 0x00, 0x00, 0x00, 0x00, 0x00, 0x00, 0x00,
  0x00, 0x00, 0x00, 0x00, 0x00, 0x00, 0x00, 0x00, 0x00, 0x00, 0x00, 0xDA, 0xED, 0x56, 0xDD, 0xD5,
  0xDD, 0xBD, 0xAD, 0xB7, 0x5F, 0xB5, 0x6D, 0xD6, 0xD6, 0xEA, 0xED, 0xF7, 0xFD, 0xDF, 0xFF, 0xFF,
  0xFF, 0xFF, 0xFF, 0xFD, 0xFF, 0xFE, 0xEF, 0x7F, 0xEF, 0xFF, 0xBF, 0xFF, 0xF7, 0x7B, 0xFF, 0xFF,
  0xEF, 0xFF, 0xFF, 0xFF, 0xFF, 0xFF, 0xFF, 0xFF, 0xFF, 0x80, 0x00, 0x00, 0x00, 0x00, 0x00, 0x00,
  0x00, 0x00, 0x00, 0x00, 0x00, 0x00, 0x00, 0x00, 0x00, 0x00, 0x00, 0x00, 0x00, 0x00, 0x00, 0x00,
  0x00, 0x00, 0x00, 0x00, 0x00, 0x00, 0x00, 0x00, 0x00, 0x00, 0x00, 0x00, 0x00, 0x00, 0x00, 0x00,
  0x00, 0x00, 0x00, 0x00, 0x00, 0x00, 0x00, 0x00, 0x00, 0x00, 0x00, 0x00, 0x00, 0x00, 0x01, 0x55,
  0x56, 0xDB, 0x6B, 0x7A, 0xB5, 0x56, 0xDB, 0x5A, 0xE9, 0x6E, 0xB6, 0xBB, 0x5B, 0x5D, 0xB6, 0xBD,
  0xFF, 0xFF, 0xFF, 0xFF, 0xFF, 0xFF, 0xFF, 0xDF, 0xFF, 0xDF, 0xFF, 0xFF, 0xBF, 0xFE, 0xFF, 0x7D,
  0xDF, 0xFF, 0xFF, 0xFF, 0xFF, 0xFF, 0xFF, 0xFF, 0xFF, 0xFF, 0xBF, 0xFF, 0xFF, 0x80, 0x00, 0x00,
  0x00, 0x00, 0x00, 0x00, 0x00, 0x00, 0x00, 0x00, 0x00, 0x00, 0x00, 0x00, 0x00, 0x00, 0x00, 0x00,
  0x00, 0x00, 0x00, 0x00, 0x00, 0x00, 0x00, 0x00, 0x00, 0x00, 0x00, 0x00, 0x00, 0x00, 0x00, 0x00,
  0x00, 0x00, 0x00, 0x00, 0x00, 0x00, 0x00, 0x00, 0x00, 0x00, 0x00, 0x00, 0x00, 0x00, 0x00, 0x00,
  0x00, 0x00, 0x01, 0xB7, 0xBB, 0x6D, 0xAD, 0x4F, 0x5B, 0xB5, 0x6D, 0xED, 0xB7, 0xBB, 0xD5, 0x55,
  0x6D, 0xB6, 0xDF, 0xEF, 0xDF, 0xFF, 0xFF, 0xFF, 0xFF, 0xFF, 0xFF, 0xFF, 0xFF, 0x7F, 0xFF, 0xFE,
  0xFF, 0xEF, 0xFF, 0xF7, 0xFE, 0xD7, 0xFF, 0xFF, 0xDF, 0xFF, 0xFF, 0xFF, 0xFF, 0xFE, 0xF7, 0xFF,
  0xFF, 0x80, 0x00, 0x00, 0x00, 0x00, 0x00, 0x00, 0x00, 0x00, 0x00, 0x00, 0x00, 0x00, 0x00, 0x00,
  0x00, 0x00, 0x00, 0x00, 0x00, 0x00, 0x00, 0x00, 0x00, 0x00, 0x00, 0x00, 0x00, 0x00, 0x00, 0x00,
  0x00, 0x00, 0x00, 0x00, 0x00, 0x00, 0x00, 0x00, 0x00, 0x00, 0x00, 0x00, 0x00, 0x00, 0x00, 0x00,
  0x00, 0x00, 0x00, 0x00, 0x00, 0x00, 0x00, 0xDA, 0xD5, 0xB6, 0xB5, 0xB5, 0xED, 0x5B, 0xB6, 0xAB,
  0x5A, 0xD5, 0x5B, 0xDB, 0xB6, 0xDB, 0xB6, 0xFF, 0xFF, 0xFF, 0xFF, 0xFF, 0xFF, 0xFF, 0xFF, 0xFF,
  0xFF, 0xFF, 0xFD, 0xFB, 0xFE, 0xFF, 0xFF, 0xFF, 0xFB, 0xFE, 0xF7, 0xFF, 0xFF, 0xFF, 0xFF, 0xFF,
  0xFF, 0xFF, 0xFE, 0xFF, 0xFD, 0x80, 0x00, 0x00, 0x00, 0x00, 0x00, 0x00, 0x00, 0x00, 0x00, 0x00,
  0x00, 0x00, 0x00, 0x00, 0x00, 0x00, 0x00, 0x00, 0x00, 0x00, 0x00, 0x00, 0x00, 0x00, 0x00, 0x00,
  0x00, 0x00, 0x00, 0x00, 0x00, 0x00, 0x00, 0x00, 0x00, 0x00, 0x00, 0x00, 0x00, 0x00, 0x00, 0x00,
  0x00, 0x00, 0x00, 0x00, 0x00, 0x00, 0x00, 0x00, 0x00, 0x00, 0x01, 0x6D, 0x6E, 0xD5, 0xDA, 0xDA,
  0xB6, 0xED, 0x6B, 0x6D, 0xAE, 0xBE, 0xED, 0x6D, 0x5B, 0x6E, 0xFF, 0xFF, 0xFF, 0xFF, 0xFF, 0xFF,
  0xFF, 0xFF, 0xFF, 0xFF, 0xFF, 0xFE, 0xF7, 0xEF, 0xFF, 0xFF, 0xFF, 0xFF, 0xDF, 0x8F, 0xFF, 0xFF,
  0xBF, 0xFF, 0xFF, 0xFF, 0xFF, 0xFF, 0xFB, 0xFF, 0xDF, 0x80, 0x00, 0x00, 0x00, 0x00, 0x00, 0x00,
  0x00, 0x00, 0x00, 0x00, 0x00, 0x00, 0x00, 0x00, 0x00, 0x00, 0x00, 0x00, 0x00, 0x00, 0x00, 0x00,
  0x00, 0x00, 0x00, 0x00, 0x00, 0x00, 0x00, 0x00, 0x00, 0x00, 0x00, 0x00, 0x00, 0x00, 0x00, 0x00,
  0x00, 0x00, 0x00, 0x00, 0x00, 0x00, 0x00, 0x00, 0x00, 0x00, 0x00, 0x00, 0x00, 0x00, 0x01, 0xB7,
  0xB5, 0x6E, 0xAF, 0x6D, 0xAB, 0x56, 0xDD, 0xB6, 0xF5, 0xD5, 0x56, 0xAB, 0xED, 0xFB, 0xFF, 0xFF,
  0xFF, 0xFF, 0xFF, 0xFF, 0xFF, 0xFF, 0xFF, 0xF6, 0xFD, 0xFF, 0xFF, 0xFF, 0xFF, 0xFF, 0xFE, 0xFF,
  0xFF, 0x57, 0xFF, 0xFF, 0xFF, 0xFF, 0xFF, 0xFF, 0xFF, 0xFF, 0xFF, 0xBF, 0xFF, 0x80, 0x00, 0x00,
  0x00, 0x00, 0x00, 0x00, 0x00, 0x00, 0x00, 0x00, 0x00, 0x00, 0x00, 0x00, 0x00, 0x00, 0x00, 0x00,
  0x00, 0x00, 0x00, 0x00, 0x00, 0x00, 0x00, 0x00, 0x00, 0x00, 0x00, 0x00, 0x00, 0x00, 0x00, 0x00,
  0x00, 0x00, 0x00, 0x00, 0x00, 0x00, 0x00, 0x00, 0x00, 0x00, 0x00, 0x00, 0x00, 0x00, 0x00, 0x00,
  0x00, 0x00, 0x00, 0xDA, 0xAF, 0xB5, 0x69, 0x56, 0xDD, 0xBB, 0x6A, 0xDB, 0x5B, 0x6D, 0xBB, 0x76,
  0xB7, 0x6F, 0xDF, 0xFF, 0xFF, 0xFF, 0xFF, 0xFF, 0xFF, 0xFF, 0xFF, 0x7F, 0xFF, 0xFF, 0xFF, 0xFF,
  0xFB, 0xDD, 0xF7, 0xFE, 0xF6, 0x1F, 0x7F, 0xFF, 0xFF, 0xFF, 0xFF, 0xFF, 0xFF, 0xFF, 0xFF, 0xEB,
  0xFF, 0x80, 0x00, 0x00, 0x00, 0x00, 0x00, 0x00, 0x00, 0x00, 0x00, 0x00, 0x00, 0x00, 0x00, 0x00,
  0x00, 0x00, 0x00, 0x00, 0x00, 0x00, 0x00, 0x00, 0x00, 0x00, 0x00, 0x00, 0x00, 0x00, 0x00, 0x00,
  0x00, 0x00, 0x00, 0x00, 0x00, 0x00, 0x00, 0x00, 0x00, 0x00, 0x00, 0x00, 0x00, 0x00, 0x00, 0x00,
  0x00, 0x00, 0x00, 0x00, 0x00, 0x00, 0x01, 0x6D, 0xF5, 0x5B, 0xB6, 0xDB, 0x6A, 0xD5, 0xB7, 0x6D,
  0x6D, 0xB6, 0xD5, 0xAD, 0xDF, 0xFF, 0xFF, 0xFF, 0xFF, 0xFF, 0xFF, 0xFF, 0xFF, 0xFF, 0xF7, 0xD5,
  0x5F, 0xFF, 0xFF, 0xFF, 0xFF, 0xFF, 0xFF, 0xF7, 0xDE, 0x17, 0xFF, 0xFF, 0x7F, 0xFE, 0xFF, 0xFF,
  0xFF, 0xFF, 0xFE, 0xFF, 0x7F, 0x80, 0x00, 0x00, 0x00, 0x00, 0x00, 0x00, 0x00, 0x00, 0x00, 0x00,
  0x00, 0x00, 0x00, 0x00, 0x00, 0x00, 0x00, 0x00, 0x00, 0x00, 0x00, 0x00, 0x00, 0x00, 0x00, 0x00,
  0x00, 0x00, 0x00, 0x00, 0x00, 0x00, 0x00, 0x00, 0x00, 0x00, 0x00, 0x00, 0x00, 0x00, 0x00, 0x00,
  0x00, 0x00, 0x00, 0x00, 0x00, 0x00, 0x00, 0x00, 0x00, 0x00, 0x01, 0xB6, 0xAD, 0xAD, 0x5B, 0x6D,
  0x5D, 0x6E, 0xDA, 0xB6, 0xB6, 0xDB, 0x6D, 0x77, 0x7B, 0xFF, 0xFF, 0xFF, 0xFF, 0xFF, 0xFF, 0xFF,
  0xFF, 0xFF, 0xBD, 0xFF, 0xEF, 0xFF, 0xFF, 0xFF, 0xFF, 0xFF, 0xFF, 0xFF, 0xFC, 0x2F, 0xFF, 0xFF,
  0xFF, 0xFB, 0xFF, 0xFF, 0xFF, 0xFF, 0xFF, 0xFD, 0xFF, 0x80, 0x00, 0x00, 0x00, 0x00, 0x00, 0x00,
  0x00, 0x00, 0x00, 0x00, 0x00, 0x00, 0x00, 0x00, 0x00, 0x00, 0x00, 0x00, 0x00, 0x00, 0x00, 0x00,
  0x00, 0x00, 0x00, 0x00, 0x00, 0x00, 0x00, 0x00, 0x00, 0x00, 0x00, 0x00, 0x00, 0x00, 0x00, 0x00,
  0x00, 0x00, 0x00, 0x00, 0x00, 0x00, 0x00, 0x00, 0x00, 0x00, 0x00, 0x00, 0x00, 0x00, 0x01, 0x5B,
  0x76, 0xF6, 0xED, 0xB5, 0xEB, 0xB5, 0x6D, 0xDB, 0xD5, 0x6D, 0xB7, 0xBD, 0xEF, 0xFF, 0xFF, 0xFF,
  0xFF, 0xFF, 0xFF, 0xFF, 0xFF, 0xFB, 0xF7, 0x55, 0x55, 0xFF, 0xFF, 0xFF, 0xFF, 0xFF, 0xFF, 0xFF,
  0xF4, 0x3F, 0xFF, 0xFF, 0xFF, 0xEF, 0xFF, 0xFF, 0xFF, 0xFF, 0xFF, 0xF7, 0xDF, 0x80, 0x00, 0x00,
  0x00, 0x00, 0x00, 0x00, 0x00, 0x00, 0x00, 0x00, 0x00, 0x00, 0x00, 0x00, 0x00, 0x00, 0x00, 0x00,
  0x00, 0x00, 0x00, 0x00, 0x00, 0x00, 0x00, 0x00, 0x00, 0x00, 0x00, 0x00, 0x00, 0x00, 0x00, 0x00,
  0x00, 0x00, 0x00, 0x00, 0x00, 0x00, 0x00, 0x00, 0x00, 0x00, 0x00, 0x00, 0x00, 0x00, 0x00, 0x00,
  0x00, 0x00, 0x01, 0xED, 0xAD, 0xAB, 0x56, 0xAE, 0xB6, 0xDB, 0xB6, 0xAD, 0x5F, 0xB6, 0xDA, 0xEF,
  0xFF, 0xFF, 0xFF, 0xFF, 0xFF, 0xFF, 0xFF, 0xFF, 0xFF, 0x6E, 0xDD, 0xEE, 0xFB, 0xFF, 0xFF, 0xDF,
  0xFF, 0xFF, 0xFF, 0xFD, 0xB8, 0x2F, 0xFF, 0xFF, 0xFF, 0xFF, 0xDF, 0xFF, 0xFF, 0xFF, 0xFF, 0xFF,
  0xFB, 0x80, 0x00, 0x00, 0x00, 0x00, 0x00, 0x00, 0x00, 0x00, 0x00, 0x00, 0x00, 0x00, 0x00, 0x00,
  0x00, 0x00, 0x00, 0x00, 0x00, 0x00, 0x00, 0x00, 0x00, 0x00, 0x00, 0x00, 0x00, 0x00, 0x00, 0x00,
  0x00, 0x00, 0x00, 0x00, 0x00, 0x00, 0x00, 0x00, 0x00, 0x00, 0x00, 0x00, 0x00, 0x00, 0x00, 0x00,
  0x00, 0x00, 0x00, 0x00, 0x00, 0x00, 0x00, 0xB6, 0xDB, 0x5D, 0xBA, 0xD5, 0xAD, 0x6D, 0x5B, 0x76,
  0xEA, 0xDB, 0x6F, 0xBD, 0xFF, 0xFF, 0xFF, 0xFF, 0xFF, 0xFF, 0xFF, 0xFF, 0xED, 0xFF, 0x77, 0x5B,
  0x56, 0xBF, 0xFF, 0xFF, 0xFF, 0xFF, 0xFF, 0xFF, 0xF4, 0x7E, 0xFF, 0xFF, 0xFF, 0x5B, 0x7F, 0xFF,
  0xFF, 0xFF, 0xFF, 0xFF, 0x6F, 0x80, 0x00, 0x00, 0x00, 0x00, 0x00, 0x00, 0x00, 0x00, 0x00, 0x00,
  0x00, 0x00, 0x00, 0x00, 0x00, 0x00, 0x00, 0x00, 0x00, 0x00, 0x00, 0x00, 0x00, 0x00, 0x00, 0x00,
  0x00, 0x00, 0x00, 0x00, 0x00, 0x00, 0x00, 0x00, 0x00, 0x00, 0x00, 0x00, 0x00, 0x00, 0x00, 0x00,
  0x00, 0x00, 0x00, 0x00, 0x00, 0x00, 0x00, 0x00, 0x00, 0x00, 0x01, 0xAB, 0x6D, 0xB5, 0x6B, 0x7A,
  0xDB, 0xB6, 0xED, 0xAB, 0x5B, 0x6D, 0xBB, 0xFF, 0xFF, 0xFF, 0xFF, 0xFF, 0xFF, 0xFF, 0xFF, 0xFF,
  0x7F, 0xB5, 0xDA, 0xED, 0xBB, 0x5F, 0xFF, 0xFF, 0xFF, 0xFF, 0xFF, 0xF3, 0xD8, 0xBF, 0xFF, 0xFF,
  0xFD, 0xFF, 0xFF, 0xFF, 0xFF, 0xFF, 0xFF, 0xFF, 0xFD, 0x80, 0x00, 0x00, 0x00, 0x00, 0x00, 0x00,
  0x00, 0x00, 0x00, 0x00, 0x00, 0x00, 0x00, 0x00, 0x00, 0x00, 0x00, 0x00, 0x00, 0x00, 0x00, 0x00,
  0x00, 0x00, 0x00, 0x00, 0x00, 0x00, 0x00, 0x00, 0x00, 0x00, 0x00, 0x00, 0x00, 0x00, 0x00, 0x00,
  0x00, 0x00, 0x00, 0x00, 0x00, 0x00, 0x00, 0x00, 0x00, 0x00, 0x00, 0x00, 0x00, 0x00, 0x01, 0x7D,
  0xB6, 0xD6, 0xDD, 0xAF, 0x6D, 0x5B, 0x56, 0xFD, 0xB6, 0xB7, 0xFF, 0xFF, 0xFF, 0xFF, 0xFF, 0xFF,
  0xFF, 0xFF, 0xFF, 0xFB, 0xED, 0xDE, 0xB7, 0x56, 0xD5, 0xEB, 0xFF, 0xFF, 0xFF, 0xFF, 0xFF, 0xF7,
  0x70, 0xFF, 0xFF, 0xFF, 0xF7, 0x55, 0xED, 0xFF, 0xFF, 0xFF, 0xFF, 0xFF, 0xFF, 0x80, 0x00, 0x00,
  0x00, 0x00, 0x00, 0x00, 0x00, 0x00, 0x00, 0x00, 0x00, 0x00, 0x00, 0x00, 0x00, 0x00, 0x00, 0x00,
  0x00, 0x00, 0x00, 0x00, 0x00, 0x00, 0x00, 0x00, 0x00, 0x00, 0x00, 0x00, 0x00, 0x00, 0x00, 0x00,
  0x00, 0x00, 0x00, 0x00, 0x00, 0x00, 0x00, 0x00, 0x00, 0x00, 0x00, 0x00, 0x00, 0x00, 0x00, 0x00,
  0x00, 0x00, 0x01, 0xAB, 0x6D, 0x6D, 0xAA, 0xD5, 0xB6, 0xED, 0xBB, 0x4A, 0xEF, 0xFD, 0xBF, 0xFF,
  0xFF, 0xFF, 0xFF, 0xFF, 0xFF, 0xFF, 0xFF, 0xBF, 0x7B, 0x75, 0xDA, 0xFB, 0x6E, 0xB5, 0x7F, 0xFF,
  0xFF, 0xFF, 0xFF, 0xFB, 0xE1, 0x5B, 0xFF, 0xFF, 0xFD, 0xFF, 0x7F, 0xFF, 0xFF, 0xFF, 0xFF, 0xFF,
  0xF6, 0x80, 0x00, 0x00, 0x00, 0x00, 0x00, 0x00, 0x00, 0x00, 0x00, 0x00, 0x00, 0x00, 0x00, 0x00,
  0x00, 0x00, 0x00, 0x00, 0x00, 0x00, 0x00, 0x00, 0x00, 0x00, 0x00, 0x00, 0x00, 0x00, 0x00, 0x00,
  0x00, 0x00, 0x00, 0x00, 0x00, 0x00, 0x00, 0x00, 0x00, 0x00, 0x00, 0x00, 0x00, 0x00, 0x00, 0x00,
  0x00, 0x00, 0x00, 0x00, 0x00, 0x00, 0x00, 0xED, 0xDB, 0xB6, 0xEF, 0x7A, 0xDB, 0x56, 0xD5, 0xBF,
  0x7A, 0xD7, 0xFF, 0xFF, 0xFF, 0xFF, 0xFF, 0xFF, 0xFF, 0xFF, 0xFE, 0xF7, 0xDE, 0xDB, 0x6F, 0x4D,
  0xB6, 0xDE, 0xFF, 0xFF, 0xFF, 0xFF, 0xFF, 0xFF, 0xF1, 0xFF, 0xFF, 0xFF, 0xAB, 0x5B, 0xDF, 0xFF,
  0xFF, 0xFF, 0xFF, 0xFF, 0xDF, 0x80, 0x00, 0x00, 0x00, 0x00, 0x00, 0x00, 0x00, 0x00, 0x00, 0x00,
  0x00, 0x00, 0x00, 0x00, 0x00, 0x00, 0x00, 0x00, 0x00, 0x00, 0x00, 0x00, 0x00, 0x00, 0x00, 0x00
};
